{
  "api": {
    "AbortPaymentEvent": {
      "__compat": {
        "mdn_url": "https://developer.mozilla.org/docs/Web/API/AbortPaymentEvent",
        "support": {
          "chrome": {
            "version_added": "70"
          },
          "chrome_android": {
            "version_added": "70"
          },
          "edge": {
            "version_added": "79"
          },
          "firefox": {
            "version_added": false
          },
          "firefox_android": {
            "version_added": false
          },
          "ie": {
            "version_added": false
          },
          "opera": {
            "version_added": "57"
          },
          "opera_android": {
            "version_added": "49"
          },
          "safari": {
            "version_added": false
          },
          "safari_ios": {
            "version_added": false
          },
          "samsunginternet_android": {
            "version_added": true
          },
          "webview_android": {
            "version_added": false
          }
        },
        "status": {
          "experimental": true,
          "standard_track": false,
          "deprecated": false
        }
      },
      "AbortPaymentEvent": {
        "__compat": {
          "description": "<code>AbortPaymentEvent()</code> constructor",
          "mdn_url": "https://developer.mozilla.org/docs/Web/API/AbortPaymentEvent/AbortPaymentEvent",
          "support": {
            "chrome": {
              "version_added": "70"
            },
            "chrome_android": {
              "version_added": "70"
            },
            "edge": {
              "version_added": "79"
            },
            "firefox": {
              "version_added": false
            },
            "firefox_android": {
              "version_added": false
            },
            "ie": {
              "version_added": false
            },
            "opera": {
              "version_added": "57"
            },
            "opera_android": {
              "version_added": "49"
            },
            "safari": {
              "version_added": false
            },
            "safari_ios": {
              "version_added": false
            },
            "samsunginternet_android": {
              "version_added": true
            },
            "webview_android": {
              "version_added": false
            }
          },
          "status": {
            "experimental": true,
            "standard_track": false,
            "deprecated": false
          }
        }
      },
      "respondWith": {
        "__compat": {
          "mdn_url": "https://developer.mozilla.org/docs/Web/API/AbortPaymentEvent/respondWith",
          "support": {
            "chrome": {
              "version_added": "70"
            },
            "chrome_android": {
              "version_added": "70"
            },
            "edge": {
              "version_added": "79"
            },
            "firefox": {
              "version_added": false
            },
            "firefox_android": {
              "version_added": false
            },
            "ie": {
              "version_added": false
            },
            "opera": {
              "version_added": "57"
            },
            "opera_android": {
              "version_added": "49"
            },
            "safari": {
              "version_added": false
            },
            "safari_ios": {
              "version_added": false
            },
            "samsunginternet_android": {
              "version_added": true
            },
            "webview_android": {
              "version_added": false
            }
          },
          "status": {
            "experimental": true,
            "standard_track": false,
            "deprecated": false
          }
        }
      }
    }
  }
}
