{
  "api": {
    "AmbientLightSensor": {
      "__compat": {
        "mdn_url": "https://developer.mozilla.org/docs/Web/API/AmbientLightSensor",
        "support": {
          "chrome": {
            "version_added": "56",
            "flags": [
              {
                "type": "preference",
                "name": "#enable-experimental-web-platform-features",
                "value_to_set": "Enabled"
              }
            ]
          },
          "chrome_android": {
            "version_added": "56",
            "flags": [
              {
                "type": "preference",
                "name": "#enable-experimental-web-platform-features",
                "value_to_set": "Enabled"
              }
            ]
          },
          "edge": {
            "version_added": "79",
            "flags": [
              {
                "type": "preference",
                "name": "#enable-experimental-web-platform-features",
                "value_to_set": "Enabled"
              }
            ]
          },
          "firefox": {
            "version_added": false
          },
          "firefox_android": {
            "version_added": false
          },
          "ie": {
            "version_added": false
          },
          "opera": {
            "version_added": "43",
            "flags": [
              {
                "type": "preference",
                "name": "#enable-experimental-web-platform-features",
                "value_to_set": "Enabled"
              }
            ]
          },
          "opera_android": {
            "version_added": "43",
            "flags": [
              {
                "type": "preference",
                "name": "#enable-experimental-web-platform-features",
                "value_to_set": "Enabled"
              }
            ]
          },
          "safari": {
            "version_added": false
          },
          "safari_ios": {
            "version_added": false
          },
          "samsunginternet_android": {
            "version_added": false
          },
          "webview_android": {
            "version_added": false
          }
        },
        "status": {
          "experimental": false,
          "standard_track": true,
          "deprecated": false
        }
      },
      "AmbientLightSensor": {
        "__compat": {
          "description": "<code>AmbientLightSensor()</code> constructor",
          "mdn_url": "https://developer.mozilla.org/docs/Web/API/AmbientLightSensor/AmbientLightSensor",
          "support": {
            "chrome": {
              "version_added": "56"
            },
            "chrome_android": {
              "version_added": "56"
            },
            "edge": {
              "version_added": "79"
            },
            "firefox": {
              "version_added": false
            },
            "firefox_android": {
              "version_added": false
            },
            "ie": {
              "version_added": false
            },
            "opera": {
              "version_added": "43"
            },
            "opera_android": {
              "version_added": "43"
            },
            "safari": {
              "version_added": false
            },
            "safari_ios": {
              "version_added": false
            },
            "samsunginternet_android": {
              "version_added": false
            },
            "webview_android": {
              "version_added": false
            }
          },
          "status": {
            "experimental": false,
            "standard_track": true,
            "deprecated": false
          }
        }
      },
      "illuminance": {
        "__compat": {
          "mdn_url": "https://developer.mozilla.org/docs/Web/API/AmbientLightSensor/illuminance",
          "support": {
            "chrome": {
              "version_added": "56",
              "notes": "In Chrome 79, this method stopped returning floats and returned integers to avoid fingerprinting."
            },
            "chrome_android": {
              "version_added": "56",
              "notes": "In Chrome for Android 79, this method stopped returning floats and returned integers to avoid fingerprinting."
            },
            "edge": {
              "version_added": "79"
            },
            "firefox": {
              "version_added": false
            },
            "firefox_android": {
              "version_added": false
            },
            "ie": {
              "version_added": false
            },
            "opera": {
              "version_added": "43",
              "notes": "In Opera 66, this method stopped returning floats and returned integers to avoid fingerprinting."
            },
            "opera_android": {
              "version_added": "43",
              "notes": "In Opera for Android 57, this method stopped returning floats and returned integers to avoid fingerprinting."
            },
            "safari": {
              "version_added": false
            },
            "safari_ios": {
              "version_added": false
            },
            "samsunginternet_android": {
              "version_added": false
            },
            "webview_android": {
              "version_added": false
            }
          },
          "status": {
            "experimental": false,
            "standard_track": true,
            "deprecated": false
          }
        }
      }
    }
  }
}
