{
  "api": {
    "AnimationEvent": {
      "__compat": {
        "mdn_url": "https://developer.mozilla.org/docs/Web/API/AnimationEvent",
        "support": {
          "chrome": [
            {
              "version_added": "43"
            },
            {
              "version_added": "1",
              "version_removed": "70",
              "prefix": "WebKit"
            }
          ],
          "chrome_android": [
            {
              "version_added": "43"
            },
            {
              "version_added": "18",
              "version_removed": "70",
              "prefix": "WebKit"
            }
          ],
          "edge": {
            "version_added": "12"
          },
          "firefox": {
            "version_added": "6"
          },
          "firefox_android": {
            "version_added": "6"
          },
          "ie": {
            "version_added": "10"
          },
          "opera": [
            {
              "version_added": "30"
            },
            {
              "prefix": "WebKit",
              "version_added": "15",
              "version_removed": "57"
            },
            {
              "version_added": "12.1",
              "version_removed": "15"
            },
            {
              "prefix": "o",
              "version_added": "12",
              "version_removed": "15"
            }
          ],
          "opera_android": [
            {
              "version_added": "30"
            },
            {
              "prefix": "WebKit",
              "version_added": "14",
              "version_removed": "49"
            },
            {
              "version_added": "12.1",
              "version_removed": "14"
            },
            {
              "prefix": "o",
              "version_added": "12",
              "version_removed": "14"
            }
          ],
          "safari": [
            {
              "version_added": "9.1"
            },
            {
              "prefix": "WebKit",
              "version_added": "4"
            }
          ],
          "safari_ios": [
            {
              "version_added": "9.3"
            },
            {
              "prefix": "WebKit",
              "version_added": "3.2"
            }
          ],
          "samsunginternet_android": [
            {
              "version_added": "4.0"
            },
            {
              "prefix": "WebKit",
              "version_added": "1.0",
              "version_removed": "10.0"
            }
          ],
          "webview_android": [
            {
              "version_added": "43"
            },
            {
              "version_added": "1",
              "version_removed": "70",
              "prefix": "WebKit"
            }
          ]
        },
        "status": {
          "experimental": true,
          "standard_track": true,
          "deprecated": false
        }
      },
      "AnimationEvent": {
        "__compat": {
          "mdn_url": "https://developer.mozilla.org/docs/Web/API/AnimationEvent/AnimationEvent",
          "description": "<code>AnimationEvent()</code> constructor",
          "support": {
            "chrome": {
              "version_added": "43"
            },
            "chrome_android": {
              "version_added": "43"
            },
            "edge": {
              "version_added": "14"
            },
            "firefox": {
              "version_added": "23"
            },
            "firefox_android": {
              "version_added": "23"
            },
            "ie": {
              "version_added": false
            },
            "opera": {
              "version_added": false
            },
            "opera_android": {
              "version_added": false
            },
            "safari": {
              "version_added": false
            },
            "safari_ios": {
              "version_added": null
            },
            "samsunginternet_android": {
              "version_added": "4.0"
            },
            "webview_android": {
              "version_added": "43"
            }
          },
          "status": {
            "experimental": true,
            "standard_track": true,
            "deprecated": false
          }
        }
      },
      "animationName": {
        "__compat": {
          "mdn_url": "https://developer.mozilla.org/docs/Web/API/AnimationEvent/animationName",
          "support": {
            "chrome": {
              "version_added": "43"
            },
            "chrome_android": {
              "version_added": "43"
            },
            "edge": {
              "version_added": "12"
            },
            "firefox": {
              "version_added": "6"
            },
            "firefox_android": {
              "version_added": "6"
            },
            "ie": {
              "version_added": "10"
            },
            "opera": {
              "version_added": "30"
            },
            "opera_android": {
              "version_added": "30"
            },
            "safari": {
              "version_added": "9"
            },
            "safari_ios": {
              "version_added": "9"
            },
            "samsunginternet_android": {
              "version_added": "4.0"
            },
            "webview_android": {
              "version_added": "43"
            }
          },
          "status": {
            "experimental": true,
            "standard_track": true,
            "deprecated": false
          }
        }
      },
      "elapsedTime": {
        "__compat": {
          "mdn_url": "https://developer.mozilla.org/docs/Web/API/AnimationEvent/elapsedTime",
          "support": {
            "chrome": {
              "version_added": "43"
            },
            "chrome_android": {
              "version_added": "43"
            },
            "edge": {
              "version_added": "12"
            },
            "firefox": {
              "version_added": "6"
            },
            "firefox_android": {
              "version_added": "6"
            },
            "ie": {
              "version_added": "10"
            },
            "opera": {
              "version_added": "30"
            },
            "opera_android": {
              "version_added": "30"
            },
            "safari": {
              "version_added": "9"
            },
            "safari_ios": {
              "version_added": "9"
            },
            "samsunginternet_android": {
              "version_added": "4.0"
            },
            "webview_android": {
              "version_added": "43"
            }
          },
          "status": {
            "experimental": true,
            "standard_track": true,
            "deprecated": false
          }
        }
      },
      "initAnimationEvent": {
        "__compat": {
          "mdn_url": "https://developer.mozilla.org/docs/Web/API/AnimationEvent/initAnimationEvent",
          "support": {
            "chrome": {
              "alternative_name": "initWebKitAnimationEvent",
              "version_added": "1",
              "version_removed": "18"
            },
            "chrome_android": {
              "version_added": false
            },
            "edge": {
              "version_added": "12",
              "version_removed": "16"
            },
            "firefox": {
              "version_added": "6",
              "version_removed": "23"
            },
            "firefox_android": {
              "version_added": "6",
              "version_removed": "23"
            },
            "ie": {
              "version_added": "10"
            },
            "opera": {
              "version_added": "12.1",
              "version_removed": "15"
            },
            "opera_android": {
              "version_added": "12.1",
              "version_removed": "14"
            },
            "safari": {
              "alternative_name": "initWebKitAnimationEvent",
              "version_added": "4",
              "version_removed": "6"
            },
            "safari_ios": {
              "alternative_name": "initWebKitAnimationEvent",
              "version_added": "3.2",
              "version_removed": "6"
            },
            "samsunginternet_android": {
              "version_added": false
            },
            "webview_android": {
              "version_added": false
            }
          },
          "status": {
            "experimental": true,
            "standard_track": false,
            "deprecated": true
          }
        }
      },
      "pseudoElement": {
        "__compat": {
          "mdn_url": "https://developer.mozilla.org/docs/Web/API/AnimationEvent/pseudoElement",
          "support": {
            "chrome": {
              "version_added": "68"
            },
            "chrome_android": {
              "version_added": "68"
            },
            "edge": {
              "version_added": "79"
            },
            "firefox": {
              "version_added": "23"
            },
            "firefox_android": {
              "version_added": "23"
            },
            "ie": {
              "version_added": false
            },
            "opera": {
              "version_added": false
            },
            "opera_android": {
              "version_added": false
            },
            "safari": {
              "version_added": false
            },
            "safari_ios": {
              "version_added": false
            },
            "samsunginternet_android": {
              "version_added": "10.0"
            },
            "webview_android": {
              "version_added": "68"
            }
          },
          "status": {
            "experimental": true,
            "standard_track": true,
            "deprecated": false
          }
        }
      }
    }
  }
}
