{
  "api": {
    "ApplicationCache": {
      "__compat": {
        "support": {
          "chrome": {
            "version_added": "5",
            "version_removed": "85"
          },
          "chrome_android": {
            "version_added": "18",
            "version_removed": "85"
          },
          "edge": {
            "version_added": "12",
            "version_removed": "86"
          },
          "firefox": {
            "version_added": "3"
          },
          "firefox_android": {
            "version_added": "4"
          },
          "ie": {
            "version_added": "10"
          },
          "opera": {
            "version_added": "≤12.1",
            "version_removed": "71"
          },
          "opera_android": {
            "version_added": "≤12.1",
            "version_removed": "60"
          },
          "safari": {
            "version_added": "4"
          },
          "safari_ios": {
            "version_added": "3.1"
          },
          "samsunginternet_android": {
            "version_added": "1.0"
          },
          "webview_android": {
            "version_added": "≤37"
          }
        },
        "status": {
          "experimental": false,
          "standard_track": false,
          "deprecated": true
        }
      },
      "abort": {
        "__compat": {
          "support": {
            "chrome": {
              "version_added": "18",
              "version_removed": "85"
            },
            "chrome_android": {
              "version_added": "18",
              "version_removed": "85"
            },
            "edge": {
              "version_added": "12",
              "version_removed": "86"
            },
            "firefox": {
              "version_added": false
            },
            "firefox_android": {
              "version_added": false
            },
            "ie": {
              "version_added": "10"
            },
            "opera": {
              "version_added": "15",
              "version_removed": "71"
            },
            "opera_android": {
              "version_added": "14",
              "version_removed": "60"
            },
            "safari": {
              "version_added": "6"
            },
            "safari_ios": {
              "version_added": "6"
            },
            "samsunginternet_android": {
              "version_added": "1.0"
            },
            "webview_android": {
              "version_added": "≤37"
            }
          },
          "status": {
            "experimental": false,
            "standard_track": false,
            "deprecated": true
          }
        }
      },
      "oncached": {
        "__compat": {
          "support": {
            "chrome": {
              "version_added": "5",
              "version_removed": "85"
            },
            "chrome_android": {
              "version_added": "18",
              "version_removed": "85"
            },
            "edge": {
              "version_added": "12",
              "version_removed": "86"
            },
            "firefox": {
              "version_added": "3"
            },
            "firefox_android": {
              "version_added": "4"
            },
            "ie": {
              "version_added": "10"
            },
            "opera": {
              "version_added": "15",
              "version_removed": "71"
            },
            "opera_android": {
              "version_added": "14",
              "version_removed": "60"
            },
            "safari": {
              "version_added": "4"
            },
            "safari_ios": {
              "version_added": "3.1"
            },
            "samsunginternet_android": {
              "version_added": "1.0"
            },
            "webview_android": {
              "version_added": "≤37"
            }
          },
          "status": {
            "experimental": false,
            "standard_track": false,
            "deprecated": true
          }
        }
      },
      "onchecking": {
        "__compat": {
          "support": {
            "chrome": {
              "version_added": "5",
              "version_removed": "85"
            },
            "chrome_android": {
              "version_added": "18",
              "version_removed": "85"
            },
            "edge": {
              "version_added": "12",
              "version_removed": "86"
            },
            "firefox": {
              "version_added": "3"
            },
            "firefox_android": {
              "version_added": "4"
            },
            "ie": {
              "version_added": "10"
            },
            "opera": {
              "version_added": "15",
              "version_removed": "71"
            },
            "opera_android": {
              "version_added": "14",
              "version_removed": "60"
            },
            "safari": {
              "version_added": "4"
            },
            "safari_ios": {
              "version_added": "3.1"
            },
            "samsunginternet_android": {
              "version_added": "1.0"
            },
            "webview_android": {
              "version_added": "≤37"
            }
          },
          "status": {
            "experimental": false,
            "standard_track": false,
            "deprecated": true
          }
        }
      },
      "ondownloading": {
        "__compat": {
          "support": {
            "chrome": {
              "version_added": "5",
              "version_removed": "85"
            },
            "chrome_android": {
              "version_added": "18",
              "version_removed": "85"
            },
            "edge": {
              "version_added": "12",
              "version_removed": "86"
            },
            "firefox": {
              "version_added": "3"
            },
            "firefox_android": {
              "version_added": "4"
            },
            "ie": {
              "version_added": "10"
            },
            "opera": {
              "version_added": "15",
              "version_removed": "71"
            },
            "opera_android": {
              "version_added": "14",
              "version_removed": "60"
            },
            "safari": {
              "version_added": "4"
            },
            "safari_ios": {
              "version_added": "3.1"
            },
            "samsunginternet_android": {
              "version_added": "1.0"
            },
            "webview_android": {
              "version_added": "≤37"
            }
          },
          "status": {
            "experimental": false,
            "standard_track": false,
            "deprecated": true
          }
        }
      },
      "onerror": {
        "__compat": {
          "support": {
            "chrome": {
              "version_added": "5",
              "version_removed": "85"
            },
            "chrome_android": {
              "version_added": "18",
              "version_removed": "85"
            },
            "edge": {
              "version_added": "12",
              "version_removed": "86"
            },
            "firefox": {
              "version_added": "3"
            },
            "firefox_android": {
              "version_added": "4"
            },
            "ie": {
              "version_added": "10"
            },
            "opera": {
              "version_added": "15",
              "version_removed": "71"
            },
            "opera_android": {
              "version_added": "14",
              "version_removed": "60"
            },
            "safari": {
              "version_added": "4"
            },
            "safari_ios": {
              "version_added": "3.1"
            },
            "samsunginternet_android": {
              "version_added": "1.0"
            },
            "webview_android": {
              "version_added": "≤37"
            }
          },
          "status": {
            "experimental": false,
            "standard_track": false,
            "deprecated": true
          }
        }
      },
      "onnoupdate": {
        "__compat": {
          "support": {
            "chrome": {
              "version_added": "5",
              "version_removed": "85"
            },
            "chrome_android": {
              "version_added": "18",
              "version_removed": "85"
            },
            "edge": {
              "version_added": "12",
              "version_removed": "86"
            },
            "firefox": {
              "version_added": "3"
            },
            "firefox_android": {
              "version_added": "4"
            },
            "ie": {
              "version_added": "10"
            },
            "opera": {
              "version_added": "15",
              "version_removed": "71"
            },
            "opera_android": {
              "version_added": "14",
              "version_removed": "60"
            },
            "safari": {
              "version_added": "4"
            },
            "safari_ios": {
              "version_added": "3.1"
            },
            "samsunginternet_android": {
              "version_added": "1.0"
            },
            "webview_android": {
              "version_added": "≤37"
            }
          },
          "status": {
            "experimental": false,
            "standard_track": false,
            "deprecated": true
          }
        }
      },
      "onobsolete": {
        "__compat": {
          "support": {
            "chrome": {
              "version_added": "5",
              "version_removed": "85"
            },
            "chrome_android": {
              "version_added": "18",
              "version_removed": "85"
            },
            "edge": {
              "version_added": "12",
              "version_removed": "86"
            },
            "firefox": {
              "version_added": "3.5"
            },
            "firefox_android": {
              "version_added": "4"
            },
            "ie": {
              "version_added": "10"
            },
            "opera": {
              "version_added": "15",
              "version_removed": "71"
            },
            "opera_android": {
              "version_added": "14",
              "version_removed": "60"
            },
            "safari": {
              "version_added": "4"
            },
            "safari_ios": {
              "version_added": "3.1"
            },
            "samsunginternet_android": {
              "version_added": "1.0"
            },
            "webview_android": {
              "version_added": "≤37"
            }
          },
          "status": {
            "experimental": false,
            "standard_track": false,
            "deprecated": true
          }
        }
      },
      "onprogress": {
        "__compat": {
          "support": {
            "chrome": {
              "version_added": "5",
              "version_removed": "85"
            },
            "chrome_android": {
              "version_added": "18",
              "version_removed": "85"
            },
            "edge": {
              "version_added": "12",
              "version_removed": "86"
            },
            "firefox": {
              "version_added": "3"
            },
            "firefox_android": {
              "version_added": "4"
            },
            "ie": {
              "version_added": "10"
            },
            "opera": {
              "version_added": "15",
              "version_removed": "71"
            },
            "opera_android": {
              "version_added": "14",
              "version_removed": "60"
            },
            "safari": {
              "version_added": "4"
            },
            "safari_ios": {
              "version_added": "3.1"
            },
            "samsunginternet_android": {
              "version_added": "1.0"
            },
            "webview_android": {
              "version_added": "≤37"
            }
          },
          "status": {
            "experimental": false,
            "standard_track": false,
            "deprecated": true
          }
        }
      },
      "onupdateready": {
        "__compat": {
          "support": {
            "chrome": {
              "version_added": "5",
              "version_removed": "85"
            },
            "chrome_android": {
              "version_added": "18",
              "version_removed": "85"
            },
            "edge": {
              "version_added": "12",
              "version_removed": "86"
            },
            "firefox": {
              "version_added": "3"
            },
            "firefox_android": {
              "version_added": "4"
            },
            "ie": {
              "version_added": "10"
            },
            "opera": {
              "version_added": "15",
              "version_removed": "71"
            },
            "opera_android": {
              "version_added": "14",
              "version_removed": "60"
            },
            "safari": {
              "version_added": "4"
            },
            "safari_ios": {
              "version_added": "3.1"
            },
            "samsunginternet_android": {
              "version_added": "1.0"
            },
            "webview_android": {
              "version_added": "≤37"
            }
          },
          "status": {
            "experimental": false,
            "standard_track": false,
            "deprecated": true
          }
        }
      },
      "status": {
        "__compat": {
          "support": {
            "chrome": {
              "version_added": "5",
              "version_removed": "85"
            },
            "chrome_android": {
              "version_added": "18",
              "version_removed": "85"
            },
            "edge": {
              "version_added": "12",
              "version_removed": "86"
            },
            "firefox": {
              "version_added": "3"
            },
            "firefox_android": {
              "version_added": "4"
            },
            "ie": {
              "version_added": "10"
            },
            "opera": {
              "version_added": "≤12.1",
              "version_removed": "71"
            },
            "opera_android": {
              "version_added": "≤12.1",
              "version_removed": "60"
            },
            "safari": {
              "version_added": "4"
            },
            "safari_ios": {
              "version_added": "3.1"
            },
            "samsunginternet_android": {
              "version_added": "1.0"
            },
            "webview_android": {
              "version_added": "≤37"
            }
          },
          "status": {
            "experimental": false,
            "standard_track": false,
            "deprecated": true
          }
        }
      },
      "swapCache": {
        "__compat": {
          "support": {
            "chrome": {
              "version_added": "5",
              "version_removed": "85"
            },
            "chrome_android": {
              "version_added": "18",
              "version_removed": "85"
            },
            "edge": {
              "version_added": "12",
              "version_removed": "86"
            },
            "firefox": {
              "version_added": "3"
            },
            "firefox_android": {
              "version_added": "4"
            },
            "ie": {
              "version_added": "10"
            },
            "opera": {
              "version_added": "≤12.1",
              "version_removed": "71"
            },
            "opera_android": {
              "version_added": "≤12.1",
              "version_removed": "60"
            },
            "safari": {
              "version_added": "4"
            },
            "safari_ios": {
              "version_added": "3.1"
            },
            "samsunginternet_android": {
              "version_added": "1.0"
            },
            "webview_android": {
              "version_added": "≤37"
            }
          },
          "status": {
            "experimental": false,
            "standard_track": false,
            "deprecated": true
          }
        }
      },
      "update": {
        "__compat": {
          "support": {
            "chrome": {
              "version_added": "5",
              "version_removed": "85"
            },
            "chrome_android": {
              "version_added": "18",
              "version_removed": "85"
            },
            "edge": {
              "version_added": "12",
              "version_removed": "86"
            },
            "firefox": {
              "version_added": "3"
            },
            "firefox_android": {
              "version_added": "4"
            },
            "ie": {
              "version_added": "10"
            },
            "opera": {
              "version_added": "≤12.1",
              "version_removed": "71"
            },
            "opera_android": {
              "version_added": "≤12.1",
              "version_removed": "60"
            },
            "safari": {
              "version_added": "4"
            },
            "safari_ios": {
              "version_added": "3.1"
            },
            "samsunginternet_android": {
              "version_added": "1.0"
            },
            "webview_android": {
              "version_added": "≤37"
            }
          },
          "status": {
            "experimental": false,
            "standard_track": false,
            "deprecated": true
          }
        }
      }
    }
  }
}
