{
  "api": {
    "AudioTrack": {
      "__compat": {
        "mdn_url": "https://developer.mozilla.org/docs/Web/API/AudioTrack",
        "support": {
          "chrome": {
            "version_added": "37",
            "flags": [
              {
                "type": "preference",
                "name": "enable-experimental-web-platform-features",
                "value_to_set": "enabled"
              }
            ]
          },
          "chrome_android": {
            "version_added": "37",
            "flags": [
              {
                "type": "preference",
                "name": "enable-experimental-web-platform-features",
                "value_to_set": "enabled"
              }
            ]
          },
          "edge": [
            {
              "version_added": "79",
              "flags": [
                {
                  "type": "preference",
                  "name": "enable-experimental-web-platform-features",
                  "value_to_set": "enabled"
                }
              ]
            },
            {
              "version_added": "12",
              "version_removed": "79"
            }
          ],
          "firefox": {
            "version_added": "33",
            "flags": [
              {
                "type": "preference",
                "name": "media.track.enabled",
                "value_to_set": "true"
              }
            ]
          },
          "firefox_android": {
            "version_added": "33",
            "flags": [
              {
                "type": "preference",
                "name": "media.track.enabled",
                "value_to_set": "true"
              }
            ]
          },
          "ie": {
            "version_added": "10"
          },
          "opera": {
            "version_added": "24",
            "flags": [
              {
                "type": "preference",
                "name": "enable-experimental-web-platform-features",
                "value_to_set": "enabled"
              }
            ]
          },
          "opera_android": {
            "version_added": "24",
            "flags": [
              {
                "type": "preference",
                "name": "enable-experimental-web-platform-features",
                "value_to_set": "enabled"
              }
            ]
          },
          "safari": {
            "version_added": "6.1"
          },
          "safari_ios": {
            "version_added": "7"
          },
          "samsunginternet_android": {
            "version_added": false
          },
          "webview_android": {
            "version_added": false
          }
        },
        "status": {
          "experimental": false,
          "standard_track": true,
          "deprecated": false
        }
      },
      "enabled": {
        "__compat": {
          "mdn_url": "https://developer.mozilla.org/docs/Web/API/AudioTrack/enabled",
          "support": {
            "chrome": {
              "version_added": "37",
              "flags": [
                {
                  "type": "preference",
                  "name": "enable-experimental-web-platform-features",
                  "value_to_set": "enabled"
                }
              ]
            },
            "chrome_android": {
              "version_added": "37",
              "flags": [
                {
                  "type": "preference",
                  "name": "enable-experimental-web-platform-features",
                  "value_to_set": "enabled"
                }
              ]
            },
            "edge": [
              {
                "version_added": "79",
                "flags": [
                  {
                    "type": "preference",
                    "name": "enable-experimental-web-platform-features",
                    "value_to_set": "enabled"
                  }
                ]
              },
              {
                "version_added": "12",
                "version_removed": "79"
              }
            ],
            "firefox": {
              "version_added": "33",
              "flags": [
                {
                  "type": "preference",
                  "name": "media.track.enabled",
                  "value_to_set": "true"
                }
              ]
            },
            "firefox_android": {
              "version_added": "33",
              "flags": [
                {
                  "type": "preference",
                  "name": "media.track.enabled",
                  "value_to_set": "true"
                }
              ]
            },
            "ie": {
              "version_added": "10"
            },
            "opera": {
              "version_added": "24",
              "flags": [
                {
                  "type": "preference",
                  "name": "enable-experimental-web-platform-features",
                  "value_to_set": "enabled"
                }
              ]
            },
            "opera_android": {
              "version_added": "24",
              "flags": [
                {
                  "type": "preference",
                  "name": "enable-experimental-web-platform-features",
                  "value_to_set": "enabled"
                }
              ]
            },
            "safari": {
              "version_added": "6.1"
            },
            "safari_ios": {
              "version_added": "7"
            },
            "samsunginternet_android": {
              "version_added": false
            },
            "webview_android": {
              "version_added": false
            }
          },
          "status": {
            "experimental": false,
            "standard_track": true,
            "deprecated": false
          }
        }
      },
      "id": {
        "__compat": {
          "mdn_url": "https://developer.mozilla.org/docs/Web/API/AudioTrack/id",
          "support": {
            "chrome": {
              "version_added": "37",
              "flags": [
                {
                  "type": "preference",
                  "name": "enable-experimental-web-platform-features",
                  "value_to_set": "enabled"
                }
              ]
            },
            "chrome_android": {
              "version_added": "37",
              "flags": [
                {
                  "type": "preference",
                  "name": "enable-experimental-web-platform-features",
                  "value_to_set": "enabled"
                }
              ]
            },
            "edge": [
              {
                "version_added": "79",
                "flags": [
                  {
                    "type": "preference",
                    "name": "enable-experimental-web-platform-features",
                    "value_to_set": "enabled"
                  }
                ]
              },
              {
                "version_added": "12",
                "version_removed": "79"
              }
            ],
            "firefox": {
              "version_added": "33",
              "flags": [
                {
                  "type": "preference",
                  "name": "media.track.enabled",
                  "value_to_set": "true"
                }
              ]
            },
            "firefox_android": {
              "version_added": "33",
              "flags": [
                {
                  "type": "preference",
                  "name": "media.track.enabled",
                  "value_to_set": "true"
                }
              ]
            },
            "ie": {
              "version_added": "10"
            },
            "opera": {
              "version_added": "24",
              "flags": [
                {
                  "type": "preference",
                  "name": "enable-experimental-web-platform-features",
                  "value_to_set": "enabled"
                }
              ]
            },
            "opera_android": {
              "version_added": "24",
              "flags": [
                {
                  "type": "preference",
                  "name": "enable-experimental-web-platform-features",
                  "value_to_set": "enabled"
                }
              ]
            },
            "safari": {
              "version_added": "6.1"
            },
            "safari_ios": {
              "version_added": "7"
            },
            "samsunginternet_android": {
              "version_added": false
            },
            "webview_android": {
              "version_added": false
            }
          },
          "status": {
            "experimental": false,
            "standard_track": true,
            "deprecated": false
          }
        }
      },
      "kind": {
        "__compat": {
          "mdn_url": "https://developer.mozilla.org/docs/Web/API/AudioTrack/kind",
          "support": {
            "chrome": {
              "version_added": "37",
              "flags": [
                {
                  "type": "preference",
                  "name": "enable-experimental-web-platform-features",
                  "value_to_set": "enabled"
                }
              ]
            },
            "chrome_android": {
              "version_added": "37",
              "flags": [
                {
                  "type": "preference",
                  "name": "enable-experimental-web-platform-features",
                  "value_to_set": "enabled"
                }
              ]
            },
            "edge": [
              {
                "version_added": "79",
                "flags": [
                  {
                    "type": "preference",
                    "name": "enable-experimental-web-platform-features",
                    "value_to_set": "enabled"
                  }
                ]
              },
              {
                "version_added": "12",
                "version_removed": "79"
              }
            ],
            "firefox": {
              "version_added": "33",
              "flags": [
                {
                  "type": "preference",
                  "name": "media.track.enabled",
                  "value_to_set": "true"
                }
              ]
            },
            "firefox_android": {
              "version_added": "33",
              "flags": [
                {
                  "type": "preference",
                  "name": "media.track.enabled",
                  "value_to_set": "true"
                }
              ]
            },
            "ie": {
              "version_added": "10"
            },
            "opera": {
              "version_added": "24",
              "flags": [
                {
                  "type": "preference",
                  "name": "enable-experimental-web-platform-features",
                  "value_to_set": "enabled"
                }
              ]
            },
            "opera_android": {
              "version_added": "24",
              "flags": [
                {
                  "type": "preference",
                  "name": "enable-experimental-web-platform-features",
                  "value_to_set": "enabled"
                }
              ]
            },
            "safari": {
              "version_added": "6.1"
            },
            "safari_ios": {
              "version_added": "7"
            },
            "samsunginternet_android": {
              "version_added": false
            },
            "webview_android": {
              "version_added": false
            }
          },
          "status": {
            "experimental": false,
            "standard_track": true,
            "deprecated": false
          }
        }
      },
      "label": {
        "__compat": {
          "mdn_url": "https://developer.mozilla.org/docs/Web/API/AudioTrack/label",
          "support": {
            "chrome": {
              "version_added": "37",
              "flags": [
                {
                  "type": "preference",
                  "name": "enable-experimental-web-platform-features",
                  "value_to_set": "enabled"
                }
              ]
            },
            "chrome_android": {
              "version_added": "37",
              "flags": [
                {
                  "type": "preference",
                  "name": "enable-experimental-web-platform-features",
                  "value_to_set": "enabled"
                }
              ]
            },
            "edge": [
              {
                "version_added": "79",
                "flags": [
                  {
                    "type": "preference",
                    "name": "enable-experimental-web-platform-features",
                    "value_to_set": "enabled"
                  }
                ]
              },
              {
                "version_added": "12",
                "version_removed": "79"
              }
            ],
            "firefox": {
              "version_added": "33",
              "flags": [
                {
                  "type": "preference",
                  "name": "media.track.enabled",
                  "value_to_set": "true"
                }
              ]
            },
            "firefox_android": {
              "version_added": "33",
              "flags": [
                {
                  "type": "preference",
                  "name": "media.track.enabled",
                  "value_to_set": "true"
                }
              ]
            },
            "ie": {
              "version_added": "10"
            },
            "opera": {
              "version_added": "24",
              "flags": [
                {
                  "type": "preference",
                  "name": "enable-experimental-web-platform-features",
                  "value_to_set": "enabled"
                }
              ]
            },
            "opera_android": {
              "version_added": "24",
              "flags": [
                {
                  "type": "preference",
                  "name": "enable-experimental-web-platform-features",
                  "value_to_set": "enabled"
                }
              ]
            },
            "safari": {
              "version_added": "6.1"
            },
            "safari_ios": {
              "version_added": "7"
            },
            "samsunginternet_android": {
              "version_added": false
            },
            "webview_android": {
              "version_added": false
            }
          },
          "status": {
            "experimental": false,
            "standard_track": true,
            "deprecated": false
          }
        }
      },
      "language": {
        "__compat": {
          "mdn_url": "https://developer.mozilla.org/docs/Web/API/AudioTrack/language",
          "support": {
            "chrome": {
              "version_added": "37",
              "flags": [
                {
                  "type": "preference",
                  "name": "enable-experimental-web-platform-features",
                  "value_to_set": "enabled"
                }
              ]
            },
            "chrome_android": {
              "version_added": "37",
              "flags": [
                {
                  "type": "preference",
                  "name": "enable-experimental-web-platform-features",
                  "value_to_set": "enabled"
                }
              ]
            },
            "edge": [
              {
                "version_added": "79",
                "flags": [
                  {
                    "type": "preference",
                    "name": "enable-experimental-web-platform-features",
                    "value_to_set": "enabled"
                  }
                ]
              },
              {
                "version_added": "12",
                "version_removed": "79"
              }
            ],
            "firefox": {
              "version_added": "33",
              "flags": [
                {
                  "type": "preference",
                  "name": "media.track.enabled",
                  "value_to_set": "true"
                }
              ]
            },
            "firefox_android": {
              "version_added": "33",
              "flags": [
                {
                  "type": "preference",
                  "name": "media.track.enabled",
                  "value_to_set": "true"
                }
              ]
            },
            "ie": {
              "version_added": "10"
            },
            "opera": {
              "version_added": "24",
              "flags": [
                {
                  "type": "preference",
                  "name": "enable-experimental-web-platform-features",
                  "value_to_set": "enabled"
                }
              ]
            },
            "opera_android": {
              "version_added": "24",
              "flags": [
                {
                  "type": "preference",
                  "name": "enable-experimental-web-platform-features",
                  "value_to_set": "enabled"
                }
              ]
            },
            "safari": {
              "version_added": "6.1"
            },
            "safari_ios": {
              "version_added": "7"
            },
            "samsunginternet_android": {
              "version_added": false
            },
            "webview_android": {
              "version_added": false
            }
          },
          "status": {
            "experimental": false,
            "standard_track": true,
            "deprecated": false
          }
        }
      },
      "sourceBuffer": {
        "__compat": {
          "mdn_url": "https://developer.mozilla.org/docs/Web/API/AudioTrack/sourceBuffer",
          "support": {
            "chrome": {
              "version_added": "51",
              "flags": [
                {
                  "type": "preference",
                  "name": "enable-experimental-web-platform-features",
                  "value_to_set": "enabled"
                }
              ]
            },
            "chrome_android": {
              "version_added": "51",
              "flags": [
                {
                  "type": "preference",
                  "name": "enable-experimental-web-platform-features",
                  "value_to_set": "enabled"
                }
              ]
            },
            "edge": [
              {
                "version_added": "79",
                "flags": [
                  {
                    "type": "preference",
                    "name": "enable-experimental-web-platform-features",
                    "value_to_set": "enabled"
                  }
                ]
              },
              {
                "version_added": "12",
                "version_removed": "79"
              }
            ],
            "firefox": {
              "version_added": false
            },
            "firefox_android": {
              "version_added": false
            },
            "ie": {
              "version_added": "11"
            },
            "opera": {
              "version_added": "38",
              "flags": [
                {
                  "type": "preference",
                  "name": "enable-experimental-web-platform-features",
                  "value_to_set": "enabled"
                }
              ]
            },
            "opera_android": {
              "version_added": "41",
              "flags": [
                {
                  "type": "preference",
                  "name": "enable-experimental-web-platform-features",
                  "value_to_set": "enabled"
                }
              ]
            },
            "safari": {
              "version_added": "6.1"
            },
            "safari_ios": {
              "version_added": "7"
            },
            "samsunginternet_android": {
              "version_added": false
            },
            "webview_android": {
              "version_added": false
            }
          },
          "status": {
            "experimental": false,
            "standard_track": true,
            "deprecated": false
          }
        }
      }
    }
  }
}
