{
  "api": {
    "AudioWorkletNode": {
      "__compat": {
        "mdn_url": "https://developer.mozilla.org/docs/Web/API/AudioWorkletNode",
        "support": {
          "chrome": {
            "version_added": "66"
          },
          "chrome_android": {
            "version_added": "66"
          },
          "edge": {
            "version_added": "79"
          },
          "firefox": {
            "version_added": "76"
          },
          "firefox_android": {
            "version_added": "79"
          },
          "ie": {
            "version_added": false
          },
          "opera": {
            "version_added": true
          },
          "opera_android": {
            "version_added": true
          },
          "safari": {
            "version_added": false
          },
          "safari_ios": {
            "version_added": false
          },
          "samsunginternet_android": {
            "version_added": "9.0"
          },
          "webview_android": {
            "version_added": "66"
          }
        },
        "status": {
          "experimental": false,
          "standard_track": true,
          "deprecated": false
        }
      },
      "AudioWorkletNode": {
        "__compat": {
          "mdn_url": "https://developer.mozilla.org/docs/Web/API/AudioWorkletNode/AudioWorkletNode",
          "description": "<code>AudioWorkletNode()</code> constructor",
          "support": {
            "chrome": {
              "version_added": "66"
            },
            "chrome_android": {
              "version_added": "66"
            },
            "edge": {
              "version_added": "79"
            },
            "firefox": {
              "version_added": "76"
            },
            "firefox_android": {
              "version_added": "79"
            },
            "ie": {
              "version_added": false
            },
            "opera": {
              "version_added": null
            },
            "opera_android": {
              "version_added": null
            },
            "safari": {
              "version_added": false
            },
            "safari_ios": {
              "version_added": false
            },
            "samsunginternet_android": {
              "version_added": "9.0"
            },
            "webview_android": {
              "version_added": "66"
            }
          },
          "status": {
            "experimental": false,
            "standard_track": true,
            "deprecated": false
          }
        }
      },
      "onprocessorerror": {
        "__compat": {
          "mdn_url": "https://developer.mozilla.org/docs/Web/API/AudioWorkletNode/onprocessorerror",
          "support": {
            "chrome": {
              "version_added": "67"
            },
            "chrome_android": {
              "version_added": "67"
            },
            "edge": {
              "version_added": "79"
            },
            "firefox": {
              "version_added": "76"
            },
            "firefox_android": {
              "version_added": "79"
            },
            "ie": {
              "version_added": false
            },
            "opera": {
              "version_added": null
            },
            "opera_android": {
              "version_added": null
            },
            "safari": {
              "version_added": false
            },
            "safari_ios": {
              "version_added": false
            },
            "samsunginternet_android": {
              "version_added": "9.0"
            },
            "webview_android": {
              "version_added": "67"
            }
          },
          "status": {
            "experimental": false,
            "standard_track": true,
            "deprecated": false
          }
        }
      },
      "parameters": {
        "__compat": {
          "mdn_url": "https://developer.mozilla.org/docs/Web/API/AudioWorkletNode/parameters",
          "support": {
            "chrome": {
              "version_added": "67"
            },
            "chrome_android": {
              "version_added": "67"
            },
            "edge": {
              "version_added": "79"
            },
            "firefox": {
              "version_added": "76"
            },
            "firefox_android": {
              "version_added": "79"
            },
            "ie": {
              "version_added": false
            },
            "opera": {
              "version_added": true
            },
            "opera_android": {
              "version_added": true
            },
            "safari": {
              "version_added": false
            },
            "safari_ios": {
              "version_added": false
            },
            "samsunginternet_android": {
              "version_added": "9.0"
            },
            "webview_android": {
              "version_added": "67"
            }
          },
          "status": {
            "experimental": false,
            "standard_track": true,
            "deprecated": false
          }
        }
      },
      "port": {
        "__compat": {
          "mdn_url": "https://developer.mozilla.org/docs/Web/API/AudioWorkletNode/port",
          "support": {
            "chrome": {
              "version_added": "67"
            },
            "chrome_android": {
              "version_added": "67"
            },
            "edge": {
              "version_added": "79"
            },
            "firefox": {
              "version_added": "76"
            },
            "firefox_android": {
              "version_added": "79"
            },
            "ie": {
              "version_added": false
            },
            "opera": {
              "version_added": true
            },
            "opera_android": {
              "version_added": true
            },
            "safari": {
              "version_added": false
            },
            "safari_ios": {
              "version_added": false
            },
            "samsunginternet_android": {
              "version_added": "9.0"
            },
            "webview_android": {
              "version_added": "67"
            }
          },
          "status": {
            "experimental": false,
            "standard_track": true,
            "deprecated": false
          }
        }
      },
      "processorerror_event": {
        "__compat": {
          "description": "<code>processorerror</code> event",
          "mdn_url": "https://developer.mozilla.org/docs/Web/API/AudioWorkletNode/processorerror_event",
          "support": {
            "chrome": {
              "version_added": "66"
            },
            "chrome_android": {
              "version_added": "66"
            },
            "edge": {
              "version_added": "79"
            },
            "firefox": {
              "version_added": "76"
            },
            "firefox_android": {
              "version_added": "79"
            },
            "ie": {
              "version_added": false
            },
            "opera": {
              "version_added": null
            },
            "opera_android": {
              "version_added": null
            },
            "safari": {
              "version_added": false
            },
            "safari_ios": {
              "version_added": false
            },
            "samsunginternet_android": {
              "version_added": "9.0"
            },
            "webview_android": {
              "version_added": "66"
            }
          },
          "status": {
            "experimental": false,
            "standard_track": true,
            "deprecated": false
          }
        }
      }
    }
  }
}
