{
  "api": {
    "AudioListener": {
      "__compat": {
        "mdn_url": "https://developer.mozilla.org/docs/Web/API/AudioListener",
        "support": {
          "chrome": {
            "version_added": "14"
          },
          "chrome_android": {
            "version_added": "18"
          },
          "edge": {
            "version_added": "12"
          },
          "firefox": {
            "version_added": "25"
          },
          "firefox_android": {
            "version_added": "26"
          },
          "ie": {
            "version_added": false
          },
          "opera": {
            "version_added": "15"
          },
          "opera_android": {
            "version_added": "14"
          },
          "safari": {
            "version_added": "6"
          },
          "safari_ios": {
            "version_added": true
          },
          "samsunginternet_android": {
            "version_added": "1.0"
          },
          "webview_android": {
            "version_added": "≤37"
          }
        },
        "status": {
          "experimental": false,
          "standard_track": true,
          "deprecated": false
        }
      },
      "dopplerFactor": {
        "__compat": {
          "mdn_url": "https://developer.mozilla.org/docs/Web/API/AudioListener/dopplerFactor",
          "support": {
            "chrome": {
              "version_added": "14",
              "version_removed": "56"
            },
            "chrome_android": {
              "version_added": "18",
              "version_removed": "56"
            },
            "edge": {
              "version_added": "12",
              "version_removed": "79"
            },
            "firefox": {
              "version_added": "25",
              "version_removed": "63"
            },
            "firefox_android": {
              "version_added": "26",
              "version_removed": "63"
            },
            "ie": {
              "version_added": false
            },
            "opera": {
              "version_added": "15",
              "version_removed": "43"
            },
            "opera_android": {
              "version_added": "14",
              "version_removed": "43"
            },
            "safari": {
              "version_added": "6"
            },
            "safari_ios": {
              "version_added": null
            },
            "samsunginternet_android": {
              "version_added": "1.0",
              "version_removed": "6.0"
            },
            "webview_android": {
              "version_added": "≤37",
              "version_removed": "56"
            }
          },
          "status": {
            "experimental": false,
            "standard_track": true,
            "deprecated": true
          }
        }
      },
      "forwardX": {
        "__compat": {
          "mdn_url": "https://developer.mozilla.org/docs/Web/API/AudioListener/forwardX",
          "support": {
            "chrome": {
              "version_added": "52"
            },
            "chrome_android": {
              "version_added": "52"
            },
            "edge": {
              "version_added": "79"
            },
            "firefox": {
              "version_added": false,
              "notes": "Supports a deprecated way of setting orientation - the <code>setOrientation()</code> method."
            },
            "firefox_android": {
              "version_added": false,
              "notes": "Supports a deprecated way of setting orientation - the <code>setOrientation()</code> method."
            },
            "ie": {
              "version_added": false
            },
            "opera": {
              "version_added": "39"
            },
            "opera_android": {
              "version_added": "41"
            },
            "safari": {
              "version_added": false
            },
            "safari_ios": {
              "version_added": false
            },
            "samsunginternet_android": {
              "version_added": "6.0"
            },
            "webview_android": {
              "version_added": "52"
            }
          },
          "status": {
            "experimental": false,
            "standard_track": true,
            "deprecated": false
          }
        }
      },
      "forwardY": {
        "__compat": {
          "mdn_url": "https://developer.mozilla.org/docs/Web/API/AudioListener/forwardY",
          "support": {
            "chrome": {
              "version_added": "52"
            },
            "chrome_android": {
              "version_added": "52"
            },
            "edge": {
              "version_added": "79"
            },
            "firefox": {
              "version_added": false,
              "notes": "Supports a deprecated way of setting orientation - the <code>setOrientation()</code> method."
            },
            "firefox_android": {
              "version_added": false,
              "notes": "Supports a deprecated way of setting orientation - the <code>setOrientation()</code> method."
            },
            "ie": {
              "version_added": false
            },
            "opera": {
              "version_added": "39"
            },
            "opera_android": {
              "version_added": "41"
            },
            "safari": {
              "version_added": false
            },
            "safari_ios": {
              "version_added": false
            },
            "samsunginternet_android": {
              "version_added": "6.0"
            },
            "webview_android": {
              "version_added": "52"
            }
          },
          "status": {
            "experimental": false,
            "standard_track": true,
            "deprecated": false
          }
        }
      },
      "forwardZ": {
        "__compat": {
          "mdn_url": "https://developer.mozilla.org/docs/Web/API/AudioListener/forwardZ",
          "support": {
            "chrome": {
              "version_added": "52"
            },
            "chrome_android": {
              "version_added": "52"
            },
            "edge": {
              "version_added": "79"
            },
            "firefox": {
              "version_added": false,
              "notes": "Supports a deprecated way of setting orientation - the <code>setOrientation()</code> method."
            },
            "firefox_android": {
              "version_added": false,
              "notes": "Supports a deprecated way of setting orientation - the <code>setOrientation()</code> method."
            },
            "ie": {
              "version_added": false
            },
            "opera": {
              "version_added": "39"
            },
            "opera_android": {
              "version_added": "41"
            },
            "safari": {
              "version_added": false
            },
            "safari_ios": {
              "version_added": false
            },
            "samsunginternet_android": {
              "version_added": "6.0"
            },
            "webview_android": {
              "version_added": "52"
            }
          },
          "status": {
            "experimental": false,
            "standard_track": true,
            "deprecated": false
          }
        }
      },
      "positionX": {
        "__compat": {
          "mdn_url": "https://developer.mozilla.org/docs/Web/API/AudioListener/positionX",
          "support": {
            "chrome": {
              "version_added": "52"
            },
            "chrome_android": {
              "version_added": "52"
            },
            "edge": {
              "version_added": "79"
            },
            "firefox": {
              "version_added": false,
              "notes": "Supports a deprecated way of setting orientation - the <code>setOrientation()</code> method."
            },
            "firefox_android": {
              "version_added": false,
              "notes": "Supports a deprecated way of setting orientation - the <code>setOrientation()</code> method."
            },
            "ie": {
              "version_added": false
            },
            "opera": {
              "version_added": "39"
            },
            "opera_android": {
              "version_added": "41"
            },
            "safari": {
              "version_added": false
            },
            "safari_ios": {
              "version_added": false
            },
            "samsunginternet_android": {
              "version_added": "6.0"
            },
            "webview_android": {
              "version_added": "52"
            }
          },
          "status": {
            "experimental": false,
            "standard_track": true,
            "deprecated": false
          }
        }
      },
      "positionY": {
        "__compat": {
          "mdn_url": "https://developer.mozilla.org/docs/Web/API/AudioListener/positionY",
          "support": {
            "chrome": {
              "version_added": "52"
            },
            "chrome_android": {
              "version_added": "52"
            },
            "edge": {
              "version_added": "79"
            },
            "firefox": {
              "version_added": false,
              "notes": "Supports a deprecated way of setting orientation - the <code>setOrientation()</code> method."
            },
            "firefox_android": {
              "version_added": false,
              "notes": "Supports a deprecated way of setting orientation - the <code>setOrientation()</code> method."
            },
            "ie": {
              "version_added": false
            },
            "opera": {
              "version_added": "39"
            },
            "opera_android": {
              "version_added": "41"
            },
            "safari": {
              "version_added": false
            },
            "safari_ios": {
              "version_added": false
            },
            "samsunginternet_android": {
              "version_added": "6.0"
            },
            "webview_android": {
              "version_added": "52"
            }
          },
          "status": {
            "experimental": false,
            "standard_track": true,
            "deprecated": false
          }
        }
      },
      "positionZ": {
        "__compat": {
          "mdn_url": "https://developer.mozilla.org/docs/Web/API/AudioListener/positionZ",
          "support": {
            "chrome": {
              "version_added": "52"
            },
            "chrome_android": {
              "version_added": "52"
            },
            "edge": {
              "version_added": "79"
            },
            "firefox": {
              "version_added": false,
              "notes": "Supports a deprecated way of setting orientation - the <code>setOrientation()</code> method."
            },
            "firefox_android": {
              "version_added": false,
              "notes": "Supports a deprecated way of setting orientation - the <code>setOrientation()</code> method."
            },
            "ie": {
              "version_added": false
            },
            "opera": {
              "version_added": "39"
            },
            "opera_android": {
              "version_added": "41"
            },
            "safari": {
              "version_added": false
            },
            "safari_ios": {
              "version_added": false
            },
            "samsunginternet_android": {
              "version_added": "6.0"
            },
            "webview_android": {
              "version_added": "52"
            }
          },
          "status": {
            "experimental": false,
            "standard_track": true,
            "deprecated": false
          }
        }
      },
      "setOrientation": {
        "__compat": {
          "mdn_url": "https://developer.mozilla.org/docs/Web/API/AudioListener/setOrientation",
          "support": {
            "chrome": {
              "version_added": "14"
            },
            "chrome_android": {
              "version_added": "18"
            },
            "edge": {
              "version_added": "18"
            },
            "firefox": {
              "version_added": "25"
            },
            "firefox_android": {
              "version_added": "26"
            },
            "ie": {
              "version_added": false
            },
            "opera": {
              "version_added": "15"
            },
            "opera_android": {
              "version_added": "14"
            },
            "safari": {
              "version_added": "6"
            },
            "safari_ios": {
              "version_added": true
            },
            "samsunginternet_android": {
              "version_added": "1.0"
            },
            "webview_android": {
              "version_added": "≤37"
            }
          },
          "status": {
            "experimental": false,
            "standard_track": false,
            "deprecated": true
          }
        }
      },
      "setPosition": {
        "__compat": {
          "mdn_url": "https://developer.mozilla.org/docs/Web/API/AudioListener/setPosition",
          "support": {
            "chrome": {
              "version_added": "14"
            },
            "chrome_android": {
              "version_added": "18"
            },
            "edge": {
              "version_added": "12"
            },
            "firefox": {
              "version_added": "25"
            },
            "firefox_android": {
              "version_added": "26"
            },
            "ie": {
              "version_added": false
            },
            "opera": {
              "version_added": "15"
            },
            "opera_android": {
              "version_added": "14"
            },
            "safari": {
              "version_added": "6"
            },
            "safari_ios": {
              "version_added": true
            },
            "samsunginternet_android": {
              "version_added": "1.0"
            },
            "webview_android": {
              "version_added": "≤37"
            }
          },
          "status": {
            "experimental": false,
            "standard_track": false,
            "deprecated": true
          }
        }
      },
      "speedOfSound": {
        "__compat": {
          "mdn_url": "https://developer.mozilla.org/docs/Web/API/AudioListener/speedOfSound",
          "support": {
            "chrome": {
              "version_added": "14",
              "version_removed": "56"
            },
            "chrome_android": {
              "version_added": "18",
              "version_removed": "56"
            },
            "edge": {
              "version_added": "12",
              "version_removed": "79"
            },
            "firefox": {
              "version_added": "25",
              "version_removed": "63"
            },
            "firefox_android": {
              "version_added": "26",
              "version_removed": "63"
            },
            "ie": {
              "version_added": false
            },
            "opera": {
              "version_added": "15",
              "version_removed": "43"
            },
            "opera_android": {
              "version_added": "14",
              "version_removed": "43"
            },
            "safari": {
              "version_added": "6"
            },
            "safari_ios": {
              "version_added": null
            },
            "samsunginternet_android": {
              "version_added": "1.0",
              "version_removed": "6.0"
            },
            "webview_android": {
              "version_added": "≤37",
              "version_removed": "56"
            }
          },
          "status": {
            "experimental": false,
            "standard_track": true,
            "deprecated": true
          }
        }
      },
      "upX": {
        "__compat": {
          "mdn_url": "https://developer.mozilla.org/docs/Web/API/AudioListener/upX",
          "support": {
            "chrome": {
              "version_added": "52"
            },
            "chrome_android": {
              "version_added": "52"
            },
            "edge": {
              "version_added": "79"
            },
            "firefox": {
              "version_added": false,
              "notes": "Supports a deprecated way of setting orientation - the <code>setOrientation()</code> method."
            },
            "firefox_android": {
              "version_added": false,
              "notes": "Supports a deprecated way of setting orientation - the <code>setOrientation()</code> method."
            },
            "ie": {
              "version_added": false
            },
            "opera": {
              "version_added": "39"
            },
            "opera_android": {
              "version_added": "41"
            },
            "safari": {
              "version_added": false
            },
            "safari_ios": {
              "version_added": false
            },
            "samsunginternet_android": {
              "version_added": "6.0"
            },
            "webview_android": {
              "version_added": "52"
            }
          },
          "status": {
            "experimental": false,
            "standard_track": true,
            "deprecated": false
          }
        }
      },
      "upY": {
        "__compat": {
          "mdn_url": "https://developer.mozilla.org/docs/Web/API/AudioListener/upY",
          "support": {
            "chrome": {
              "version_added": "52"
            },
            "chrome_android": {
              "version_added": "52"
            },
            "edge": {
              "version_added": "79"
            },
            "firefox": {
              "version_added": false,
              "notes": "Supports a deprecated way of setting orientation - the <code>setOrientation()</code> method."
            },
            "firefox_android": {
              "version_added": false,
              "notes": "Supports a deprecated way of setting orientation - the <code>setOrientation()</code> method."
            },
            "ie": {
              "version_added": false
            },
            "opera": {
              "version_added": "39"
            },
            "opera_android": {
              "version_added": "41"
            },
            "safari": {
              "version_added": false
            },
            "safari_ios": {
              "version_added": false
            },
            "samsunginternet_android": {
              "version_added": "6.0"
            },
            "webview_android": {
              "version_added": "52"
            }
          },
          "status": {
            "experimental": false,
            "standard_track": true,
            "deprecated": false
          }
        }
      },
      "upZ": {
        "__compat": {
          "mdn_url": "https://developer.mozilla.org/docs/Web/API/AudioListener/upZ",
          "support": {
            "chrome": {
              "version_added": "52"
            },
            "chrome_android": {
              "version_added": "52"
            },
            "edge": {
              "version_added": "79"
            },
            "firefox": {
              "version_added": false,
              "notes": "Supports a deprecated way of setting orientation - the <code>setOrientation()</code> method."
            },
            "firefox_android": {
              "version_added": false,
              "notes": "Supports a deprecated way of setting orientation - the <code>setOrientation()</code> method."
            },
            "ie": {
              "version_added": false
            },
            "opera": {
              "version_added": "39"
            },
            "opera_android": {
              "version_added": "41"
            },
            "safari": {
              "version_added": false
            },
            "safari_ios": {
              "version_added": false
            },
            "samsunginternet_android": {
              "version_added": "6.0"
            },
            "webview_android": {
              "version_added": "52"
            }
          },
          "status": {
            "experimental": false,
            "standard_track": true,
            "deprecated": false
          }
        }
      }
    }
  }
}
