{
  "api": {
    "AudioParamMap": {
      "__compat": {
        "mdn_url": "https://developer.mozilla.org/docs/Web/API/AudioParamMap",
        "support": {
          "chrome": {
            "version_added": "66"
          },
          "chrome_android": {
            "version_added": "66"
          },
          "edge": {
            "version_added": "79"
          },
          "firefox": {
            "version_added": "76"
          },
          "firefox_android": {
            "version_added": "79"
          },
          "ie": {
            "version_added": false
          },
          "opera": {
            "version_added": "53"
          },
          "opera_android": {
            "version_added": "47"
          },
          "safari": {
            "version_added": false
          },
          "safari_ios": {
            "version_added": false
          },
          "samsunginternet_android": {
            "version_added": "9.0"
          },
          "webview_android": {
            "version_added": "66"
          }
        },
        "status": {
          "experimental": false,
          "standard_track": true,
          "deprecated": false
        }
      },
      "entries": {
        "__compat": {
          "mdn_url": "https://developer.mozilla.org/docs/Web/API/AudioParamMap/entries",
          "support": {
            "chrome": {
              "version_added": "66"
            },
            "chrome_android": {
              "version_added": "66"
            },
            "edge": {
              "version_added": "79"
            },
            "firefox": {
              "version_added": "76"
            },
            "firefox_android": {
              "version_added": "79"
            },
            "ie": {
              "version_added": false
            },
            "opera": {
              "version_added": "53"
            },
            "opera_android": {
              "version_added": "47"
            },
            "safari": {
              "version_added": false
            },
            "safari_ios": {
              "version_added": false
            },
            "samsunginternet_android": {
              "version_added": "9.0"
            },
            "webview_android": {
              "version_added": "66"
            }
          },
          "status": {
            "experimental": false,
            "standard_track": true,
            "deprecated": false
          }
        }
      },
      "forEach": {
        "__compat": {
          "mdn_url": "https://developer.mozilla.org/docs/Web/API/AudioParamMap/forEach",
          "support": {
            "chrome": {
              "version_added": "66"
            },
            "chrome_android": {
              "version_added": "66"
            },
            "edge": {
              "version_added": "79"
            },
            "firefox": {
              "version_added": "76"
            },
            "firefox_android": {
              "version_added": "79"
            },
            "ie": {
              "version_added": false
            },
            "opera": {
              "version_added": "53"
            },
            "opera_android": {
              "version_added": "47"
            },
            "safari": {
              "version_added": false
            },
            "safari_ios": {
              "version_added": false
            },
            "samsunginternet_android": {
              "version_added": "9.0"
            },
            "webview_android": {
              "version_added": "66"
            }
          },
          "status": {
            "experimental": false,
            "standard_track": true,
            "deprecated": false
          }
        }
      },
      "get": {
        "__compat": {
          "mdn_url": "https://developer.mozilla.org/docs/Web/API/AudioParamMap/get",
          "support": {
            "chrome": {
              "version_added": "66"
            },
            "chrome_android": {
              "version_added": "66"
            },
            "edge": {
              "version_added": "79"
            },
            "firefox": {
              "version_added": "76"
            },
            "firefox_android": {
              "version_added": "79"
            },
            "ie": {
              "version_added": false
            },
            "opera": {
              "version_added": "53"
            },
            "opera_android": {
              "version_added": "47"
            },
            "safari": {
              "version_added": false
            },
            "safari_ios": {
              "version_added": false
            },
            "samsunginternet_android": {
              "version_added": "9.0"
            },
            "webview_android": {
              "version_added": "66"
            }
          },
          "status": {
            "experimental": false,
            "standard_track": true,
            "deprecated": false
          }
        }
      },
      "has": {
        "__compat": {
          "mdn_url": "https://developer.mozilla.org/docs/Web/API/AudioParamMap/has",
          "support": {
            "chrome": {
              "version_added": "66"
            },
            "chrome_android": {
              "version_added": "66"
            },
            "edge": {
              "version_added": "79"
            },
            "firefox": {
              "version_added": "76"
            },
            "firefox_android": {
              "version_added": "79"
            },
            "ie": {
              "version_added": false
            },
            "opera": {
              "version_added": "53"
            },
            "opera_android": {
              "version_added": "47"
            },
            "safari": {
              "version_added": false
            },
            "safari_ios": {
              "version_added": false
            },
            "samsunginternet_android": {
              "version_added": "9.0"
            },
            "webview_android": {
              "version_added": "66"
            }
          },
          "status": {
            "experimental": false,
            "standard_track": true,
            "deprecated": false
          }
        }
      },
      "keys": {
        "__compat": {
          "mdn_url": "https://developer.mozilla.org/docs/Web/API/AudioParamMap/keys",
          "support": {
            "chrome": {
              "version_added": "66"
            },
            "chrome_android": {
              "version_added": "66"
            },
            "edge": {
              "version_added": "79"
            },
            "firefox": {
              "version_added": "76"
            },
            "firefox_android": {
              "version_added": "79"
            },
            "ie": {
              "version_added": false
            },
            "opera": {
              "version_added": "53"
            },
            "opera_android": {
              "version_added": "47"
            },
            "safari": {
              "version_added": false
            },
            "safari_ios": {
              "version_added": false
            },
            "samsunginternet_android": {
              "version_added": "9.0"
            },
            "webview_android": {
              "version_added": "66"
            }
          },
          "status": {
            "experimental": false,
            "standard_track": true,
            "deprecated": false
          }
        }
      },
      "size": {
        "__compat": {
          "mdn_url": "https://developer.mozilla.org/docs/Web/API/AudioParamMap/size",
          "support": {
            "chrome": {
              "version_added": "66"
            },
            "chrome_android": {
              "version_added": "66"
            },
            "edge": {
              "version_added": "79"
            },
            "firefox": {
              "version_added": "76"
            },
            "firefox_android": {
              "version_added": "79"
            },
            "ie": {
              "version_added": false
            },
            "opera": {
              "version_added": "53"
            },
            "opera_android": {
              "version_added": "47"
            },
            "safari": {
              "version_added": false
            },
            "safari_ios": {
              "version_added": false
            },
            "samsunginternet_android": {
              "version_added": "9.0"
            },
            "webview_android": {
              "version_added": "66"
            }
          },
          "status": {
            "experimental": false,
            "standard_track": true,
            "deprecated": false
          }
        }
      },
      "values": {
        "__compat": {
          "mdn_url": "https://developer.mozilla.org/docs/Web/API/AudioParamMap/values",
          "support": {
            "chrome": {
              "version_added": "66"
            },
            "chrome_android": {
              "version_added": "66"
            },
            "edge": {
              "version_added": "79"
            },
            "firefox": {
              "version_added": "76"
            },
            "firefox_android": {
              "version_added": "79"
            },
            "ie": {
              "version_added": false
            },
            "opera": {
              "version_added": "53"
            },
            "opera_android": {
              "version_added": "47"
            },
            "safari": {
              "version_added": false
            },
            "safari_ios": {
              "version_added": false
            },
            "samsunginternet_android": {
              "version_added": "9.0"
            },
            "webview_android": {
              "version_added": "66"
            }
          },
          "status": {
            "experimental": false,
            "standard_track": true,
            "deprecated": false
          }
        }
      }
    }
  }
}
