{
  "api": {
    "AuthenticationAssertion": {
      "__compat": {
        "mdn_url": "https://developer.mozilla.org/docs/Web/API/AuthenticationAssertion",
        "support": {
          "chrome": {
            "version_added": "67",
            "flags": [
              {
                "name": "WebAuth",
                "type": "preference"
              }
            ]
          },
          "chrome_android": {
            "version_added": "67",
            "flags": [
              {
                "name": "WebAuth",
                "type": "preference"
              }
            ]
          },
          "edge": {
            "version_added": "79",
            "flags": [
              {
                "name": "WebAuth",
                "type": "preference"
              }
            ]
          },
          "firefox": {
            "version_added": false
          },
          "firefox_android": {
            "version_added": false
          },
          "ie": {
            "version_added": false
          },
          "opera": {
            "version_added": "54",
            "flags": [
              {
                "name": "WebAuth",
                "type": "preference"
              }
            ]
          },
          "opera_android": {
            "version_added": "48",
            "flags": [
              {
                "name": "WebAuth",
                "type": "preference"
              }
            ]
          },
          "safari": {
            "version_added": false
          },
          "safari_ios": {
            "version_added": false
          },
          "samsunginternet_android": {
            "version_added": false
          },
          "webview_android": {
            "version_added": false
          }
        },
        "status": {
          "experimental": true,
          "standard_track": true,
          "deprecated": false
        }
      },
      "authenticatorData": {
        "__compat": {
          "mdn_url": "https://developer.mozilla.org/docs/Web/API/AuthenticationAssertion/authenticatorData",
          "support": {
            "chrome": {
              "version_added": "67",
              "flags": [
                {
                  "name": "WebAuth",
                  "type": "preference"
                }
              ]
            },
            "chrome_android": {
              "version_added": "67",
              "flags": [
                {
                  "name": "WebAuth",
                  "type": "preference"
                }
              ]
            },
            "edge": {
              "version_added": "79",
              "flags": [
                {
                  "name": "WebAuth",
                  "type": "preference"
                }
              ]
            },
            "firefox": {
              "version_added": false
            },
            "firefox_android": {
              "version_added": false
            },
            "ie": {
              "version_added": false
            },
            "opera": {
              "version_added": "54",
              "flags": [
                {
                  "name": "WebAuth",
                  "type": "preference"
                }
              ]
            },
            "opera_android": {
              "version_added": "48",
              "flags": [
                {
                  "name": "WebAuth",
                  "type": "preference"
                }
              ]
            },
            "safari": {
              "version_added": false
            },
            "safari_ios": {
              "version_added": false
            },
            "samsunginternet_android": {
              "version_added": false
            },
            "webview_android": {
              "version_added": false
            }
          },
          "status": {
            "experimental": true,
            "standard_track": true,
            "deprecated": false
          }
        }
      },
      "clientData": {
        "__compat": {
          "mdn_url": "https://developer.mozilla.org/docs/Web/API/AuthenticationAssertion/clientData",
          "support": {
            "chrome": {
              "version_added": "67",
              "flags": [
                {
                  "name": "WebAuth",
                  "type": "preference"
                }
              ]
            },
            "chrome_android": {
              "version_added": "67",
              "flags": [
                {
                  "name": "WebAuth",
                  "type": "preference"
                }
              ]
            },
            "edge": {
              "version_added": "79",
              "flags": [
                {
                  "name": "WebAuth",
                  "type": "preference"
                }
              ]
            },
            "firefox": {
              "version_added": false
            },
            "firefox_android": {
              "version_added": false
            },
            "ie": {
              "version_added": false
            },
            "opera": {
              "version_added": "54",
              "flags": [
                {
                  "name": "WebAuth",
                  "type": "preference"
                }
              ]
            },
            "opera_android": {
              "version_added": "48",
              "flags": [
                {
                  "name": "WebAuth",
                  "type": "preference"
                }
              ]
            },
            "safari": {
              "version_added": false
            },
            "safari_ios": {
              "version_added": false
            },
            "samsunginternet_android": {
              "version_added": false
            },
            "webview_android": {
              "version_added": false
            }
          },
          "status": {
            "experimental": true,
            "standard_track": true,
            "deprecated": false
          }
        }
      },
      "credential": {
        "__compat": {
          "mdn_url": "https://developer.mozilla.org/docs/Web/API/AuthenticationAssertion/credential",
          "support": {
            "chrome": {
              "version_added": "67",
              "flags": [
                {
                  "name": "WebAuth",
                  "type": "preference"
                }
              ]
            },
            "chrome_android": {
              "version_added": "67",
              "flags": [
                {
                  "name": "WebAuth",
                  "type": "preference"
                }
              ]
            },
            "edge": {
              "version_added": "79",
              "flags": [
                {
                  "name": "WebAuth",
                  "type": "preference"
                }
              ]
            },
            "firefox": {
              "version_added": false
            },
            "firefox_android": {
              "version_added": false
            },
            "ie": {
              "version_added": false
            },
            "opera": {
              "version_added": "54",
              "flags": [
                {
                  "name": "WebAuth",
                  "type": "preference"
                }
              ]
            },
            "opera_android": {
              "version_added": "48",
              "flags": [
                {
                  "name": "WebAuth",
                  "type": "preference"
                }
              ]
            },
            "safari": {
              "version_added": false
            },
            "safari_ios": {
              "version_added": false
            },
            "samsunginternet_android": {
              "version_added": false
            },
            "webview_android": {
              "version_added": false
            }
          },
          "status": {
            "experimental": true,
            "standard_track": true,
            "deprecated": false
          }
        }
      },
      "signature": {
        "__compat": {
          "mdn_url": "https://developer.mozilla.org/docs/Web/API/AuthenticationAssertion/signature",
          "support": {
            "chrome": {
              "version_added": "67",
              "flags": [
                {
                  "name": "WebAuth",
                  "type": "preference"
                }
              ]
            },
            "chrome_android": {
              "version_added": "67",
              "flags": [
                {
                  "name": "WebAuth",
                  "type": "preference"
                }
              ]
            },
            "edge": {
              "version_added": "79",
              "flags": [
                {
                  "name": "WebAuth",
                  "type": "preference"
                }
              ]
            },
            "firefox": {
              "version_added": false
            },
            "firefox_android": {
              "version_added": false
            },
            "ie": {
              "version_added": false
            },
            "opera": {
              "version_added": "54",
              "flags": [
                {
                  "name": "WebAuth",
                  "type": "preference"
                }
              ]
            },
            "opera_android": {
              "version_added": "48",
              "flags": [
                {
                  "name": "WebAuth",
                  "type": "preference"
                }
              ]
            },
            "safari": {
              "version_added": false
            },
            "safari_ios": {
              "version_added": false
            },
            "samsunginternet_android": {
              "version_added": false
            },
            "webview_android": {
              "version_added": false
            }
          },
          "status": {
            "experimental": true,
            "standard_track": true,
            "deprecated": false
          }
        }
      }
    }
  }
}
