{
  "api": {
    "BackgroundFetchRegistration": {
      "__compat": {
        "mdn_url": "https://developer.mozilla.org/docs/Web/API/BackgroundFetchRegistration",
        "support": {
          "chrome": {
            "version_added": "74"
          },
          "chrome_android": {
            "version_added": "74"
          },
          "edge": {
            "version_added": false
          },
          "firefox": {
            "version_added": false
          },
          "firefox_android": {
            "version_added": false
          },
          "ie": {
            "version_added": false
          },
          "opera": {
            "version_added": "62"
          },
          "opera_android": {
            "version_added": "53"
          },
          "safari": {
            "version_added": false
          },
          "safari_ios": {
            "version_added": false
          },
          "samsunginternet_android": {
            "version_added": "11.0"
          },
          "webview_android": {
            "version_added": false
          }
        },
        "status": {
          "experimental": true,
          "standard_track": true,
          "deprecated": false
        }
      },
      "abort": {
        "__compat": {
          "mdn_url": "https://developer.mozilla.org/docs/Web/API/BackgroundFetchRegistration/abort",
          "support": {
            "chrome": {
              "version_added": "74"
            },
            "chrome_android": {
              "version_added": "74"
            },
            "edge": {
              "version_added": false
            },
            "firefox": {
              "version_added": false
            },
            "firefox_android": {
              "version_added": false
            },
            "ie": {
              "version_added": false
            },
            "opera": {
              "version_added": "62"
            },
            "opera_android": {
              "version_added": "53"
            },
            "safari": {
              "version_added": false
            },
            "safari_ios": {
              "version_added": false
            },
            "samsunginternet_android": {
              "version_added": "11.0"
            },
            "webview_android": {
              "version_added": false
            }
          },
          "status": {
            "experimental": true,
            "standard_track": true,
            "deprecated": false
          }
        }
      },
      "downloaded": {
        "__compat": {
          "mdn_url": "https://developer.mozilla.org/docs/Web/API/BackgroundFetchRegistration/downloaded",
          "support": {
            "chrome": {
              "version_added": "74"
            },
            "chrome_android": {
              "version_added": "74"
            },
            "edge": {
              "version_added": false
            },
            "firefox": {
              "version_added": false
            },
            "firefox_android": {
              "version_added": false
            },
            "ie": {
              "version_added": false
            },
            "opera": {
              "version_added": "62"
            },
            "opera_android": {
              "version_added": "53"
            },
            "safari": {
              "version_added": false
            },
            "safari_ios": {
              "version_added": false
            },
            "samsunginternet_android": {
              "version_added": "11.0"
            },
            "webview_android": {
              "version_added": false
            }
          },
          "status": {
            "experimental": true,
            "standard_track": true,
            "deprecated": false
          }
        }
      },
      "downloadTotal": {
        "__compat": {
          "mdn_url": "https://developer.mozilla.org/docs/Web/API/BackgroundFetchRegistration/downloadTotal",
          "support": {
            "chrome": {
              "version_added": "74"
            },
            "chrome_android": {
              "version_added": "74"
            },
            "edge": {
              "version_added": false
            },
            "firefox": {
              "version_added": false
            },
            "firefox_android": {
              "version_added": false
            },
            "ie": {
              "version_added": false
            },
            "opera": {
              "version_added": "62"
            },
            "opera_android": {
              "version_added": "53"
            },
            "safari": {
              "version_added": false
            },
            "safari_ios": {
              "version_added": false
            },
            "samsunginternet_android": {
              "version_added": "11.0"
            },
            "webview_android": {
              "version_added": false
            }
          },
          "status": {
            "experimental": true,
            "standard_track": true,
            "deprecated": false
          }
        }
      },
      "failureReason": {
        "__compat": {
          "mdn_url": "https://developer.mozilla.org/docs/Web/API/BackgroundFetchRegistration/failureReason",
          "support": {
            "chrome": {
              "version_added": "74"
            },
            "chrome_android": {
              "version_added": "74"
            },
            "edge": {
              "version_added": false
            },
            "firefox": {
              "version_added": false
            },
            "firefox_android": {
              "version_added": false
            },
            "ie": {
              "version_added": false
            },
            "opera": {
              "version_added": "62"
            },
            "opera_android": {
              "version_added": "53"
            },
            "safari": {
              "version_added": false
            },
            "safari_ios": {
              "version_added": false
            },
            "samsunginternet_android": {
              "version_added": "11.0"
            },
            "webview_android": {
              "version_added": false
            }
          },
          "status": {
            "experimental": true,
            "standard_track": true,
            "deprecated": false
          }
        }
      },
      "id": {
        "__compat": {
          "mdn_url": "https://developer.mozilla.org/docs/Web/API/BackgroundFetchRegistration/id",
          "support": {
            "chrome": {
              "version_added": "74"
            },
            "chrome_android": {
              "version_added": "74"
            },
            "edge": {
              "version_added": false
            },
            "firefox": {
              "version_added": false
            },
            "firefox_android": {
              "version_added": false
            },
            "ie": {
              "version_added": false
            },
            "opera": {
              "version_added": "62"
            },
            "opera_android": {
              "version_added": "53"
            },
            "safari": {
              "version_added": false
            },
            "safari_ios": {
              "version_added": false
            },
            "samsunginternet_android": {
              "version_added": "11.0"
            },
            "webview_android": {
              "version_added": false
            }
          },
          "status": {
            "experimental": true,
            "standard_track": true,
            "deprecated": false
          }
        }
      },
      "match": {
        "__compat": {
          "mdn_url": "https://developer.mozilla.org/docs/Web/API/BackgroundFetchRegistration/match",
          "support": {
            "chrome": {
              "version_added": "74"
            },
            "chrome_android": {
              "version_added": "74"
            },
            "edge": {
              "version_added": false
            },
            "firefox": {
              "version_added": false
            },
            "firefox_android": {
              "version_added": false
            },
            "ie": {
              "version_added": false
            },
            "opera": {
              "version_added": "62"
            },
            "opera_android": {
              "version_added": "53"
            },
            "safari": {
              "version_added": false
            },
            "safari_ios": {
              "version_added": false
            },
            "samsunginternet_android": {
              "version_added": "11.0"
            },
            "webview_android": {
              "version_added": false
            }
          },
          "status": {
            "experimental": true,
            "standard_track": true,
            "deprecated": false
          }
        }
      },
      "matchAll": {
        "__compat": {
          "mdn_url": "https://developer.mozilla.org/docs/Web/API/BackgroundFetchRegistration/matchAll",
          "support": {
            "chrome": {
              "version_added": "74"
            },
            "chrome_android": {
              "version_added": "74"
            },
            "edge": {
              "version_added": false
            },
            "firefox": {
              "version_added": false
            },
            "firefox_android": {
              "version_added": false
            },
            "ie": {
              "version_added": false
            },
            "opera": {
              "version_added": "62"
            },
            "opera_android": {
              "version_added": "53"
            },
            "safari": {
              "version_added": false
            },
            "safari_ios": {
              "version_added": false
            },
            "samsunginternet_android": {
              "version_added": "11.0"
            },
            "webview_android": {
              "version_added": false
            }
          },
          "status": {
            "experimental": true,
            "standard_track": true,
            "deprecated": false
          }
        }
      },
      "onprogress": {
        "__compat": {
          "mdn_url": "https://developer.mozilla.org/docs/Web/API/BackgroundFetchRegistration/onprogress",
          "support": {
            "chrome": {
              "version_added": "74"
            },
            "chrome_android": {
              "version_added": "74"
            },
            "edge": {
              "version_added": false
            },
            "firefox": {
              "version_added": false
            },
            "firefox_android": {
              "version_added": false
            },
            "ie": {
              "version_added": false
            },
            "opera": {
              "version_added": "62"
            },
            "opera_android": {
              "version_added": "53"
            },
            "safari": {
              "version_added": false
            },
            "safari_ios": {
              "version_added": false
            },
            "samsunginternet_android": {
              "version_added": "11.0"
            },
            "webview_android": {
              "version_added": false
            }
          },
          "status": {
            "experimental": true,
            "standard_track": true,
            "deprecated": false
          }
        }
      },
      "recordsAvailable": {
        "__compat": {
          "mdn_url": "https://developer.mozilla.org/docs/Web/API/BackgroundFetchRegistration/recordsAvailable",
          "support": {
            "chrome": {
              "version_added": "74"
            },
            "chrome_android": {
              "version_added": "74"
            },
            "edge": {
              "version_added": false
            },
            "firefox": {
              "version_added": false
            },
            "firefox_android": {
              "version_added": false
            },
            "ie": {
              "version_added": false
            },
            "opera": {
              "version_added": "62"
            },
            "opera_android": {
              "version_added": "53"
            },
            "safari": {
              "version_added": false
            },
            "safari_ios": {
              "version_added": false
            },
            "samsunginternet_android": {
              "version_added": "11.0"
            },
            "webview_android": {
              "version_added": false
            }
          },
          "status": {
            "experimental": true,
            "standard_track": true,
            "deprecated": false
          }
        }
      },
      "result": {
        "__compat": {
          "mdn_url": "https://developer.mozilla.org/docs/Web/API/BackgroundFetchRegistration/result",
          "support": {
            "chrome": {
              "version_added": "74"
            },
            "chrome_android": {
              "version_added": "74"
            },
            "edge": {
              "version_added": false
            },
            "firefox": {
              "version_added": false
            },
            "firefox_android": {
              "version_added": false
            },
            "ie": {
              "version_added": false
            },
            "opera": {
              "version_added": "62"
            },
            "opera_android": {
              "version_added": "53"
            },
            "safari": {
              "version_added": false
            },
            "safari_ios": {
              "version_added": false
            },
            "samsunginternet_android": {
              "version_added": "11.0"
            },
            "webview_android": {
              "version_added": false
            }
          },
          "status": {
            "experimental": true,
            "standard_track": true,
            "deprecated": false
          }
        }
      },
      "uploaded": {
        "__compat": {
          "mdn_url": "https://developer.mozilla.org/docs/Web/API/BackgroundFetchRegistration/uploaded",
          "support": {
            "chrome": {
              "version_added": "74"
            },
            "chrome_android": {
              "version_added": "74"
            },
            "edge": {
              "version_added": false
            },
            "firefox": {
              "version_added": false
            },
            "firefox_android": {
              "version_added": false
            },
            "ie": {
              "version_added": false
            },
            "opera": {
              "version_added": "62"
            },
            "opera_android": {
              "version_added": "53"
            },
            "safari": {
              "version_added": false
            },
            "safari_ios": {
              "version_added": false
            },
            "samsunginternet_android": {
              "version_added": "11.0"
            },
            "webview_android": {
              "version_added": false
            }
          },
          "status": {
            "experimental": true,
            "standard_track": true,
            "deprecated": false
          }
        }
      },
      "uploadTotal": {
        "__compat": {
          "mdn_url": "https://developer.mozilla.org/docs/Web/API/BackgroundFetchRegistration/uploadTotal",
          "support": {
            "chrome": {
              "version_added": "74"
            },
            "chrome_android": {
              "version_added": "74"
            },
            "edge": {
              "version_added": false
            },
            "firefox": {
              "version_added": false
            },
            "firefox_android": {
              "version_added": false
            },
            "ie": {
              "version_added": false
            },
            "opera": {
              "version_added": "62"
            },
            "opera_android": {
              "version_added": "53"
            },
            "safari": {
              "version_added": false
            },
            "safari_ios": {
              "version_added": false
            },
            "samsunginternet_android": {
              "version_added": "11.0"
            },
            "webview_android": {
              "version_added": false
            }
          },
          "status": {
            "experimental": true,
            "standard_track": true,
            "deprecated": false
          }
        }
      }
    }
  }
}
