{
  "api": {
    "BarcodeDetector": {
      "__compat": {
        "mdn_url": "https://developer.mozilla.org/docs/Web/API/BarcodeDetector",
        "support": {
          "chrome": {
            "version_added": "83"
          },
          "chrome_android": {
            "version_added": "83"
          },
          "edge": {
            "version_added": "83"
          },
          "firefox": {
            "version_added": false
          },
          "firefox_android": {
            "version_added": false
          },
          "ie": {
            "version_added": false
          },
          "opera": {
            "version_added": true
          },
          "opera_android": {
            "version_added": true
          },
          "safari": {
            "version_added": false
          },
          "safari_ios": {
            "version_added": false
          },
          "samsunginternet_android": {
            "version_added": "13.0"
          },
          "webview_android": {
            "version_added": "83"
          }
        },
        "status": {
          "experimental": true,
          "standard_track": false,
          "deprecated": false
        }
      },
      "BarcodeDetector": {
        "__compat": {
          "mdn_url": "https://developer.mozilla.org/docs/Web/API/BarcodeDetector/BarcodeDetector",
          "description": "<code>BarcodeDetector()</code> constructor",
          "support": {
            "chrome": {
              "version_added": "83"
            },
            "chrome_android": {
              "version_added": "83"
            },
            "edge": {
              "version_added": "83"
            },
            "firefox": {
              "version_added": false
            },
            "firefox_android": {
              "version_added": false
            },
            "ie": {
              "version_added": false
            },
            "opera": {
              "version_added": true
            },
            "opera_android": {
              "version_added": true
            },
            "safari": {
              "version_added": false
            },
            "safari_ios": {
              "version_added": false
            },
            "samsunginternet_android": {
              "version_added": "13.0"
            },
            "webview_android": {
              "version_added": "83"
            }
          },
          "status": {
            "experimental": true,
            "standard_track": false,
            "deprecated": false
          }
        }
      },
      "detect": {
        "__compat": {
          "mdn_url": "https://developer.mozilla.org/docs/Web/API/BarcodeDetector/detect",
          "support": {
            "chrome": {
              "version_added": "83"
            },
            "chrome_android": {
              "version_added": "83"
            },
            "edge": {
              "version_added": "83"
            },
            "firefox": {
              "version_added": false
            },
            "firefox_android": {
              "version_added": false
            },
            "ie": {
              "version_added": false
            },
            "opera": {
              "version_added": true
            },
            "opera_android": {
              "version_added": true
            },
            "safari": {
              "version_added": false
            },
            "safari_ios": {
              "version_added": false
            },
            "samsunginternet_android": {
              "version_added": "13.0"
            },
            "webview_android": {
              "version_added": "83"
            }
          },
          "status": {
            "experimental": true,
            "standard_track": false,
            "deprecated": false
          }
        }
      },
      "getSupportedFormats": {
        "__compat": {
          "mdn_url": "https://developer.mozilla.org/docs/Web/API/BarcodeDetector/getSupportedFormats",
          "support": {
            "chrome": {
              "version_added": "83"
            },
            "chrome_android": {
              "version_added": "83"
            },
            "edge": {
              "version_added": "83"
            },
            "firefox": {
              "version_added": false
            },
            "firefox_android": {
              "version_added": false
            },
            "ie": {
              "version_added": false
            },
            "opera": {
              "version_added": true
            },
            "opera_android": {
              "version_added": true
            },
            "safari": {
              "version_added": false
            },
            "safari_ios": {
              "version_added": false
            },
            "samsunginternet_android": {
              "version_added": "13.0"
            },
            "webview_android": {
              "version_added": "83"
            }
          },
          "status": {
            "experimental": true,
            "standard_track": false,
            "deprecated": false
          }
        }
      }
    }
  }
}
