{
  "api": {
    "BlobEvent": {
      "__compat": {
        "mdn_url": "https://developer.mozilla.org/docs/Web/API/BlobEvent",
        "support": {
          "chrome": {
            "version_added": "49"
          },
          "chrome_android": {
            "version_added": "49"
          },
          "edge": {
            "version_added": "≤79"
          },
          "firefox": {
            "version_added": "22"
          },
          "firefox_android": {
            "version_added": "22"
          },
          "ie": {
            "version_added": false
          },
          "opera": {
            "version_added": "36"
          },
          "opera_android": {
            "version_added": "36"
          },
          "safari": {
            "version_added": false
          },
          "safari_ios": {
            "version_added": false
          },
          "samsunginternet_android": {
            "version_added": "5.0"
          },
          "webview_android": {
            "version_added": "49"
          }
        },
        "status": {
          "experimental": false,
          "standard_track": true,
          "deprecated": false
        }
      },
      "BlobEvent": {
        "__compat": {
          "mdn_url": "https://developer.mozilla.org/docs/Web/API/BlobEvent/BlobEvent",
          "description": "<code>BlobEvent()</code> constructor",
          "support": {
            "chrome": {
              "version_added": "49"
            },
            "chrome_android": {
              "version_added": "49"
            },
            "edge": {
              "version_added": "≤79"
            },
            "firefox": {
              "version_added": "22"
            },
            "firefox_android": {
              "version_added": "22"
            },
            "ie": {
              "version_added": false
            },
            "opera": {
              "version_added": "36"
            },
            "opera_android": {
              "version_added": "36"
            },
            "safari": {
              "version_added": false
            },
            "safari_ios": {
              "version_added": false
            },
            "samsunginternet_android": {
              "version_added": "5.0"
            },
            "webview_android": {
              "version_added": "49"
            }
          },
          "status": {
            "experimental": true,
            "standard_track": true,
            "deprecated": false
          }
        }
      },
      "data": {
        "__compat": {
          "mdn_url": "https://developer.mozilla.org/docs/Web/API/BlobEvent/data",
          "support": {
            "chrome": {
              "version_added": "49"
            },
            "chrome_android": {
              "version_added": "49"
            },
            "edge": {
              "version_added": "≤79"
            },
            "firefox": {
              "version_added": "22"
            },
            "firefox_android": {
              "version_added": "22"
            },
            "ie": {
              "version_added": false
            },
            "opera": {
              "version_added": "36"
            },
            "opera_android": {
              "version_added": "36"
            },
            "safari": {
              "version_added": false
            },
            "safari_ios": {
              "version_added": false
            },
            "samsunginternet_android": {
              "version_added": "5.0"
            },
            "webview_android": {
              "version_added": "49"
            }
          },
          "status": {
            "experimental": true,
            "standard_track": true,
            "deprecated": false
          }
        }
      },
      "timecode": {
        "__compat": {
          "mdn_url": "https://developer.mozilla.org/docs/Web/API/BlobEvent/timecode",
          "support": {
            "chrome": {
              "version_added": "57"
            },
            "chrome_android": {
              "version_added": "57"
            },
            "edge": {
              "version_added": "≤79"
            },
            "firefox": {
              "version_added": null
            },
            "firefox_android": {
              "version_added": null
            },
            "ie": {
              "version_added": false
            },
            "opera": {
              "version_added": "44"
            },
            "opera_android": {
              "version_added": "43"
            },
            "safari": {
              "version_added": false
            },
            "safari_ios": {
              "version_added": false
            },
            "samsunginternet_android": {
              "version_added": "7.0"
            },
            "webview_android": {
              "version_added": "57"
            }
          },
          "status": {
            "experimental": true,
            "standard_track": true,
            "deprecated": false
          }
        }
      }
    }
  }
}
