{
  "api": {
    "BluetoothRemoteGATTCharacteristic": {
      "__compat": {
        "mdn_url": "https://developer.mozilla.org/docs/Web/API/BluetoothRemoteGATTCharacteristic",
        "support": {
          "chrome": [
            {
              "version_added": "56",
              "notes": "macOS only."
            },
            {
              "version_added": "56",
              "notes": "Linux and versions of Windows earlier than 10.",
              "flags": [
                {
                  "type": "preference",
                  "name": "#enable-experimental-web-platform-features",
                  "value_to_set": "enabled"
                }
              ]
            },
            {
              "version_added": "70",
              "notes": "Windows 10."
            }
          ],
          "chrome_android": {
            "version_added": "56"
          },
          "edge": [
            {
              "version_added": "79",
              "notes": "macOS only."
            },
            {
              "version_added": "79",
              "notes": "Linux and versions of Windows earlier than 10.",
              "flags": [
                {
                  "type": "preference",
                  "name": "#enable-experimental-web-platform-features",
                  "value_to_set": "enabled"
                }
              ]
            },
            {
              "version_added": "79",
              "notes": "Windows 10."
            }
          ],
          "firefox": {
            "version_added": false
          },
          "firefox_android": {
            "version_added": false
          },
          "ie": {
            "version_added": false
          },
          "opera": [
            {
              "version_added": "43",
              "notes": "macOS only."
            },
            {
              "version_added": "43",
              "notes": "Linux and versions of Windows earlier than 10.",
              "flags": [
                {
                  "type": "preference",
                  "name": "#enable-experimental-web-platform-features",
                  "value_to_set": "enabled"
                }
              ]
            },
            {
              "version_added": "57",
              "notes": "Windows 10."
            }
          ],
          "opera_android": {
            "version_added": "43"
          },
          "safari": {
            "version_added": false
          },
          "safari_ios": {
            "version_added": false
          },
          "samsunginternet_android": {
            "version_added": "6.0"
          },
          "webview_android": {
            "version_added": "85"
          }
        },
        "status": {
          "experimental": true,
          "standard_track": false,
          "deprecated": false
        }
      },
      "getDescriptor": {
        "__compat": {
          "mdn_url": "https://developer.mozilla.org/docs/Web/API/BluetoothRemoteGATTCharacteristic/getDescriptor",
          "support": {
            "chrome": [
              {
                "version_added": "56",
                "notes": "macOS only."
              },
              {
                "version_added": "56",
                "notes": "Linux and versions of Windows earlier than 10.",
                "flags": [
                  {
                    "type": "preference",
                    "name": "#enable-experimental-web-platform-features",
                    "value_to_set": "enabled"
                  }
                ]
              },
              {
                "version_added": "70",
                "notes": "Windows 10."
              }
            ],
            "chrome_android": {
              "version_added": "56"
            },
            "edge": [
              {
                "version_added": "79",
                "notes": "macOS only."
              },
              {
                "version_added": "79",
                "notes": "Linux and versions of Windows earlier than 10.",
                "flags": [
                  {
                    "type": "preference",
                    "name": "#enable-experimental-web-platform-features",
                    "value_to_set": "enabled"
                  }
                ]
              },
              {
                "version_added": "79",
                "notes": "Windows 10."
              }
            ],
            "firefox": {
              "version_added": false
            },
            "firefox_android": {
              "version_added": false
            },
            "ie": {
              "version_added": false
            },
            "opera": [
              {
                "version_added": "43",
                "notes": "macOS only."
              },
              {
                "version_added": "43",
                "notes": "Linux and versions of Windows earlier than 10.",
                "flags": [
                  {
                    "type": "preference",
                    "name": "#enable-experimental-web-platform-features",
                    "value_to_set": "enabled"
                  }
                ]
              },
              {
                "version_added": "57",
                "notes": "Windows 10."
              }
            ],
            "opera_android": {
              "version_added": "43"
            },
            "safari": {
              "version_added": false
            },
            "safari_ios": {
              "version_added": false
            },
            "samsunginternet_android": {
              "version_added": "6.0"
            },
            "webview_android": {
              "version_added": false
            }
          },
          "status": {
            "experimental": true,
            "standard_track": false,
            "deprecated": false
          }
        }
      },
      "getDescriptors": {
        "__compat": {
          "mdn_url": "https://developer.mozilla.org/docs/Web/API/BluetoothRemoteGATTCharacteristic/getDescriptors",
          "support": {
            "chrome": [
              {
                "version_added": "56",
                "notes": "macOS only."
              },
              {
                "version_added": "56",
                "notes": "Linux and versions of Windows earlier than 10.",
                "flags": [
                  {
                    "type": "preference",
                    "name": "#enable-experimental-web-platform-features",
                    "value_to_set": "enabled"
                  }
                ]
              },
              {
                "version_added": "70",
                "notes": "Windows 10."
              }
            ],
            "chrome_android": {
              "version_added": "56"
            },
            "edge": [
              {
                "version_added": "79",
                "notes": "macOS only."
              },
              {
                "version_added": "79",
                "notes": "Linux and versions of Windows earlier than 10.",
                "flags": [
                  {
                    "type": "preference",
                    "name": "#enable-experimental-web-platform-features",
                    "value_to_set": "enabled"
                  }
                ]
              },
              {
                "version_added": "79",
                "notes": "Windows 10."
              }
            ],
            "firefox": {
              "version_added": false
            },
            "firefox_android": {
              "version_added": false
            },
            "ie": {
              "version_added": false
            },
            "opera": [
              {
                "version_added": "43",
                "notes": "macOS only."
              },
              {
                "version_added": "43",
                "notes": "Linux and versions of Windows earlier than 10.",
                "flags": [
                  {
                    "type": "preference",
                    "name": "#enable-experimental-web-platform-features",
                    "value_to_set": "enabled"
                  }
                ]
              },
              {
                "version_added": "57",
                "notes": "Windows 10."
              }
            ],
            "opera_android": {
              "version_added": "43"
            },
            "safari": {
              "version_added": false
            },
            "safari_ios": {
              "version_added": false
            },
            "samsunginternet_android": {
              "version_added": "6.0"
            },
            "webview_android": {
              "version_added": false
            }
          },
          "status": {
            "experimental": true,
            "standard_track": false,
            "deprecated": false
          }
        }
      },
      "properties": {
        "__compat": {
          "mdn_url": "https://developer.mozilla.org/docs/Web/API/BluetoothRemoteGATTCharacteristic/properties",
          "support": {
            "chrome": [
              {
                "version_added": "56",
                "notes": "macOS only."
              },
              {
                "version_added": "56",
                "notes": "Linux and versions of Windows earlier than 10.",
                "flags": [
                  {
                    "type": "preference",
                    "name": "#enable-experimental-web-platform-features",
                    "value_to_set": "enabled"
                  }
                ]
              },
              {
                "version_added": "70",
                "notes": "Windows 10."
              }
            ],
            "chrome_android": {
              "version_added": "56"
            },
            "edge": [
              {
                "version_added": "79",
                "notes": "macOS only."
              },
              {
                "version_added": "79",
                "notes": "Linux and versions of Windows earlier than 10.",
                "flags": [
                  {
                    "type": "preference",
                    "name": "#enable-experimental-web-platform-features",
                    "value_to_set": "enabled"
                  }
                ]
              },
              {
                "version_added": "79",
                "notes": "Windows 10."
              }
            ],
            "firefox": {
              "version_added": false
            },
            "firefox_android": {
              "version_added": false
            },
            "ie": {
              "version_added": false
            },
            "opera": [
              {
                "version_added": "43",
                "notes": "macOS only."
              },
              {
                "version_added": "43",
                "notes": "Linux and versions of Windows earlier than 10.",
                "flags": [
                  {
                    "type": "preference",
                    "name": "#enable-experimental-web-platform-features",
                    "value_to_set": "enabled"
                  }
                ]
              },
              {
                "version_added": "57",
                "notes": "Windows 10."
              }
            ],
            "opera_android": {
              "version_added": "43"
            },
            "safari": {
              "version_added": false
            },
            "safari_ios": {
              "version_added": false
            },
            "samsunginternet_android": {
              "version_added": "6.0"
            },
            "webview_android": {
              "version_added": false
            }
          },
          "status": {
            "experimental": true,
            "standard_track": false,
            "deprecated": false
          }
        }
      },
      "readValue": {
        "__compat": {
          "mdn_url": "https://developer.mozilla.org/docs/Web/API/BluetoothRemoteGATTCharacteristic/readValue",
          "support": {
            "chrome": [
              {
                "version_added": "56",
                "notes": "macOS only."
              },
              {
                "version_added": "56",
                "notes": "Linux and versions of Windows earlier than 10.",
                "flags": [
                  {
                    "type": "preference",
                    "name": "#enable-experimental-web-platform-features",
                    "value_to_set": "enabled"
                  }
                ]
              },
              {
                "version_added": "70",
                "notes": "Windows 10."
              }
            ],
            "chrome_android": {
              "version_added": "56"
            },
            "edge": [
              {
                "version_added": "79",
                "notes": "macOS only."
              },
              {
                "version_added": "79",
                "notes": "Linux and versions of Windows earlier than 10.",
                "flags": [
                  {
                    "type": "preference",
                    "name": "#enable-experimental-web-platform-features",
                    "value_to_set": "enabled"
                  }
                ]
              },
              {
                "version_added": "79",
                "notes": "Windows 10."
              }
            ],
            "firefox": {
              "version_added": false
            },
            "firefox_android": {
              "version_added": false
            },
            "ie": {
              "version_added": false
            },
            "opera": [
              {
                "version_added": "43",
                "notes": "macOS only."
              },
              {
                "version_added": "43",
                "notes": "Linux and versions of Windows earlier than 10.",
                "flags": [
                  {
                    "type": "preference",
                    "name": "#enable-experimental-web-platform-features",
                    "value_to_set": "enabled"
                  }
                ]
              },
              {
                "version_added": "57",
                "notes": "Windows 10."
              }
            ],
            "opera_android": {
              "version_added": "43"
            },
            "safari": {
              "version_added": false
            },
            "safari_ios": {
              "version_added": false
            },
            "samsunginternet_android": {
              "version_added": "6.0"
            },
            "webview_android": {
              "version_added": false
            }
          },
          "status": {
            "experimental": true,
            "standard_track": false,
            "deprecated": false
          }
        }
      },
      "service": {
        "__compat": {
          "mdn_url": "https://developer.mozilla.org/docs/Web/API/BluetoothRemoteGATTCharacteristic/service",
          "support": {
            "chrome": [
              {
                "version_added": "56",
                "notes": "macOS only."
              },
              {
                "version_added": "56",
                "notes": "Linux and versions of Windows earlier than 10.",
                "flags": [
                  {
                    "type": "preference",
                    "name": "#enable-experimental-web-platform-features",
                    "value_to_set": "enabled"
                  }
                ]
              },
              {
                "version_added": "70",
                "notes": "Windows 10."
              }
            ],
            "chrome_android": {
              "version_added": "56"
            },
            "edge": [
              {
                "version_added": "79",
                "notes": "macOS only."
              },
              {
                "version_added": "79",
                "notes": "Linux and versions of Windows earlier than 10.",
                "flags": [
                  {
                    "type": "preference",
                    "name": "#enable-experimental-web-platform-features",
                    "value_to_set": "enabled"
                  }
                ]
              },
              {
                "version_added": "79",
                "notes": "Windows 10."
              }
            ],
            "firefox": {
              "version_added": false
            },
            "firefox_android": {
              "version_added": false
            },
            "ie": {
              "version_added": false
            },
            "opera": [
              {
                "version_added": "43",
                "notes": "macOS only."
              },
              {
                "version_added": "43",
                "notes": "Linux and versions of Windows earlier than 10.",
                "flags": [
                  {
                    "type": "preference",
                    "name": "#enable-experimental-web-platform-features",
                    "value_to_set": "enabled"
                  }
                ]
              },
              {
                "version_added": "57",
                "notes": "Windows 10."
              }
            ],
            "opera_android": {
              "version_added": "43"
            },
            "safari": {
              "version_added": false
            },
            "safari_ios": {
              "version_added": false
            },
            "samsunginternet_android": {
              "version_added": "6.0"
            },
            "webview_android": {
              "version_added": false
            }
          },
          "status": {
            "experimental": true,
            "standard_track": false,
            "deprecated": false
          }
        }
      },
      "startNotifications": {
        "__compat": {
          "mdn_url": "https://developer.mozilla.org/docs/Web/API/BluetoothRemoteGATTCharacteristic/startNotifications",
          "support": {
            "chrome": [
              {
                "version_added": "56",
                "notes": "macOS only."
              },
              {
                "version_added": "56",
                "notes": "Linux and versions of Windows earlier than 10.",
                "flags": [
                  {
                    "type": "preference",
                    "name": "#enable-experimental-web-platform-features",
                    "value_to_set": "enabled"
                  }
                ]
              },
              {
                "version_added": "70",
                "notes": "Windows 10."
              }
            ],
            "chrome_android": {
              "version_added": "56"
            },
            "edge": [
              {
                "version_added": "79",
                "notes": "macOS only."
              },
              {
                "version_added": "79",
                "notes": "Linux and versions of Windows earlier than 10.",
                "flags": [
                  {
                    "type": "preference",
                    "name": "#enable-experimental-web-platform-features",
                    "value_to_set": "enabled"
                  }
                ]
              },
              {
                "version_added": "79",
                "notes": "Windows 10."
              }
            ],
            "firefox": {
              "version_added": false
            },
            "firefox_android": {
              "version_added": false
            },
            "ie": {
              "version_added": false
            },
            "opera": [
              {
                "version_added": "43",
                "notes": "macOS only."
              },
              {
                "version_added": "43",
                "notes": "Linux and versions of Windows earlier than 10.",
                "flags": [
                  {
                    "type": "preference",
                    "name": "#enable-experimental-web-platform-features",
                    "value_to_set": "enabled"
                  }
                ]
              },
              {
                "version_added": "57",
                "notes": "Windows 10."
              }
            ],
            "opera_android": {
              "version_added": "43"
            },
            "safari": {
              "version_added": false
            },
            "safari_ios": {
              "version_added": false
            },
            "samsunginternet_android": {
              "version_added": "6.0"
            },
            "webview_android": {
              "version_added": false
            }
          },
          "status": {
            "experimental": true,
            "standard_track": false,
            "deprecated": false
          }
        }
      },
      "stopNotifications": {
        "__compat": {
          "mdn_url": "https://developer.mozilla.org/docs/Web/API/BluetoothRemoteGATTCharacteristic/stopNotifications",
          "support": {
            "chrome": [
              {
                "version_added": "56",
                "notes": "macOS only."
              },
              {
                "version_added": "56",
                "notes": "Linux and versions of Windows earlier than 10.",
                "flags": [
                  {
                    "type": "preference",
                    "name": "#enable-experimental-web-platform-features",
                    "value_to_set": "enabled"
                  }
                ]
              },
              {
                "version_added": "70",
                "notes": "Windows 10."
              }
            ],
            "chrome_android": {
              "version_added": "56"
            },
            "edge": [
              {
                "version_added": "79",
                "notes": "macOS only."
              },
              {
                "version_added": "79",
                "notes": "Linux and versions of Windows earlier than 10.",
                "flags": [
                  {
                    "type": "preference",
                    "name": "#enable-experimental-web-platform-features",
                    "value_to_set": "enabled"
                  }
                ]
              },
              {
                "version_added": "79",
                "notes": "Windows 10."
              }
            ],
            "firefox": {
              "version_added": false
            },
            "firefox_android": {
              "version_added": false
            },
            "ie": {
              "version_added": false
            },
            "opera": [
              {
                "version_added": "43",
                "notes": "macOS only."
              },
              {
                "version_added": "43",
                "notes": "Linux and versions of Windows earlier than 10.",
                "flags": [
                  {
                    "type": "preference",
                    "name": "#enable-experimental-web-platform-features",
                    "value_to_set": "enabled"
                  }
                ]
              },
              {
                "version_added": "57",
                "notes": "Windows 10."
              }
            ],
            "opera_android": {
              "version_added": "43"
            },
            "safari": {
              "version_added": false
            },
            "safari_ios": {
              "version_added": false
            },
            "samsunginternet_android": {
              "version_added": "6.0"
            },
            "webview_android": {
              "version_added": false
            }
          },
          "status": {
            "experimental": true,
            "standard_track": false,
            "deprecated": false
          }
        }
      },
      "uuid": {
        "__compat": {
          "mdn_url": "https://developer.mozilla.org/docs/Web/API/BluetoothRemoteGATTCharacteristic/uuid",
          "support": {
            "chrome": [
              {
                "version_added": "56",
                "notes": "macOS only."
              },
              {
                "version_added": "56",
                "notes": "Linux and versions of Windows earlier than 10.",
                "flags": [
                  {
                    "type": "preference",
                    "name": "#enable-experimental-web-platform-features",
                    "value_to_set": "enabled"
                  }
                ]
              },
              {
                "version_added": "70",
                "notes": "Windows 10."
              }
            ],
            "chrome_android": {
              "version_added": "56"
            },
            "edge": [
              {
                "version_added": "79",
                "notes": "macOS only."
              },
              {
                "version_added": "79",
                "notes": "Linux and versions of Windows earlier than 10.",
                "flags": [
                  {
                    "type": "preference",
                    "name": "#enable-experimental-web-platform-features",
                    "value_to_set": "enabled"
                  }
                ]
              },
              {
                "version_added": "79",
                "notes": "Windows 10."
              }
            ],
            "firefox": {
              "version_added": false
            },
            "firefox_android": {
              "version_added": false
            },
            "ie": {
              "version_added": false
            },
            "opera": [
              {
                "version_added": "43",
                "notes": "macOS only."
              },
              {
                "version_added": "43",
                "notes": "Linux and versions of Windows earlier than 10.",
                "flags": [
                  {
                    "type": "preference",
                    "name": "#enable-experimental-web-platform-features",
                    "value_to_set": "enabled"
                  }
                ]
              },
              {
                "version_added": "57",
                "notes": "Windows 10."
              }
            ],
            "opera_android": {
              "version_added": "43"
            },
            "safari": {
              "version_added": false
            },
            "safari_ios": {
              "version_added": false
            },
            "samsunginternet_android": {
              "version_added": "6.0"
            },
            "webview_android": {
              "version_added": false
            }
          },
          "status": {
            "experimental": true,
            "standard_track": false,
            "deprecated": false
          }
        }
      },
      "value": {
        "__compat": {
          "mdn_url": "https://developer.mozilla.org/docs/Web/API/BluetoothRemoteGATTCharacteristic/value",
          "support": {
            "chrome": [
              {
                "version_added": "56",
                "notes": "macOS only."
              },
              {
                "version_added": "56",
                "notes": "Linux and versions of Windows earlier than 10.",
                "flags": [
                  {
                    "type": "preference",
                    "name": "#enable-experimental-web-platform-features",
                    "value_to_set": "enabled"
                  }
                ]
              },
              {
                "version_added": "70",
                "notes": "Windows 10."
              }
            ],
            "chrome_android": {
              "version_added": "56"
            },
            "edge": [
              {
                "version_added": "79",
                "notes": "macOS only."
              },
              {
                "version_added": "79",
                "notes": "Linux and versions of Windows earlier than 10.",
                "flags": [
                  {
                    "type": "preference",
                    "name": "#enable-experimental-web-platform-features",
                    "value_to_set": "enabled"
                  }
                ]
              },
              {
                "version_added": "79",
                "notes": "Windows 10."
              }
            ],
            "firefox": {
              "version_added": false
            },
            "firefox_android": {
              "version_added": false
            },
            "ie": {
              "version_added": false
            },
            "opera": [
              {
                "version_added": "43",
                "notes": "macOS only."
              },
              {
                "version_added": "43",
                "notes": "Linux and versions of Windows earlier than 10.",
                "flags": [
                  {
                    "type": "preference",
                    "name": "#enable-experimental-web-platform-features",
                    "value_to_set": "enabled"
                  }
                ]
              },
              {
                "version_added": "57",
                "notes": "Windows 10."
              }
            ],
            "opera_android": {
              "version_added": "43"
            },
            "safari": {
              "version_added": false
            },
            "safari_ios": {
              "version_added": false
            },
            "samsunginternet_android": {
              "version_added": "6.0"
            },
            "webview_android": {
              "version_added": false
            }
          },
          "status": {
            "experimental": true,
            "standard_track": false,
            "deprecated": false
          }
        }
      },
      "writeValue": {
        "__compat": {
          "mdn_url": "https://developer.mozilla.org/docs/Web/API/BluetoothRemoteGATTCharacteristic/writeValue",
          "support": {
            "chrome": [
              {
                "version_added": "56",
                "notes": "macOS only."
              },
              {
                "version_added": "56",
                "notes": "Linux and versions of Windows earlier than 10.",
                "flags": [
                  {
                    "type": "preference",
                    "name": "#enable-experimental-web-platform-features",
                    "value_to_set": "enabled"
                  }
                ]
              },
              {
                "version_added": "70",
                "notes": "Windows 10."
              }
            ],
            "chrome_android": {
              "version_added": "56"
            },
            "edge": [
              {
                "version_added": "79",
                "notes": "macOS only."
              },
              {
                "version_added": "79",
                "notes": "Linux and versions of Windows earlier than 10.",
                "flags": [
                  {
                    "type": "preference",
                    "name": "#enable-experimental-web-platform-features",
                    "value_to_set": "enabled"
                  }
                ]
              },
              {
                "version_added": "79",
                "notes": "Windows 10."
              }
            ],
            "firefox": {
              "version_added": false
            },
            "firefox_android": {
              "version_added": false
            },
            "ie": {
              "version_added": false
            },
            "opera": [
              {
                "version_added": "43",
                "notes": "macOS only."
              },
              {
                "version_added": "43",
                "notes": "Linux and versions of Windows earlier than 10.",
                "flags": [
                  {
                    "type": "preference",
                    "name": "#enable-experimental-web-platform-features",
                    "value_to_set": "enabled"
                  }
                ]
              },
              {
                "version_added": "57",
                "notes": "Windows 10."
              }
            ],
            "opera_android": {
              "version_added": "43"
            },
            "safari": {
              "version_added": false
            },
            "safari_ios": {
              "version_added": false
            },
            "samsunginternet_android": {
              "version_added": "6.0"
            },
            "webview_android": {
              "version_added": false
            }
          },
          "status": {
            "experimental": true,
            "standard_track": false,
            "deprecated": false
          }
        }
      },
      "writeValueWithoutResponse": {
        "__compat": {
          "support": {
            "chrome": {
              "version_added": "85"
            },
            "chrome_android": {
              "version_added": "85"
            },
            "edge": {
              "version_added": "85"
            },
            "firefox": {
              "version_added": false
            },
            "firefox_android": {
              "version_added": false
            },
            "ie": {
              "version_added": false
            },
            "opera": {
              "version_added": "71"
            },
            "opera_android": {
              "version_added": "60"
            },
            "safari": {
              "version_added": false
            },
            "safari_ios": {
              "version_added": false
            },
            "samsunginternet_android": {
              "version_added": false
            },
            "webview_android": {
              "version_added": "85"
            }
          },
          "status": {
            "experimental": true,
            "standard_track": false,
            "deprecated": false
          }
        }
      },
      "writeValueWithResponse": {
        "__compat": {
          "support": {
            "chrome": {
              "version_added": "85"
            },
            "chrome_android": {
              "version_added": "85"
            },
            "edge": {
              "version_added": "85"
            },
            "firefox": {
              "version_added": false
            },
            "firefox_android": {
              "version_added": false
            },
            "ie": {
              "version_added": false
            },
            "opera": {
              "version_added": "71"
            },
            "opera_android": {
              "version_added": "60"
            },
            "safari": {
              "version_added": false
            },
            "safari_ios": {
              "version_added": false
            },
            "samsunginternet_android": {
              "version_added": false
            },
            "webview_android": {
              "version_added": "85"
            }
          },
          "status": {
            "experimental": true,
            "standard_track": false,
            "deprecated": false
          }
        }
      }
    }
  }
}
