{
  "api": {
    "BluetoothCharacteristicProperties": {
      "__compat": {
        "mdn_url": "https://developer.mozilla.org/docs/Web/API/BluetoothCharacteristicProperties",
        "support": {
          "chrome": [
            {
              "version_added": "56",
              "notes": "ChromeOS and macOS only."
            },
            {
              "version_added": "56",
              "notes": "Linux and versions of Windows earlier than 10.",
              "flags": [
                {
                  "type": "preference",
                  "name": "#enable-experimental-web-platform-features",
                  "value_to_set": "enabled"
                }
              ]
            },
            {
              "version_added": "70",
              "notes": "Windows 10."
            }
          ],
          "chrome_android": {
            "version_added": "56"
          },
          "edge": [
            {
              "version_added": "79",
              "notes": "macOS only."
            },
            {
              "version_added": "79",
              "notes": "Linux and versions of Windows earlier than 10.",
              "flags": [
                {
                  "type": "preference",
                  "name": "#enable-experimental-web-platform-features",
                  "value_to_set": "enabled"
                }
              ]
            },
            {
              "version_added": "79",
              "notes": "Windows 10."
            }
          ],
          "firefox": {
            "version_added": false
          },
          "firefox_android": {
            "version_added": false
          },
          "ie": {
            "version_added": false
          },
          "opera": [
            {
              "version_added": "43",
              "notes": "macOS only."
            },
            {
              "version_added": "43",
              "notes": "Linux and versions of Windows earlier than 10.",
              "flags": [
                {
                  "type": "preference",
                  "name": "#enable-experimental-web-platform-features",
                  "value_to_set": "enabled"
                }
              ]
            },
            {
              "version_added": "57",
              "notes": "Windows 10."
            }
          ],
          "opera_android": {
            "version_added": "43"
          },
          "safari": {
            "version_added": false
          },
          "safari_ios": {
            "version_added": false
          },
          "samsunginternet_android": {
            "version_added": "6.0"
          },
          "webview_android": {
            "version_added": false
          }
        },
        "status": {
          "experimental": true,
          "standard_track": false,
          "deprecated": false
        }
      },
      "authenticatedSignedWrites": {
        "__compat": {
          "mdn_url": "https://developer.mozilla.org/docs/Web/API/BluetoothCharacteristicProperties/authenticatedSignedWrites",
          "support": {
            "chrome": [
              {
                "version_added": "56",
                "notes": "ChromeOS and macOS only."
              },
              {
                "version_added": "56",
                "notes": "Linux and versions of Windows earlier than 10.",
                "flags": [
                  {
                    "type": "preference",
                    "name": "#enable-experimental-web-platform-features",
                    "value_to_set": "enabled"
                  }
                ]
              },
              {
                "version_added": "70",
                "notes": "Windows 10."
              }
            ],
            "chrome_android": {
              "version_added": "56"
            },
            "edge": [
              {
                "version_added": "79",
                "notes": "macOS only."
              },
              {
                "version_added": "79",
                "notes": "Linux and versions of Windows earlier than 10.",
                "flags": [
                  {
                    "type": "preference",
                    "name": "#enable-experimental-web-platform-features",
                    "value_to_set": "enabled"
                  }
                ]
              },
              {
                "version_added": "79",
                "notes": "Windows 10."
              }
            ],
            "firefox": {
              "version_added": false
            },
            "firefox_android": {
              "version_added": false
            },
            "ie": {
              "version_added": false
            },
            "opera": [
              {
                "version_added": "43",
                "notes": "macOS only."
              },
              {
                "version_added": "43",
                "notes": "Linux and versions of Windows earlier than 10.",
                "flags": [
                  {
                    "type": "preference",
                    "name": "#enable-experimental-web-platform-features",
                    "value_to_set": "enabled"
                  }
                ]
              },
              {
                "version_added": "57",
                "notes": "Windows 10."
              }
            ],
            "opera_android": {
              "version_added": "43"
            },
            "safari": {
              "version_added": false
            },
            "safari_ios": {
              "version_added": false
            },
            "samsunginternet_android": {
              "version_added": "6.0"
            },
            "webview_android": {
              "version_added": false
            }
          },
          "status": {
            "experimental": true,
            "standard_track": false,
            "deprecated": false
          }
        }
      },
      "broadcast": {
        "__compat": {
          "mdn_url": "https://developer.mozilla.org/docs/Web/API/BluetoothCharacteristicProperties/broadcast",
          "support": {
            "chrome": [
              {
                "version_added": "56",
                "notes": "ChromeOS and macOS only."
              },
              {
                "version_added": "56",
                "notes": "Linux and versions of Windows earlier than 10.",
                "flags": [
                  {
                    "type": "preference",
                    "name": "#enable-experimental-web-platform-features",
                    "value_to_set": "enabled"
                  }
                ]
              },
              {
                "version_added": "70",
                "notes": "Windows 10."
              }
            ],
            "chrome_android": {
              "version_added": "56"
            },
            "edge": [
              {
                "version_added": "79",
                "notes": "macOS only."
              },
              {
                "version_added": "79",
                "notes": "Linux and versions of Windows earlier than 10.",
                "flags": [
                  {
                    "type": "preference",
                    "name": "#enable-experimental-web-platform-features",
                    "value_to_set": "enabled"
                  }
                ]
              },
              {
                "version_added": "79",
                "notes": "Windows 10."
              }
            ],
            "firefox": {
              "version_added": false
            },
            "firefox_android": {
              "version_added": false
            },
            "ie": {
              "version_added": false
            },
            "opera": [
              {
                "version_added": "43",
                "notes": "macOS only."
              },
              {
                "version_added": "43",
                "notes": "Linux and versions of Windows earlier than 10.",
                "flags": [
                  {
                    "type": "preference",
                    "name": "#enable-experimental-web-platform-features",
                    "value_to_set": "enabled"
                  }
                ]
              },
              {
                "version_added": "57",
                "notes": "Windows 10."
              }
            ],
            "opera_android": {
              "version_added": "43"
            },
            "safari": {
              "version_added": false
            },
            "safari_ios": {
              "version_added": false
            },
            "samsunginternet_android": {
              "version_added": "6.0"
            },
            "webview_android": {
              "version_added": false
            }
          },
          "status": {
            "experimental": true,
            "standard_track": false,
            "deprecated": false
          }
        }
      },
      "indicate": {
        "__compat": {
          "mdn_url": "https://developer.mozilla.org/docs/Web/API/BluetoothCharacteristicProperties/indicate",
          "support": {
            "chrome": [
              {
                "version_added": "56",
                "notes": "ChromeOS and macOS only."
              },
              {
                "version_added": "56",
                "notes": "Linux and versions of Windows earlier than 10.",
                "flags": [
                  {
                    "type": "preference",
                    "name": "#enable-experimental-web-platform-features",
                    "value_to_set": "enabled"
                  }
                ]
              },
              {
                "version_added": "70",
                "notes": "Windows 10."
              }
            ],
            "chrome_android": {
              "version_added": "56"
            },
            "edge": [
              {
                "version_added": "79",
                "notes": "macOS only."
              },
              {
                "version_added": "79",
                "notes": "Linux and versions of Windows earlier than 10.",
                "flags": [
                  {
                    "type": "preference",
                    "name": "#enable-experimental-web-platform-features",
                    "value_to_set": "enabled"
                  }
                ]
              },
              {
                "version_added": "79",
                "notes": "Windows 10."
              }
            ],
            "firefox": {
              "version_added": false
            },
            "firefox_android": {
              "version_added": false
            },
            "ie": {
              "version_added": false
            },
            "opera": [
              {
                "version_added": "43",
                "notes": "macOS only."
              },
              {
                "version_added": "43",
                "notes": "Linux and versions of Windows earlier than 10.",
                "flags": [
                  {
                    "type": "preference",
                    "name": "#enable-experimental-web-platform-features",
                    "value_to_set": "enabled"
                  }
                ]
              },
              {
                "version_added": "57",
                "notes": "Windows 10."
              }
            ],
            "opera_android": {
              "version_added": "43"
            },
            "safari": {
              "version_added": false
            },
            "safari_ios": {
              "version_added": false
            },
            "samsunginternet_android": {
              "version_added": "6.0"
            },
            "webview_android": {
              "version_added": false
            }
          },
          "status": {
            "experimental": true,
            "standard_track": false,
            "deprecated": false
          }
        }
      },
      "notify": {
        "__compat": {
          "mdn_url": "https://developer.mozilla.org/docs/Web/API/BluetoothCharacteristicProperties/notify",
          "support": {
            "chrome": [
              {
                "version_added": "56",
                "notes": "ChromeOS and macOS only."
              },
              {
                "version_added": "56",
                "notes": "Linux and versions of Windows earlier than 10.",
                "flags": [
                  {
                    "type": "preference",
                    "name": "#enable-experimental-web-platform-features",
                    "value_to_set": "enabled"
                  }
                ]
              },
              {
                "version_added": "70",
                "notes": "Windows 10."
              }
            ],
            "chrome_android": {
              "version_added": "56"
            },
            "edge": [
              {
                "version_added": "79",
                "notes": "macOS only."
              },
              {
                "version_added": "79",
                "notes": "Linux and versions of Windows earlier than 10.",
                "flags": [
                  {
                    "type": "preference",
                    "name": "#enable-experimental-web-platform-features",
                    "value_to_set": "enabled"
                  }
                ]
              },
              {
                "version_added": "79",
                "notes": "Windows 10."
              }
            ],
            "firefox": {
              "version_added": false
            },
            "firefox_android": {
              "version_added": false
            },
            "ie": {
              "version_added": false
            },
            "opera": [
              {
                "version_added": "43",
                "notes": "macOS only."
              },
              {
                "version_added": "43",
                "notes": "Linux and versions of Windows earlier than 10.",
                "flags": [
                  {
                    "type": "preference",
                    "name": "#enable-experimental-web-platform-features",
                    "value_to_set": "enabled"
                  }
                ]
              },
              {
                "version_added": "57",
                "notes": "Windows 10."
              }
            ],
            "opera_android": {
              "version_added": "43"
            },
            "safari": {
              "version_added": false
            },
            "safari_ios": {
              "version_added": false
            },
            "samsunginternet_android": {
              "version_added": "6.0"
            },
            "webview_android": {
              "version_added": false
            }
          },
          "status": {
            "experimental": true,
            "standard_track": false,
            "deprecated": false
          }
        }
      },
      "read": {
        "__compat": {
          "mdn_url": "https://developer.mozilla.org/docs/Web/API/BluetoothCharacteristicProperties/read",
          "support": {
            "chrome": [
              {
                "version_added": "56",
                "notes": "ChromeOS and macOS only."
              },
              {
                "version_added": "56",
                "notes": "Linux and versions of Windows earlier than 10.",
                "flags": [
                  {
                    "type": "preference",
                    "name": "#enable-experimental-web-platform-features",
                    "value_to_set": "enabled"
                  }
                ]
              },
              {
                "version_added": "70",
                "notes": "Windows 10."
              }
            ],
            "chrome_android": {
              "version_added": "56"
            },
            "edge": [
              {
                "version_added": "79",
                "notes": "macOS only."
              },
              {
                "version_added": "79",
                "notes": "Linux and versions of Windows earlier than 10.",
                "flags": [
                  {
                    "type": "preference",
                    "name": "#enable-experimental-web-platform-features",
                    "value_to_set": "enabled"
                  }
                ]
              },
              {
                "version_added": "79",
                "notes": "Windows 10."
              }
            ],
            "firefox": {
              "version_added": false
            },
            "firefox_android": {
              "version_added": false
            },
            "ie": {
              "version_added": false
            },
            "opera": [
              {
                "version_added": "43",
                "notes": "macOS only."
              },
              {
                "version_added": "43",
                "notes": "Linux and versions of Windows earlier than 10.",
                "flags": [
                  {
                    "type": "preference",
                    "name": "#enable-experimental-web-platform-features",
                    "value_to_set": "enabled"
                  }
                ]
              },
              {
                "version_added": "57",
                "notes": "Windows 10."
              }
            ],
            "opera_android": {
              "version_added": "43"
            },
            "safari": {
              "version_added": false
            },
            "safari_ios": {
              "version_added": false
            },
            "samsunginternet_android": {
              "version_added": "6.0"
            },
            "webview_android": {
              "version_added": false
            }
          },
          "status": {
            "experimental": true,
            "standard_track": false,
            "deprecated": false
          }
        }
      },
      "reliableWrite": {
        "__compat": {
          "mdn_url": "https://developer.mozilla.org/docs/Web/API/BluetoothCharacteristicProperties/reliableWrite",
          "support": {
            "chrome": [
              {
                "version_added": "56",
                "notes": "ChromeOS and macOS only."
              },
              {
                "version_added": "56",
                "notes": "Linux and versions of Windows earlier than 10.",
                "flags": [
                  {
                    "type": "preference",
                    "name": "#enable-experimental-web-platform-features",
                    "value_to_set": "enabled"
                  }
                ]
              },
              {
                "version_added": "70",
                "notes": "Windows 10."
              }
            ],
            "chrome_android": {
              "version_added": "56"
            },
            "edge": [
              {
                "version_added": "79",
                "notes": "macOS only."
              },
              {
                "version_added": "79",
                "notes": "Linux and versions of Windows earlier than 10.",
                "flags": [
                  {
                    "type": "preference",
                    "name": "#enable-experimental-web-platform-features",
                    "value_to_set": "enabled"
                  }
                ]
              },
              {
                "version_added": "79",
                "notes": "Windows 10."
              }
            ],
            "firefox": {
              "version_added": false
            },
            "firefox_android": {
              "version_added": false
            },
            "ie": {
              "version_added": false
            },
            "opera": [
              {
                "version_added": "43",
                "notes": "macOS only."
              },
              {
                "version_added": "43",
                "notes": "Linux and versions of Windows earlier than 10.",
                "flags": [
                  {
                    "type": "preference",
                    "name": "#enable-experimental-web-platform-features",
                    "value_to_set": "enabled"
                  }
                ]
              },
              {
                "version_added": "57",
                "notes": "Windows 10."
              }
            ],
            "opera_android": {
              "version_added": "43"
            },
            "safari": {
              "version_added": false
            },
            "safari_ios": {
              "version_added": false
            },
            "samsunginternet_android": {
              "version_added": "6.0"
            },
            "webview_android": {
              "version_added": false
            }
          },
          "status": {
            "experimental": true,
            "standard_track": false,
            "deprecated": false
          }
        }
      },
      "writableAuxiliaries": {
        "__compat": {
          "mdn_url": "https://developer.mozilla.org/docs/Web/API/BluetoothCharacteristicProperties/writableAuxiliaries",
          "support": {
            "chrome": [
              {
                "version_added": "56",
                "notes": "ChromeOS and macOS only."
              },
              {
                "version_added": "56",
                "notes": "Linux and versions of Windows earlier than 10.",
                "flags": [
                  {
                    "type": "preference",
                    "name": "#enable-experimental-web-platform-features",
                    "value_to_set": "enabled"
                  }
                ]
              },
              {
                "version_added": "70",
                "notes": "Windows 10."
              }
            ],
            "chrome_android": {
              "version_added": "56"
            },
            "edge": [
              {
                "version_added": "79",
                "notes": "macOS only."
              },
              {
                "version_added": "79",
                "notes": "Linux and versions of Windows earlier than 10.",
                "flags": [
                  {
                    "type": "preference",
                    "name": "#enable-experimental-web-platform-features",
                    "value_to_set": "enabled"
                  }
                ]
              },
              {
                "version_added": "79",
                "notes": "Windows 10."
              }
            ],
            "firefox": {
              "version_added": false
            },
            "firefox_android": {
              "version_added": false
            },
            "ie": {
              "version_added": false
            },
            "opera": [
              {
                "version_added": "43",
                "notes": "macOS only."
              },
              {
                "version_added": "43",
                "notes": "Linux and versions of Windows earlier than 10.",
                "flags": [
                  {
                    "type": "preference",
                    "name": "#enable-experimental-web-platform-features",
                    "value_to_set": "enabled"
                  }
                ]
              },
              {
                "version_added": "57",
                "notes": "Windows 10."
              }
            ],
            "opera_android": {
              "version_added": "43"
            },
            "safari": {
              "version_added": false
            },
            "safari_ios": {
              "version_added": false
            },
            "samsunginternet_android": {
              "version_added": "6.0"
            },
            "webview_android": {
              "version_added": false
            }
          },
          "status": {
            "experimental": true,
            "standard_track": false,
            "deprecated": false
          }
        }
      },
      "write": {
        "__compat": {
          "mdn_url": "https://developer.mozilla.org/docs/Web/API/BluetoothCharacteristicProperties/write",
          "support": {
            "chrome": [
              {
                "version_added": "56",
                "notes": "ChromeOS and macOS only."
              },
              {
                "version_added": "56",
                "notes": "Linux and versions of Windows earlier than 10.",
                "flags": [
                  {
                    "type": "preference",
                    "name": "#enable-experimental-web-platform-features",
                    "value_to_set": "enabled"
                  }
                ]
              },
              {
                "version_added": "70",
                "notes": "Windows 10."
              }
            ],
            "chrome_android": {
              "version_added": "56"
            },
            "edge": [
              {
                "version_added": "79",
                "notes": "macOS only."
              },
              {
                "version_added": "79",
                "notes": "Linux and versions of Windows earlier than 10.",
                "flags": [
                  {
                    "type": "preference",
                    "name": "#enable-experimental-web-platform-features",
                    "value_to_set": "enabled"
                  }
                ]
              },
              {
                "version_added": "79",
                "notes": "Windows 10."
              }
            ],
            "firefox": {
              "version_added": false
            },
            "firefox_android": {
              "version_added": false
            },
            "ie": {
              "version_added": false
            },
            "opera": [
              {
                "version_added": "43",
                "notes": "macOS only."
              },
              {
                "version_added": "43",
                "notes": "Linux and versions of Windows earlier than 10.",
                "flags": [
                  {
                    "type": "preference",
                    "name": "#enable-experimental-web-platform-features",
                    "value_to_set": "enabled"
                  }
                ]
              },
              {
                "version_added": "57",
                "notes": "Windows 10."
              }
            ],
            "opera_android": {
              "version_added": "43"
            },
            "safari": {
              "version_added": false
            },
            "safari_ios": {
              "version_added": false
            },
            "samsunginternet_android": {
              "version_added": "6.0"
            },
            "webview_android": {
              "version_added": false
            }
          },
          "status": {
            "experimental": true,
            "standard_track": false,
            "deprecated": false
          }
        }
      },
      "writeWithoutResponse": {
        "__compat": {
          "mdn_url": "https://developer.mozilla.org/docs/Web/API/BluetoothCharacteristicProperties/writeWithoutResponse",
          "support": {
            "chrome": [
              {
                "version_added": "56",
                "notes": "ChromeOS and macOS only."
              },
              {
                "version_added": "56",
                "notes": "Linux and versions of Windows earlier than 10.",
                "flags": [
                  {
                    "type": "preference",
                    "name": "#enable-experimental-web-platform-features",
                    "value_to_set": "enabled"
                  }
                ]
              },
              {
                "version_added": "70",
                "notes": "Windows 10."
              }
            ],
            "chrome_android": {
              "version_added": "56"
            },
            "edge": [
              {
                "version_added": "79",
                "notes": "macOS only."
              },
              {
                "version_added": "79",
                "notes": "Linux and versions of Windows earlier than 10.",
                "flags": [
                  {
                    "type": "preference",
                    "name": "#enable-experimental-web-platform-features",
                    "value_to_set": "enabled"
                  }
                ]
              },
              {
                "version_added": "79",
                "notes": "Windows 10."
              }
            ],
            "firefox": {
              "version_added": false
            },
            "firefox_android": {
              "version_added": false
            },
            "ie": {
              "version_added": false
            },
            "opera": [
              {
                "version_added": "43",
                "notes": "macOS only."
              },
              {
                "version_added": "43",
                "notes": "Linux and versions of Windows earlier than 10.",
                "flags": [
                  {
                    "type": "preference",
                    "name": "#enable-experimental-web-platform-features",
                    "value_to_set": "enabled"
                  }
                ]
              },
              {
                "version_added": "57",
                "notes": "Windows 10."
              }
            ],
            "opera_android": {
              "version_added": "43"
            },
            "safari": {
              "version_added": false
            },
            "safari_ios": {
              "version_added": false
            },
            "samsunginternet_android": {
              "version_added": "6.0"
            },
            "webview_android": {
              "version_added": false
            }
          },
          "status": {
            "experimental": true,
            "standard_track": false,
            "deprecated": false
          }
        }
      }
    }
  }
}
