{
  "api": {
    "Body": {
      "__compat": {
        "mdn_url": "https://developer.mozilla.org/docs/Web/API/Body",
        "support": {
          "chrome": {
            "version_added": "42"
          },
          "chrome_android": {
            "version_added": "42"
          },
          "edge": {
            "version_added": "≤18"
          },
          "firefox": {
            "version_added": "39"
          },
          "ie": {
            "version_added": false
          },
          "opera": {
            "version_added": "29"
          },
          "opera_android": {
            "version_added": "29"
          },
          "safari": {
            "version_added": "10.1"
          },
          "safari_ios": {
            "version_added": "10.3"
          },
          "samsunginternet_android": {
            "version_added": "4.0"
          },
          "webview_android": {
            "version_added": "42"
          }
        },
        "status": {
          "experimental": false,
          "standard_track": true,
          "deprecated": false
        }
      },
      "arrayBuffer": {
        "__compat": {
          "mdn_url": "https://developer.mozilla.org/docs/Web/API/Body/arrayBuffer",
          "support": {
            "chrome": {
              "version_added": "42"
            },
            "chrome_android": {
              "version_added": "42"
            },
            "edge": {
              "version_added": "≤18"
            },
            "firefox": {
              "version_added": "39"
            },
            "firefox_android": {
              "version_added": false
            },
            "ie": {
              "version_added": false
            },
            "opera": {
              "version_added": "29"
            },
            "opera_android": {
              "version_added": "29"
            },
            "safari": {
              "version_added": "10.1"
            },
            "safari_ios": {
              "version_added": "10.3"
            },
            "samsunginternet_android": {
              "version_added": "4.0"
            },
            "webview_android": {
              "version_added": false
            }
          },
          "status": {
            "experimental": true,
            "standard_track": true,
            "deprecated": false
          }
        }
      },
      "blob": {
        "__compat": {
          "mdn_url": "https://developer.mozilla.org/docs/Web/API/Body/blob",
          "support": {
            "chrome": {
              "version_added": "42"
            },
            "chrome_android": {
              "version_added": "42"
            },
            "edge": {
              "version_added": "≤18"
            },
            "firefox": {
              "version_added": "39"
            },
            "firefox_android": {
              "version_added": false
            },
            "ie": {
              "version_added": false
            },
            "opera": {
              "version_added": "29"
            },
            "opera_android": {
              "version_added": "29"
            },
            "safari": {
              "version_added": "10.1"
            },
            "safari_ios": {
              "version_added": "10.3"
            },
            "samsunginternet_android": {
              "version_added": "4.0"
            },
            "webview_android": {
              "version_added": false
            }
          },
          "status": {
            "experimental": true,
            "standard_track": true,
            "deprecated": false
          }
        }
      },
      "body": {
        "__compat": {
          "mdn_url": "https://developer.mozilla.org/docs/Web/API/Body/body",
          "support": {
            "chrome": {
              "version_added": "52"
            },
            "chrome_android": {
              "version_added": "52"
            },
            "edge": {
              "version_added": "≤18"
            },
            "firefox": {
              "version_added": "65"
            },
            "firefox_android": {
              "version_added": "65"
            },
            "ie": {
              "version_added": false
            },
            "opera": {
              "version_added": "39"
            },
            "opera_android": {
              "version_added": "41"
            },
            "safari": {
              "version_added": "11.1"
            },
            "safari_ios": {
              "version_added": "11.3"
            },
            "samsunginternet_android": {
              "version_added": "6.0"
            },
            "webview_android": {
              "version_added": "52"
            }
          },
          "status": {
            "experimental": true,
            "standard_track": true,
            "deprecated": false
          }
        }
      },
      "bodyUsed": {
        "__compat": {
          "mdn_url": "https://developer.mozilla.org/docs/Web/API/Body/bodyUsed",
          "support": {
            "chrome": {
              "version_added": "42"
            },
            "chrome_android": {
              "version_added": false
            },
            "edge": {
              "version_added": "≤18"
            },
            "firefox": {
              "version_added": "39"
            },
            "firefox_android": {
              "version_added": false
            },
            "ie": {
              "version_added": false
            },
            "opera": {
              "version_added": "29"
            },
            "opera_android": {
              "version_added": "29"
            },
            "safari": {
              "version_added": "10.1"
            },
            "safari_ios": {
              "version_added": "10.3"
            },
            "samsunginternet_android": {
              "version_added": false
            },
            "webview_android": {
              "version_added": false
            }
          },
          "status": {
            "experimental": true,
            "standard_track": true,
            "deprecated": false
          }
        }
      },
      "formData": {
        "__compat": {
          "mdn_url": "https://developer.mozilla.org/docs/Web/API/Body/formData",
          "support": {
            "chrome": {
              "version_added": "60"
            },
            "chrome_android": {
              "version_added": "60"
            },
            "edge": {
              "version_added": "≤79"
            },
            "firefox": {
              "version_added": "39"
            },
            "firefox_android": {
              "version_added": false
            },
            "ie": {
              "version_added": false
            },
            "opera": {
              "version_added": "47"
            },
            "opera_android": {
              "version_added": "44"
            },
            "safari": {
              "version_added": "10.1",
              "partial_implementation": true,
              "notes": "From Safari 10.1, the method exists but always rejects with <code>NotSupportedError</code>. See <a href='https://webkit.org/b/215671'>bug 215671</a>."
            },
            "safari_ios": {
              "version_added": "10.3",
              "partial_implementation": true,
              "notes": "From Safari for iOS 10.3, the method exists but always rejects with <code>NotSupportedError</code>. See <a href='https://webkit.org/b/215671'>bug 215671</a>."
            },
            "samsunginternet_android": {
              "version_added": "8.0"
            },
            "webview_android": {
              "version_added": "60"
            }
          },
          "status": {
            "experimental": true,
            "standard_track": true,
            "deprecated": false
          }
        }
      },
      "json": {
        "__compat": {
          "mdn_url": "https://developer.mozilla.org/docs/Web/API/Body/json",
          "support": {
            "chrome": {
              "version_added": "42"
            },
            "chrome_android": {
              "version_added": "42"
            },
            "edge": {
              "version_added": "≤18"
            },
            "firefox": {
              "version_added": "39"
            },
            "firefox_android": {
              "version_added": false
            },
            "ie": {
              "version_added": false
            },
            "opera": {
              "version_added": "29"
            },
            "opera_android": {
              "version_added": "29"
            },
            "safari": {
              "version_added": "10.1"
            },
            "safari_ios": {
              "version_added": "10.3"
            },
            "samsunginternet_android": {
              "version_added": "4.0"
            },
            "webview_android": {
              "version_added": false
            }
          },
          "status": {
            "experimental": true,
            "standard_track": true,
            "deprecated": false
          }
        }
      },
      "text": {
        "__compat": {
          "mdn_url": "https://developer.mozilla.org/docs/Web/API/Body/text",
          "support": {
            "chrome": {
              "version_added": "42"
            },
            "chrome_android": {
              "version_added": "42"
            },
            "edge": {
              "version_added": "≤18"
            },
            "firefox": {
              "version_added": "39"
            },
            "firefox_android": {
              "version_added": false
            },
            "ie": {
              "version_added": false
            },
            "opera": {
              "version_added": "29"
            },
            "opera_android": {
              "version_added": "29"
            },
            "safari": {
              "version_added": "10.1"
            },
            "safari_ios": {
              "version_added": "10.3"
            },
            "samsunginternet_android": {
              "version_added": "4.0"
            },
            "webview_android": {
              "version_added": false
            }
          },
          "status": {
            "experimental": true,
            "standard_track": true,
            "deprecated": false
          }
        }
      }
    }
  }
}
