{
  "api": {
    "CacheStorage": {
      "__compat": {
        "mdn_url": "https://developer.mozilla.org/docs/Web/API/CacheStorage",
        "support": {
          "chrome": {
            "version_added": "40",
            "notes": "Before version 43, only service workers are supported. From version 43, all worker types and the main thread are supported."
          },
          "chrome_android": {
            "version_added": "40",
            "notes": "Before version 43, only service workers are supported. From version 43, all worker types and the main thread are supported"
          },
          "edge": {
            "version_added": "16"
          },
          "firefox": {
            "version_added": "44",
            "notes": "<a href='https://www.mozilla.org/en-US/firefox/organizations/'>Extended Support Releases (ESR)</a> before Firefox 78 ESR do not support service workers and the Push API."
          },
          "firefox_android": {
            "version_added": "44"
          },
          "ie": {
            "version_added": false
          },
          "opera": {
            "version_added": "27",
            "notes": "Before version 30, only service workers are supported. From version 30, all worker types and the main thread are supported."
          },
          "opera_android": {
            "version_added": "27",
            "notes": "Before version 30, only service workers are supported. From version 30, all worker types and the main thread are supported."
          },
          "safari": {
            "version_added": "11.1"
          },
          "safari_ios": {
            "version_added": "11.3"
          },
          "samsunginternet_android": {
            "version_added": "4.0"
          },
          "webview_android": {
            "version_added": "40",
            "notes": "Before version 43, only service workers are supported. From version 43, all worker types and the main thread are supported."
          }
        },
        "status": {
          "experimental": true,
          "standard_track": true,
          "deprecated": false
        }
      },
      "delete": {
        "__compat": {
          "mdn_url": "https://developer.mozilla.org/docs/Web/API/CacheStorage/delete",
          "support": {
            "chrome": {
              "version_added": "40"
            },
            "chrome_android": {
              "version_added": "40"
            },
            "edge": {
              "version_added": "16"
            },
            "firefox": {
              "version_added": "44",
              "notes": "<a href='https://www.mozilla.org/en-US/firefox/organizations/'>Extended Support Releases (ESR)</a> before Firefox 78 ESR do not support service workers and the Push API."
            },
            "firefox_android": {
              "version_added": "44"
            },
            "ie": {
              "version_added": false
            },
            "opera": {
              "version_added": "27"
            },
            "opera_android": {
              "version_added": "27"
            },
            "safari": {
              "version_added": "11.1"
            },
            "safari_ios": {
              "version_added": true
            },
            "samsunginternet_android": {
              "version_added": "4.0"
            },
            "webview_android": {
              "version_added": "40"
            }
          },
          "status": {
            "experimental": true,
            "standard_track": true,
            "deprecated": false
          }
        }
      },
      "has": {
        "__compat": {
          "mdn_url": "https://developer.mozilla.org/docs/Web/API/CacheStorage/has",
          "support": {
            "chrome": {
              "version_added": "40"
            },
            "chrome_android": {
              "version_added": "40"
            },
            "edge": {
              "version_added": "16"
            },
            "firefox": {
              "version_added": "44",
              "notes": "<a href='https://www.mozilla.org/en-US/firefox/organizations/'>Extended Support Releases (ESR)</a> before Firefox 78 ESR do not support service workers and the Push API."
            },
            "firefox_android": {
              "version_added": "44"
            },
            "ie": {
              "version_added": false
            },
            "opera": {
              "version_added": "27"
            },
            "opera_android": {
              "version_added": "27"
            },
            "safari": {
              "version_added": "11.1"
            },
            "safari_ios": {
              "version_added": true
            },
            "samsunginternet_android": {
              "version_added": "4.0"
            },
            "webview_android": {
              "version_added": "40"
            }
          },
          "status": {
            "experimental": true,
            "standard_track": true,
            "deprecated": false
          }
        }
      },
      "keys": {
        "__compat": {
          "mdn_url": "https://developer.mozilla.org/docs/Web/API/CacheStorage/keys",
          "support": {
            "chrome": {
              "version_added": "40"
            },
            "chrome_android": {
              "version_added": "40"
            },
            "edge": {
              "version_added": "16"
            },
            "firefox": {
              "version_added": "44",
              "notes": "<a href='https://www.mozilla.org/en-US/firefox/organizations/'>Extended Support Releases (ESR)</a> before Firefox 78 ESR do not support service workers and the Push API."
            },
            "firefox_android": {
              "version_added": "44"
            },
            "ie": {
              "version_added": false
            },
            "opera": {
              "version_added": "27"
            },
            "opera_android": {
              "version_added": "27"
            },
            "safari": {
              "version_added": "11.1"
            },
            "safari_ios": {
              "version_added": true
            },
            "samsunginternet_android": {
              "version_added": "4.0"
            },
            "webview_android": {
              "version_added": "40"
            }
          },
          "status": {
            "experimental": true,
            "standard_track": true,
            "deprecated": false
          }
        }
      },
      "match": {
        "__compat": {
          "mdn_url": "https://developer.mozilla.org/docs/Web/API/CacheStorage/match",
          "support": {
            "chrome": [
              {
                "version_added": "54"
              },
              {
                "version_added": "40",
                "partial_implementation": true,
                "notes": "The options parameter only supports <code>ignoreSearch</code>, and <code>cacheName</code>."
              }
            ],
            "chrome_android": [
              {
                "version_added": "54"
              },
              {
                "version_added": "40",
                "partial_implementation": true,
                "notes": "The options parameter only supports <code>ignoreSearch</code>, and <code>cacheName</code>."
              }
            ],
            "edge": {
              "version_added": "16"
            },
            "firefox": {
              "version_added": "44",
              "notes": "<a href='https://www.mozilla.org/en-US/firefox/organizations/'>Extended Support Releases (ESR)</a> before Firefox 78 ESR do not support service workers and the Push API."
            },
            "firefox_android": {
              "version_added": "44"
            },
            "ie": {
              "version_added": false
            },
            "opera": [
              {
                "version_added": "41"
              },
              {
                "version_added": "27",
                "partial_implementation": true,
                "notes": "The options parameter only supports <code>ignoreSearch</code>, and <code>cacheName</code>."
              }
            ],
            "opera_android": [
              {
                "version_added": "41"
              },
              {
                "version_added": "27",
                "partial_implementation": true,
                "notes": "The options parameter only supports <code>ignoreSearch</code>, and <code>cacheName</code>."
              }
            ],
            "safari": {
              "version_added": "11.1"
            },
            "safari_ios": {
              "version_added": true
            },
            "samsunginternet_android": [
              {
                "version_added": "6.0"
              },
              {
                "partial_implementation": true,
                "version_added": "4.0",
                "notes": "The options parameter only supports <code>ignoreSearch</code>, and <code>cacheName</code>."
              }
            ],
            "webview_android": [
              {
                "version_added": "54"
              },
              {
                "version_added": "40",
                "partial_implementation": true,
                "notes": "The options parameter only supports <code>ignoreSearch</code>, and <code>cacheName</code>."
              }
            ]
          },
          "status": {
            "experimental": true,
            "standard_track": true,
            "deprecated": false
          }
        }
      },
      "open": {
        "__compat": {
          "mdn_url": "https://developer.mozilla.org/docs/Web/API/CacheStorage/open",
          "support": {
            "chrome": {
              "version_added": "40"
            },
            "chrome_android": {
              "version_added": "40"
            },
            "edge": {
              "version_added": "16"
            },
            "firefox": {
              "version_added": "44",
              "notes": "<a href='https://www.mozilla.org/en-US/firefox/organizations/'>Extended Support Releases (ESR)</a> before Firefox 78 ESR do not support service workers and the Push API."
            },
            "firefox_android": {
              "version_added": "44"
            },
            "ie": {
              "version_added": false
            },
            "opera": {
              "version_added": "27"
            },
            "opera_android": {
              "version_added": "27"
            },
            "safari": {
              "version_added": "11.1"
            },
            "safari_ios": {
              "version_added": true
            },
            "samsunginternet_android": {
              "version_added": "4.0"
            },
            "webview_android": {
              "version_added": "40"
            }
          },
          "status": {
            "experimental": true,
            "standard_track": true,
            "deprecated": false
          }
        }
      },
      "secure_context_required": {
        "__compat": {
          "description": "Secure context required",
          "support": {
            "chrome": {
              "version_added": "65"
            },
            "chrome_android": {
              "version_added": "65"
            },
            "edge": {
              "version_added": "≤79"
            },
            "firefox": {
              "version_added": "44"
            },
            "firefox_android": {
              "version_added": "44"
            },
            "ie": {
              "version_added": false
            },
            "opera": {
              "version_added": "52"
            },
            "opera_android": {
              "version_added": "47"
            },
            "safari": {
              "version_added": true
            },
            "safari_ios": {
              "version_added": true
            },
            "samsunginternet_android": {
              "version_added": "9.0"
            },
            "webview_android": {
              "version_added": "65"
            }
          },
          "status": {
            "experimental": true,
            "standard_track": true,
            "deprecated": false
          }
        }
      },
      "worker_support": {
        "__compat": {
          "description": "Available in workers",
          "support": {
            "chrome": {
              "version_added": "40",
              "notes": "Before version 43, only service workers are supported. From version 43, all worker types and the main thread are supported."
            },
            "chrome_android": {
              "version_added": "40",
              "notes": "Before version 43, only service workers are supported. From version 43, all worker types and the main thread are supported."
            },
            "edge": {
              "version_added": "≤18"
            },
            "firefox": {
              "version_added": "44",
              "notes": "<a href='https://www.mozilla.org/en-US/firefox/organizations/'>Extended Support Releases (ESR)</a> before Firefox 78 ESR do not support service workers."
            },
            "firefox_android": {
              "version_added": "44"
            },
            "ie": {
              "version_added": false
            },
            "opera": {
              "version_added": "27",
              "notes": "Before version 30, only service workers are supported. From version 30, all worker types and the main thread are supported."
            },
            "opera_android": {
              "version_added": "27",
              "notes": "Before version 30, only service workers are supported. From version 30, all worker types and the main thread are supported."
            },
            "safari": {
              "version_added": "11.1"
            },
            "safari_ios": {
              "version_added": "11.3"
            },
            "samsunginternet_android": {
              "version_added": "4.0"
            },
            "webview_android": {
              "version_added": "40",
              "notes": "Before version 43, only service workers are supported. From version 43, all worker types and the main thread are supported."
            }
          },
          "status": {
            "experimental": false,
            "standard_track": true,
            "deprecated": false
          }
        }
      }
    }
  }
}
