{
  "api": {
    "Cache": {
      "__compat": {
        "mdn_url": "https://developer.mozilla.org/docs/Web/API/Cache",
        "support": {
          "chrome": {
            "version_added": "40",
            "notes": "Before version 43, only service workers are supported. From version 43, all worker types and the main thread are supported."
          },
          "chrome_android": {
            "version_added": "40",
            "notes": "Before version 43, only service workers are supported. From version 43, all worker types and the main thread are supported."
          },
          "edge": {
            "version_added": "16"
          },
          "firefox": {
            "version_added": "39",
            "notes": "<a href='https://www.mozilla.org/en-US/firefox/organizations/'>Extended Support Releases (ESR)</a> before Firefox 78 ESR do not support service workers and the Push API."
          },
          "firefox_android": {
            "version_added": "39"
          },
          "ie": {
            "version_added": false
          },
          "opera": {
            "version_added": "27",
            "notes": "Before version 30, only service workers are supported. From version 30, all worker types and the main thread are supported."
          },
          "opera_android": {
            "version_added": "27",
            "notes": "Before version 30, only service workers are supported. From version 30, all worker types and the main thread are supported."
          },
          "safari": {
            "version_added": "11"
          },
          "safari_ios": {
            "version_added": "11"
          },
          "samsunginternet_android": {
            "version_added": "4.0"
          },
          "webview_android": {
            "version_added": "40",
            "notes": "Before version 43, only service workers are supported. From version 43, all worker types and the main thread are supported."
          }
        },
        "status": {
          "experimental": false,
          "standard_track": true,
          "deprecated": false
        }
      },
      "add": {
        "__compat": {
          "mdn_url": "https://developer.mozilla.org/docs/Web/API/Cache/add",
          "support": {
            "chrome": {
              "version_added": "44",
              "notes": "Requires HTTPS from version 46."
            },
            "chrome_android": {
              "version_added": "44",
              "notes": "Requires HTTPS from version 46."
            },
            "edge": {
              "version_added": "16"
            },
            "firefox": {
              "version_added": "39",
              "notes": "<a href='https://www.mozilla.org/en-US/firefox/organizations/'>Extended Support Releases (ESR)</a> before Firefox 78 ESR do not support service workers and the Push API."
            },
            "firefox_android": {
              "version_added": "39"
            },
            "ie": {
              "version_added": false
            },
            "opera": {
              "version_added": "31",
              "notes": "Requires HTTPS from version 33."
            },
            "opera_android": {
              "version_added": "32",
              "notes": "Requires HTTPS from version 33."
            },
            "safari": {
              "version_added": "11"
            },
            "safari_ios": {
              "version_added": "11"
            },
            "samsunginternet_android": {
              "version_added": "4.0",
              "notes": "Requires HTTPS from Samsung Internet 5.0."
            },
            "webview_android": {
              "version_added": "44",
              "notes": "Requires HTTPS from version 46."
            }
          },
          "status": {
            "experimental": false,
            "standard_track": true,
            "deprecated": false
          }
        }
      },
      "addAll": {
        "__compat": {
          "mdn_url": "https://developer.mozilla.org/docs/Web/API/Cache/addAll",
          "support": {
            "chrome": {
              "version_added": "46",
              "notes": "Requires HTTPS."
            },
            "chrome_android": {
              "version_added": "46",
              "notes": "Requires HTTPS."
            },
            "edge": {
              "version_added": "16"
            },
            "firefox": {
              "version_added": "39",
              "notes": "<a href='https://www.mozilla.org/en-US/firefox/organizations/'>Extended Support Releases (ESR)</a> before Firefox 78 ESR do not support service workers and the Push API."
            },
            "firefox_android": {
              "version_added": "39"
            },
            "ie": {
              "version_added": false
            },
            "opera": {
              "version_added": "33",
              "notes": "Requires HTTPS."
            },
            "opera_android": {
              "version_added": "33",
              "notes": "Requires HTTPS."
            },
            "safari": {
              "version_added": "11"
            },
            "safari_ios": {
              "version_added": "11"
            },
            "samsunginternet_android": {
              "version_added": "5.0",
              "notes": "Requires HTTPS."
            },
            "webview_android": {
              "version_added": "46",
              "notes": "Requires HTTPS."
            }
          },
          "status": {
            "experimental": false,
            "standard_track": true,
            "deprecated": false
          }
        }
      },
      "delete": {
        "__compat": {
          "mdn_url": "https://developer.mozilla.org/docs/Web/API/Cache/delete",
          "support": {
            "chrome": {
              "version_added": "43"
            },
            "chrome_android": {
              "version_added": "43"
            },
            "edge": {
              "version_added": "16"
            },
            "firefox": {
              "version_added": "39",
              "notes": "<a href='https://www.mozilla.org/en-US/firefox/organizations/'>Extended Support Releases (ESR)</a> before Firefox 78 ESR do not support service workers and the Push API."
            },
            "firefox_android": {
              "version_added": "39"
            },
            "ie": {
              "version_added": false
            },
            "opera": {
              "version_added": "30"
            },
            "opera_android": {
              "version_added": "30"
            },
            "safari": {
              "version_added": "11"
            },
            "safari_ios": {
              "version_added": "11"
            },
            "samsunginternet_android": {
              "version_added": "4.0"
            },
            "webview_android": {
              "version_added": "43"
            }
          },
          "status": {
            "experimental": false,
            "standard_track": true,
            "deprecated": false
          }
        }
      },
      "keys": {
        "__compat": {
          "mdn_url": "https://developer.mozilla.org/docs/Web/API/Cache/keys",
          "support": {
            "chrome": {
              "version_added": "43"
            },
            "chrome_android": {
              "version_added": "43"
            },
            "edge": {
              "version_added": "16"
            },
            "firefox": {
              "version_added": "39",
              "notes": "<a href='https://www.mozilla.org/en-US/firefox/organizations/'>Extended Support Releases (ESR)</a> before Firefox 78 ESR do not support service workers and the Push API."
            },
            "firefox_android": {
              "version_added": "39"
            },
            "ie": {
              "version_added": false
            },
            "opera": {
              "version_added": "30"
            },
            "opera_android": {
              "version_added": "30"
            },
            "safari": {
              "version_added": "11"
            },
            "safari_ios": {
              "version_added": "11"
            },
            "samsunginternet_android": {
              "version_added": "4.0"
            },
            "webview_android": {
              "version_added": "43"
            }
          },
          "status": {
            "experimental": false,
            "standard_track": true,
            "deprecated": false
          }
        }
      },
      "match": {
        "__compat": {
          "mdn_url": "https://developer.mozilla.org/docs/Web/API/Cache/match",
          "support": {
            "chrome": {
              "version_added": "43"
            },
            "chrome_android": {
              "version_added": "43"
            },
            "edge": {
              "version_added": "16"
            },
            "firefox": {
              "version_added": "39",
              "notes": "<a href='https://www.mozilla.org/en-US/firefox/organizations/'>Extended Support Releases (ESR)</a> before Firefox 78 ESR do not support service workers and the Push API."
            },
            "firefox_android": {
              "version_added": "39"
            },
            "ie": {
              "version_added": false
            },
            "opera": {
              "version_added": "30"
            },
            "opera_android": {
              "version_added": "30"
            },
            "safari": {
              "version_added": "11"
            },
            "safari_ios": {
              "version_added": "11"
            },
            "samsunginternet_android": {
              "version_added": "4.0"
            },
            "webview_android": {
              "version_added": "43"
            }
          },
          "status": {
            "experimental": false,
            "standard_track": true,
            "deprecated": false
          }
        }
      },
      "matchAll": {
        "__compat": {
          "mdn_url": "https://developer.mozilla.org/docs/Web/API/Cache/matchAll",
          "support": {
            "chrome": {
              "version_added": "47"
            },
            "chrome_android": {
              "version_added": "47"
            },
            "edge": {
              "version_added": "16"
            },
            "firefox": {
              "version_added": "39",
              "notes": "<a href='https://www.mozilla.org/en-US/firefox/organizations/'>Extended Support Releases (ESR)</a> before Firefox 78 ESR do not support service workers and the Push API."
            },
            "firefox_android": {
              "version_added": "39"
            },
            "ie": {
              "version_added": false
            },
            "opera": {
              "version_added": "34",
              "notes": "Requires HTTPS."
            },
            "opera_android": {
              "version_added": "34"
            },
            "safari": {
              "version_added": "11"
            },
            "safari_ios": {
              "version_added": "11"
            },
            "samsunginternet_android": {
              "version_added": "5.0"
            },
            "webview_android": {
              "version_added": "47"
            }
          },
          "status": {
            "experimental": false,
            "standard_track": true,
            "deprecated": false
          }
        }
      },
      "put": {
        "__compat": {
          "mdn_url": "https://developer.mozilla.org/docs/Web/API/Cache/put",
          "support": {
            "chrome": {
              "version_added": "43",
              "notes": "Requires HTTPS from version 46."
            },
            "chrome_android": {
              "version_added": "43",
              "notes": "Requires HTTPS from version 46."
            },
            "edge": {
              "version_added": "16"
            },
            "firefox": {
              "version_added": "39",
              "notes": "<a href='https://www.mozilla.org/en-US/firefox/organizations/'>Extended Support Releases (ESR)</a> before Firefox 78 ESR do not support service workers and the Push API."
            },
            "firefox_android": {
              "version_added": "39"
            },
            "ie": {
              "version_added": false
            },
            "opera": {
              "version_added": "30",
              "notes": "Requires HTTPS from version 33."
            },
            "opera_android": {
              "version_added": "30",
              "notes": "Requires HTTPS from version 33."
            },
            "safari": {
              "version_added": "11"
            },
            "safari_ios": {
              "version_added": "11"
            },
            "samsunginternet_android": {
              "version_added": "4.0",
              "notes": "Requires HTTPS from Samsung Internet 5.0."
            },
            "webview_android": {
              "version_added": "43",
              "notes": "Requires HTTPS from version 46."
            }
          },
          "status": {
            "experimental": false,
            "standard_track": true,
            "deprecated": false
          }
        }
      },
      "worker_support": {
        "__compat": {
          "description": "Available in workers",
          "support": {
            "chrome": {
              "version_added": "40",
              "notes": "Before version 43, only service workers are supported. From version 43, all worker types and the main thread are supported."
            },
            "chrome_android": {
              "version_added": "40",
              "notes": "Before version 43, only service workers are supported. From version 43, all worker types and the main thread are supported."
            },
            "edge": {
              "version_added": "16"
            },
            "firefox": {
              "version_added": "44",
              "notes": "<a href='https://www.mozilla.org/en-US/firefox/organizations/'>Extended Support Releases (ESR)</a> before Firefox 78 ESR do not support service workers."
            },
            "firefox_android": {
              "version_added": "44"
            },
            "ie": {
              "version_added": false
            },
            "opera": {
              "version_added": "27",
              "notes": "Before version 30, only service workers are supported. From version 30, all worker types and the main thread are supported."
            },
            "opera_android": {
              "version_added": "27",
              "notes": "Before version 30, only service workers are supported. From version 30, all worker types and the main thread are supported."
            },
            "safari": {
              "version_added": "11"
            },
            "safari_ios": {
              "version_added": "11"
            },
            "samsunginternet_android": {
              "version_added": "4.0"
            },
            "webview_android": {
              "version_added": "40",
              "notes": "Before version 43, only service workers are supported. From version 43, all worker types and the main thread are supported."
            }
          },
          "status": {
            "experimental": false,
            "standard_track": true,
            "deprecated": false
          }
        }
      }
    }
  }
}
