{
  "api": {
    "CanvasPattern": {
      "__compat": {
        "mdn_url": "https://developer.mozilla.org/docs/Web/API/CanvasPattern",
        "support": {
          "chrome": {
            "version_added": "4"
          },
          "chrome_android": {
            "version_added": "18"
          },
          "edge": {
            "version_added": "12"
          },
          "firefox": {
            "version_added": "3.6"
          },
          "firefox_android": {
            "version_added": "4"
          },
          "ie": {
            "version_added": "9"
          },
          "opera": {
            "version_added": "9"
          },
          "opera_android": {
            "version_added": "10.1"
          },
          "safari": {
            "version_added": "3.1"
          },
          "safari_ios": {
            "version_added": "3.2"
          },
          "samsunginternet_android": {
            "version_added": "1.0"
          },
          "webview_android": {
            "version_added": "≤37"
          }
        },
        "status": {
          "experimental": false,
          "standard_track": true,
          "deprecated": false
        }
      },
      "setTransform": {
        "__compat": {
          "mdn_url": "https://developer.mozilla.org/docs/Web/API/CanvasPattern/setTransform",
          "support": {
            "chrome": {
              "version_added": "68"
            },
            "chrome_android": {
              "version_added": "68"
            },
            "edge": {
              "version_added": "79"
            },
            "firefox": {
              "version_added": "33"
            },
            "firefox_android": {
              "version_added": "33"
            },
            "ie": {
              "version_added": false
            },
            "opera": {
              "version_added": "9"
            },
            "opera_android": {
              "version_added": "10.1"
            },
            "safari": {
              "version_added": "11.1"
            },
            "safari_ios": {
              "version_added": "11.3"
            },
            "samsunginternet_android": {
              "version_added": "10.0"
            },
            "webview_android": {
              "version_added": "68"
            }
          },
          "status": {
            "experimental": false,
            "standard_track": true,
            "deprecated": false
          }
        },
        "dommatrix": {
          "__compat": {
            "description": "Accepts a <code>DOMMatrix2DInit</code>-like object parameter",
            "support": {
              "chrome": {
                "version_added": "68"
              },
              "chrome_android": {
                "version_added": "68"
              },
              "edge": {
                "version_added": "79"
              },
              "firefox": {
                "version_added": "79"
              },
              "firefox_android": {
                "version_added": "79"
              },
              "ie": {
                "version_added": false
              },
              "opera": {
                "version_added": "55"
              },
              "opera_android": {
                "version_added": "48"
              },
              "safari": {
                "version_added": "11.1"
              },
              "safari_ios": {
                "version_added": "11.3"
              },
              "samsunginternet_android": {
                "version_added": "10.0"
              },
              "webview_android": {
                "version_added": "68"
              }
            },
            "status": {
              "experimental": false,
              "standard_track": true,
              "deprecated": false
            }
          }
        }
      }
    }
  }
}
