{
  "api": {
    "Comment": {
      "__compat": {
        "mdn_url": "https://developer.mozilla.org/docs/Web/API/Comment",
        "support": {
          "chrome": {
            "version_added": "1"
          },
          "chrome_android": {
            "version_added": "18"
          },
          "edge": {
            "version_added": "12"
          },
          "firefox": {
            "version_added": "1"
          },
          "firefox_android": {
            "version_added": true
          },
          "ie": {
            "version_added": "9"
          },
          "opera": {
            "version_added": "≤12.1"
          },
          "opera_android": {
            "version_added": "≤12.1"
          },
          "safari": {
            "version_added": "3"
          },
          "safari_ios": {
            "version_added": "1"
          },
          "samsunginternet_android": {
            "version_added": "1.0"
          },
          "webview_android": {
            "version_added": "1"
          }
        },
        "status": {
          "experimental": false,
          "standard_track": true,
          "deprecated": false
        }
      },
      "Comment": {
        "__compat": {
          "mdn_url": "https://developer.mozilla.org/docs/Web/API/Comment/Comment",
          "description": "<code>Comment()</code> constructor",
          "support": {
            "chrome": {
              "version_added": "29"
            },
            "chrome_android": {
              "version_added": "29"
            },
            "edge": {
              "version_added": "16"
            },
            "firefox": {
              "version_added": "24"
            },
            "firefox_android": {
              "version_added": "24"
            },
            "ie": {
              "version_added": false
            },
            "opera": {
              "version_added": "16"
            },
            "opera_android": {
              "version_added": "16"
            },
            "safari": {
              "version_added": "7"
            },
            "safari_ios": {
              "version_added": "7"
            },
            "samsunginternet_android": {
              "version_added": "2.0"
            },
            "webview_android": {
              "version_added": "≤37"
            }
          },
          "status": {
            "experimental": true,
            "standard_track": true,
            "deprecated": false
          }
        }
      }
    }
  }
}
