{
  "api": {
    "CompositionEvent": {
      "__compat": {
        "mdn_url": "https://developer.mozilla.org/docs/Web/API/CompositionEvent",
        "support": {
          "chrome": {
            "version_added": true
          },
          "chrome_android": {
            "version_added": true
          },
          "edge": {
            "version_added": "12"
          },
          "firefox": {
            "version_added": "9"
          },
          "firefox_android": {
            "version_added": "9"
          },
          "ie": {
            "version_added": true
          },
          "opera": {
            "version_added": false
          },
          "opera_android": {
            "version_added": true
          },
          "safari": {
            "version_added": true
          },
          "safari_ios": {
            "version_added": true
          },
          "samsunginternet_android": {
            "version_added": true
          },
          "webview_android": {
            "version_added": true
          }
        },
        "status": {
          "experimental": false,
          "standard_track": true,
          "deprecated": false
        }
      },
      "CompositionEvent": {
        "__compat": {
          "mdn_url": "https://developer.mozilla.org/docs/Web/API/CompositionEvent/CompositionEvent",
          "description": "<code>CompositionEvent()</code> constructor",
          "support": {
            "chrome": {
              "version_added": true
            },
            "chrome_android": {
              "version_added": true
            },
            "edge": {
              "version_added": "12"
            },
            "firefox": {
              "version_added": "53"
            },
            "firefox_android": {
              "version_added": "53"
            },
            "ie": {
              "version_added": true
            },
            "opera": {
              "version_added": false
            },
            "opera_android": {
              "version_added": null
            },
            "safari": {
              "version_added": true
            },
            "safari_ios": {
              "version_added": true
            },
            "samsunginternet_android": {
              "version_added": true
            },
            "webview_android": {
              "version_added": true
            }
          },
          "status": {
            "experimental": false,
            "standard_track": true,
            "deprecated": false
          }
        }
      },
      "data": {
        "__compat": {
          "mdn_url": "https://developer.mozilla.org/docs/Web/API/CompositionEvent/data",
          "support": {
            "chrome": {
              "version_added": true
            },
            "chrome_android": {
              "version_added": true
            },
            "edge": {
              "version_added": "12"
            },
            "firefox": {
              "version_added": "9"
            },
            "firefox_android": {
              "version_added": "9"
            },
            "ie": {
              "version_added": true
            },
            "opera": {
              "version_added": false
            },
            "opera_android": {
              "version_added": true
            },
            "safari": {
              "version_added": true
            },
            "safari_ios": {
              "version_added": true
            },
            "samsunginternet_android": {
              "version_added": true
            },
            "webview_android": {
              "version_added": true
            }
          },
          "status": {
            "experimental": false,
            "standard_track": true,
            "deprecated": false
          }
        }
      },
      "initCompositionEvent": {
        "__compat": {
          "mdn_url": "https://developer.mozilla.org/docs/Web/API/CompositionEvent/initCompositionEvent",
          "support": {
            "chrome": {
              "version_added": true
            },
            "chrome_android": {
              "version_added": true
            },
            "edge": {
              "version_added": "12"
            },
            "firefox": {
              "version_added": "9"
            },
            "firefox_android": {
              "version_added": "9"
            },
            "ie": {
              "version_added": true
            },
            "opera": {
              "version_added": false
            },
            "opera_android": {
              "version_added": null
            },
            "safari": {
              "version_added": true
            },
            "safari_ios": {
              "version_added": true
            },
            "samsunginternet_android": {
              "version_added": true
            },
            "webview_android": {
              "version_added": true
            }
          },
          "status": {
            "experimental": false,
            "standard_track": false,
            "deprecated": true
          }
        }
      },
      "locale": {
        "__compat": {
          "mdn_url": "https://developer.mozilla.org/docs/Web/API/CompositionEvent/locale",
          "support": {
            "chrome": {
              "version_added": true
            },
            "chrome_android": {
              "version_added": true
            },
            "edge": {
              "version_added": "12"
            },
            "firefox": {
              "version_added": "9"
            },
            "firefox_android": {
              "version_added": "9"
            },
            "ie": {
              "version_added": true
            },
            "opera": {
              "version_added": false
            },
            "opera_android": {
              "version_added": null
            },
            "safari": {
              "version_added": null
            },
            "safari_ios": {
              "version_added": null
            },
            "samsunginternet_android": {
              "version_added": true
            },
            "webview_android": {
              "version_added": true
            }
          },
          "status": {
            "experimental": false,
            "standard_track": false,
            "deprecated": true
          }
        }
      }
    }
  }
}
