{
  "api": {
    "ContactsManager": {
      "__compat": {
        "mdn_url": "https://developer.mozilla.org/docs/Web/API/ContactsManager",
        "support": {
          "chrome": {
            "version_added": false
          },
          "chrome_android": {
            "version_added": "80"
          },
          "edge": {
            "version_added": false
          },
          "firefox": {
            "version_added": false
          },
          "firefox_android": {
            "version_added": false
          },
          "ie": {
            "version_added": false
          },
          "opera": {
            "version_added": "57"
          },
          "opera_android": {
            "version_added": true
          },
          "safari": {
            "version_added": false
          },
          "safari_ios": {
            "version_added": false
          },
          "samsunginternet_android": {
            "version_added": "13.0"
          },
          "webview_android": {
            "version_added": "80"
          }
        },
        "status": {
          "experimental": true,
          "standard_track": false,
          "deprecated": false
        }
      },
      "getProperties": {
        "__compat": {
          "mdn_url": "https://developer.mozilla.org/docs/Web/API/ContactsManager/getProperties",
          "support": {
            "chrome": {
              "version_added": false
            },
            "chrome_android": {
              "version_added": "80"
            },
            "edge": {
              "version_added": false
            },
            "firefox": {
              "version_added": false
            },
            "firefox_android": {
              "version_added": false
            },
            "ie": {
              "version_added": false
            },
            "opera": {
              "version_added": true
            },
            "opera_android": {
              "version_added": "57"
            },
            "safari": {
              "version_added": false
            },
            "safari_ios": {
              "version_added": false
            },
            "samsunginternet_android": {
              "version_added": "13.0"
            },
            "webview_android": {
              "version_added": "80"
            }
          },
          "status": {
            "experimental": true,
            "standard_track": false,
            "deprecated": false
          }
        }
      },
      "select": {
        "__compat": {
          "mdn_url": "https://developer.mozilla.org/docs/Web/API/ContactsManager/select",
          "support": {
            "chrome": {
              "version_added": false
            },
            "chrome_android": {
              "version_added": "80"
            },
            "edge": {
              "version_added": false
            },
            "firefox": {
              "version_added": false
            },
            "firefox_android": {
              "version_added": false
            },
            "ie": {
              "version_added": false
            },
            "opera": {
              "version_added": true
            },
            "opera_android": {
              "version_added": "57"
            },
            "safari": {
              "version_added": false
            },
            "safari_ios": {
              "version_added": false
            },
            "samsunginternet_android": {
              "version_added": "13.0"
            },
            "webview_android": {
              "version_added": "80"
            }
          },
          "status": {
            "experimental": true,
            "standard_track": false,
            "deprecated": false
          }
        }
      }
    }
  }
}
