{
  "api": {
    "CountQueuingStrategy": {
      "__compat": {
        "mdn_url": "https://developer.mozilla.org/docs/Web/API/CountQueuingStrategy",
        "support": {
          "chrome": {
            "version_added": "59"
          },
          "chrome_android": {
            "version_added": "59"
          },
          "edge": {
            "version_added": "16"
          },
          "firefox": [
            {
              "version_added": "65"
            },
            {
              "version_added": "57",
              "flags": [
                {
                  "type": "preference",
                  "name": "dom.streams.enabled",
                  "value_to_set": "true"
                },
                {
                  "type": "preference",
                  "name": "javascript.options.streams",
                  "value_to_set": "true"
                }
              ]
            }
          ],
          "firefox_android": [
            {
              "version_added": "65"
            },
            {
              "version_added": "57",
              "flags": [
                {
                  "type": "preference",
                  "name": "dom.streams.enabled",
                  "value_to_set": "true"
                },
                {
                  "type": "preference",
                  "name": "javascript.options.streams",
                  "value_to_set": "true"
                }
              ]
            }
          ],
          "ie": {
            "version_added": false
          },
          "opera": {
            "version_added": "46"
          },
          "opera_android": {
            "version_added": "43"
          },
          "safari": {
            "version_added": "10.1"
          },
          "safari_ios": {
            "version_added": "10.3"
          },
          "samsunginternet_android": {
            "version_added": "7.0"
          },
          "webview_android": {
            "version_added": "59"
          }
        },
        "status": {
          "experimental": true,
          "standard_track": true,
          "deprecated": false
        }
      },
      "CountQueuingStrategy": {
        "__compat": {
          "mdn_url": "https://developer.mozilla.org/docs/Web/API/CountQueuingStrategy/CountQueuingStrategy",
          "description": "<code>CountQueuingStrategy()</code> constructor",
          "support": {
            "chrome": {
              "version_added": "59"
            },
            "chrome_android": {
              "version_added": "59"
            },
            "edge": {
              "version_added": "16"
            },
            "firefox": [
              {
                "version_added": "65"
              },
              {
                "version_added": "57",
                "flags": [
                  {
                    "type": "preference",
                    "name": "dom.streams.enabled",
                    "value_to_set": "true"
                  },
                  {
                    "type": "preference",
                    "name": "javascript.options.streams",
                    "value_to_set": "true"
                  }
                ]
              }
            ],
            "firefox_android": [
              {
                "version_added": "65"
              },
              {
                "version_added": "57",
                "flags": [
                  {
                    "type": "preference",
                    "name": "dom.streams.enabled",
                    "value_to_set": "true"
                  },
                  {
                    "type": "preference",
                    "name": "javascript.options.streams",
                    "value_to_set": "true"
                  }
                ]
              }
            ],
            "ie": {
              "version_added": false
            },
            "opera": {
              "version_added": "46"
            },
            "opera_android": {
              "version_added": "43"
            },
            "safari": {
              "version_added": "10.1"
            },
            "safari_ios": {
              "version_added": "10.3"
            },
            "samsunginternet_android": {
              "version_added": "7.0"
            },
            "webview_android": {
              "version_added": "59"
            }
          },
          "status": {
            "experimental": true,
            "standard_track": true,
            "deprecated": false
          }
        }
      },
      "highWaterMark": {
        "__compat": {
          "support": {
            "chrome": {
              "version_added": "78"
            },
            "chrome_android": {
              "version_added": "78"
            },
            "edge": {
              "version_added": "16"
            },
            "firefox": [
              {
                "version_added": "65",
                "partial_implementation": true,
                "notes": "The property is defined on the instance instead of the prototype object. See <a href='https://bugzil.la/1684316'>bug 1684316</a>"
              },
              {
                "version_added": "57",
                "flags": [
                  {
                    "type": "preference",
                    "name": "dom.streams.enabled",
                    "value_to_set": "true"
                  },
                  {
                    "type": "preference",
                    "name": "javascript.options.streams",
                    "value_to_set": "true"
                  }
                ]
              }
            ],
            "firefox_android": [
              {
                "version_added": "65",
                "partial_implementation": true,
                "notes": "The property is defined on the instance instead of the prototype object. See <a href='https://bugzil.la/1684316'>bug 1684316</a>"
              },
              {
                "version_added": "57",
                "flags": [
                  {
                    "type": "preference",
                    "name": "dom.streams.enabled",
                    "value_to_set": "true"
                  },
                  {
                    "type": "preference",
                    "name": "javascript.options.streams",
                    "value_to_set": "true"
                  }
                ]
              }
            ],
            "ie": {
              "version_added": false
            },
            "opera": {
              "version_added": "65"
            },
            "opera_android": {
              "version_added": "56"
            },
            "safari": {
              "version_added": false
            },
            "safari_ios": {
              "version_added": false
            },
            "samsunginternet_android": {
              "version_added": "12.0"
            },
            "webview_android": {
              "version_added": "78"
            }
          },
          "status": {
            "experimental": false,
            "standard_track": true,
            "deprecated": false
          }
        }
      },
      "size": {
        "__compat": {
          "mdn_url": "https://developer.mozilla.org/docs/Web/API/CountQueuingStrategy/size",
          "support": {
            "chrome": {
              "version_added": "59"
            },
            "chrome_android": {
              "version_added": "59"
            },
            "edge": {
              "version_added": "16"
            },
            "firefox": [
              {
                "version_added": "65"
              },
              {
                "version_added": "57",
                "flags": [
                  {
                    "type": "preference",
                    "name": "dom.streams.enabled",
                    "value_to_set": "true"
                  },
                  {
                    "type": "preference",
                    "name": "javascript.options.streams",
                    "value_to_set": "true"
                  }
                ]
              }
            ],
            "firefox_android": [
              {
                "version_added": "65"
              },
              {
                "version_added": "57",
                "flags": [
                  {
                    "type": "preference",
                    "name": "dom.streams.enabled",
                    "value_to_set": "true"
                  },
                  {
                    "type": "preference",
                    "name": "javascript.options.streams",
                    "value_to_set": "true"
                  }
                ]
              }
            ],
            "ie": {
              "version_added": false
            },
            "opera": {
              "version_added": "46"
            },
            "opera_android": {
              "version_added": "43"
            },
            "safari": {
              "version_added": "10.1"
            },
            "safari_ios": {
              "version_added": "10.3"
            },
            "samsunginternet_android": {
              "version_added": "7.0"
            },
            "webview_android": {
              "version_added": "59"
            }
          },
          "status": {
            "experimental": true,
            "standard_track": true,
            "deprecated": false
          }
        }
      }
    }
  }
}
