{
  "api": {
    "Credential": {
      "__compat": {
        "mdn_url": "https://developer.mozilla.org/docs/Web/API/Credential",
        "support": {
          "chrome": {
            "version_added": "51"
          },
          "chrome_android": {
            "version_added": "51"
          },
          "edge": {
            "version_added": "18"
          },
          "firefox": {
            "version_added": "60"
          },
          "firefox_android": {
            "version_added": "60"
          },
          "ie": {
            "version_added": false
          },
          "opera": {
            "version_added": "38"
          },
          "opera_android": {
            "version_added": "41"
          },
          "safari": {
            "version_added": "13"
          },
          "safari_ios": {
            "version_added": "13"
          },
          "samsunginternet_android": {
            "version_added": "5.0"
          },
          "webview_android": {
            "version_added": "51"
          }
        },
        "status": {
          "experimental": true,
          "standard_track": true,
          "deprecated": false
        }
      },
      "id": {
        "__compat": {
          "mdn_url": "https://developer.mozilla.org/docs/Web/API/Credential/id",
          "support": {
            "chrome": {
              "version_added": "51"
            },
            "chrome_android": {
              "version_added": "51"
            },
            "edge": {
              "version_added": "18"
            },
            "firefox": {
              "version_added": "60"
            },
            "firefox_android": {
              "version_added": "60"
            },
            "ie": {
              "version_added": false
            },
            "opera": {
              "version_added": "38"
            },
            "opera_android": {
              "version_added": "41"
            },
            "safari": {
              "version_added": "13"
            },
            "safari_ios": {
              "version_added": "13"
            },
            "samsunginternet_android": {
              "version_added": "5.0"
            },
            "webview_android": {
              "version_added": "51"
            }
          },
          "status": {
            "experimental": true,
            "standard_track": true,
            "deprecated": false
          }
        }
      },
      "type": {
        "__compat": {
          "mdn_url": "https://developer.mozilla.org/docs/Web/API/Credential/type",
          "support": {
            "chrome": {
              "version_added": "51"
            },
            "chrome_android": {
              "version_added": "51"
            },
            "edge": {
              "version_added": "18"
            },
            "firefox": {
              "version_added": "60"
            },
            "firefox_android": {
              "version_added": "60"
            },
            "ie": {
              "version_added": false
            },
            "opera": {
              "version_added": "38"
            },
            "opera_android": {
              "version_added": "41"
            },
            "safari": {
              "version_added": "13"
            },
            "safari_ios": {
              "version_added": "13"
            },
            "samsunginternet_android": {
              "version_added": "5.0"
            },
            "webview_android": {
              "version_added": "51"
            }
          },
          "status": {
            "experimental": true,
            "standard_track": true,
            "deprecated": false
          }
        }
      }
    }
  }
}
