{
  "api": {
    "CSSAnimation": {
      "__compat": {
        "mdn_url": "https://developer.mozilla.org/docs/Web/API/CSSAnimation",
        "support": {
          "chrome": {
            "version_added": "84"
          },
          "chrome_android": {
            "version_added": "84"
          },
          "edge": {
            "version_added": "84"
          },
          "firefox": {
            "version_added": "75"
          },
          "firefox_android": {
            "version_added": "79"
          },
          "ie": {
            "version_added": false
          },
          "opera": {
            "version_added": "70"
          },
          "opera_android": {
            "version_added": "60"
          },
          "safari": {
            "version_added": "13.1"
          },
          "safari_ios": {
            "version_added": "13.4"
          },
          "samsunginternet_android": {
            "version_added": false
          },
          "webview_android": {
            "version_added": "84"
          }
        },
        "status": {
          "experimental": true,
          "standard_track": true,
          "deprecated": false
        }
      },
      "animationName": {
        "__compat": {
          "mdn_url": "https://developer.mozilla.org/docs/Web/API/CSSAnimation/animationName",
          "support": {
            "chrome": {
              "version_added": "84"
            },
            "chrome_android": {
              "version_added": "84"
            },
            "edge": {
              "version_added": "84"
            },
            "firefox": {
              "version_added": "75"
            },
            "firefox_android": {
              "version_added": "79"
            },
            "ie": {
              "version_added": false
            },
            "opera": {
              "version_added": "70"
            },
            "opera_android": {
              "version_added": "60"
            },
            "safari": {
              "version_added": "13.1"
            },
            "safari_ios": {
              "version_added": "13.4"
            },
            "samsunginternet_android": {
              "version_added": false
            },
            "webview_android": {
              "version_added": "84"
            }
          },
          "status": {
            "experimental": true,
            "standard_track": true,
            "deprecated": false
          }
        }
      }
    }
  }
}
