{
  "api": {
    "CSSKeyframeRule": {
      "__compat": {
        "mdn_url": "https://developer.mozilla.org/docs/Web/API/CSSKeyframeRule",
        "support": {
          "chrome": [
            {
              "version_added": "31"
            },
            {
              "version_added": "1",
              "version_removed": "31",
              "prefix": "WebKit"
            }
          ],
          "chrome_android": [
            {
              "version_added": "31"
            },
            {
              "version_added": "18",
              "version_removed": "31",
              "prefix": "WebKit"
            }
          ],
          "edge": {
            "version_added": "12"
          },
          "firefox": [
            {
              "version_added": "48"
            },
            {
              "version_added": "5",
              "version_removed": "48",
              "prefix": "Moz"
            }
          ],
          "firefox_android": [
            {
              "version_added": "48"
            },
            {
              "version_added": "5",
              "version_removed": "48",
              "prefix": "Moz"
            }
          ],
          "ie": {
            "version_added": "10"
          },
          "opera": [
            {
              "version_added": "18"
            },
            {
              "version_added": "15",
              "version_removed": "18",
              "prefix": "WebKit"
            },
            {
              "version_added": "12",
              "version_removed": "15"
            }
          ],
          "opera_android": [
            {
              "version_added": "18"
            },
            {
              "version_added": "14",
              "version_removed": "18",
              "prefix": "WebKit"
            },
            {
              "version_added": "12",
              "version_removed": "14"
            }
          ],
          "safari": [
            {
              "version_added": "9"
            },
            {
              "version_added": "4",
              "version_removed": "9",
              "prefix": "WebKit"
            }
          ],
          "safari_ios": [
            {
              "version_added": "9"
            },
            {
              "version_added": "3.2",
              "version_removed": "9",
              "prefix": "WebKit"
            }
          ],
          "samsunginternet_android": [
            {
              "version_added": "2.0"
            },
            {
              "version_added": "1.0",
              "version_removed": "2.0",
              "prefix": "WebKit"
            }
          ],
          "webview_android": [
            {
              "version_added": "4.4.3"
            },
            {
              "version_added": "1",
              "version_removed": "4.4.3",
              "prefix": "WebKit"
            }
          ]
        },
        "status": {
          "experimental": true,
          "standard_track": true,
          "deprecated": false
        }
      },
      "keyText": {
        "__compat": {
          "mdn_url": "https://developer.mozilla.org/docs/Web/API/CSSKeyframeRule/keyText",
          "support": {
            "chrome": {
              "version_added": "1"
            },
            "chrome_android": {
              "version_added": "18"
            },
            "edge": {
              "version_added": "12"
            },
            "firefox": {
              "version_added": "5"
            },
            "firefox_android": {
              "version_added": "5"
            },
            "ie": {
              "version_added": "10"
            },
            "opera": {
              "version_added": "12"
            },
            "opera_android": {
              "version_added": "12"
            },
            "safari": {
              "version_added": "4"
            },
            "safari_ios": {
              "version_added": "4"
            },
            "samsunginternet_android": {
              "version_added": "1.0"
            },
            "webview_android": {
              "version_added": "1"
            }
          },
          "status": {
            "experimental": true,
            "standard_track": true,
            "deprecated": false
          }
        }
      },
      "style": {
        "__compat": {
          "mdn_url": "https://developer.mozilla.org/docs/Web/API/CSSKeyframeRule/style",
          "support": {
            "chrome": {
              "version_added": "1"
            },
            "chrome_android": {
              "version_added": "18"
            },
            "edge": {
              "version_added": "12"
            },
            "firefox": {
              "version_added": "5"
            },
            "firefox_android": {
              "version_added": "5"
            },
            "ie": {
              "version_added": "10"
            },
            "opera": {
              "version_added": "12"
            },
            "opera_android": {
              "version_added": "12"
            },
            "safari": {
              "version_added": "4"
            },
            "safari_ios": {
              "version_added": "3.2"
            },
            "samsunginternet_android": {
              "version_added": "1.0"
            },
            "webview_android": {
              "version_added": "1"
            }
          },
          "status": {
            "experimental": true,
            "standard_track": true,
            "deprecated": false
          }
        }
      }
    }
  }
}
