{
  "api": {
    "CSSKeyframesRule": {
      "__compat": {
        "mdn_url": "https://developer.mozilla.org/docs/Web/API/CSSKeyframesRule",
        "support": {
          "chrome": [
            {
              "version_added": "31"
            },
            {
              "version_added": "1",
              "version_removed": "31",
              "prefix": "WebKit"
            }
          ],
          "chrome_android": [
            {
              "version_added": "31"
            },
            {
              "version_added": "18",
              "version_removed": "31",
              "prefix": "WebKit"
            }
          ],
          "edge": {
            "version_added": "12"
          },
          "firefox": [
            {
              "version_added": "48"
            },
            {
              "version_added": "5",
              "version_removed": "48",
              "prefix": "Moz"
            }
          ],
          "firefox_android": [
            {
              "version_added": "48"
            },
            {
              "version_added": "5",
              "version_removed": "48",
              "prefix": "Moz"
            }
          ],
          "ie": {
            "version_added": "10"
          },
          "opera": [
            {
              "version_added": "18"
            },
            {
              "version_added": "15",
              "version_removed": "18",
              "prefix": "WebKit"
            },
            {
              "version_added": "12.1",
              "version_removed": "15"
            },
            {
              "version_added": "12",
              "version_removed": "12.1",
              "prefix": "O"
            }
          ],
          "opera_android": [
            {
              "version_added": "18"
            },
            {
              "version_added": "14",
              "version_removed": "18",
              "prefix": "WebKit"
            },
            {
              "version_added": "12.1",
              "version_removed": "14"
            },
            {
              "version_added": "12",
              "version_removed": "12.1",
              "prefix": "O"
            }
          ],
          "safari": [
            {
              "version_added": "9.1"
            },
            {
              "version_added": "4",
              "version_removed": "9.1",
              "prefix": "WebKit"
            }
          ],
          "safari_ios": [
            {
              "version_added": "9.3"
            },
            {
              "version_added": "3.2",
              "version_removed": "9.3",
              "prefix": "WebKit"
            }
          ],
          "samsunginternet_android": [
            {
              "version_added": "2.0"
            },
            {
              "version_added": "1.0",
              "version_removed": "2.0",
              "prefix": "WebKit"
            }
          ],
          "webview_android": [
            {
              "version_added": "4.4.3"
            },
            {
              "version_added": "1",
              "version_removed": "4.4.3",
              "prefix": "WebKit"
            }
          ]
        },
        "status": {
          "experimental": true,
          "standard_track": true,
          "deprecated": false
        }
      },
      "appendRule": {
        "__compat": {
          "mdn_url": "https://developer.mozilla.org/docs/Web/API/CSSKeyframesRule/appendRule",
          "support": {
            "chrome": [
              {
                "version_added": "41"
              },
              {
                "version_added": "1",
                "version_removed": "45",
                "alternative_name": "insertRule"
              }
            ],
            "chrome_android": [
              {
                "version_added": "41"
              },
              {
                "version_added": "18",
                "version_removed": "45",
                "alternative_name": "insertRule"
              }
            ],
            "edge": {
              "version_added": "12"
            },
            "firefox": [
              {
                "version_added": "22"
              },
              {
                "version_added": "5",
                "version_removed": "22",
                "alternative_name": "insertRule"
              }
            ],
            "firefox_android": [
              {
                "version_added": "22"
              },
              {
                "version_added": "5",
                "version_removed": "22",
                "alternative_name": "insertRule"
              }
            ],
            "ie": {
              "version_added": "10"
            },
            "opera": [
              {
                "version_added": "28"
              },
              {
                "version_added": "15",
                "version_removed": "31",
                "alternative_name": "insertRule"
              },
              {
                "version_added": "12",
                "version_removed": "15"
              }
            ],
            "opera_android": [
              {
                "version_added": "28"
              },
              {
                "version_added": "14",
                "version_removed": "32",
                "alternative_name": "insertRule"
              },
              {
                "version_added": "12",
                "version_removed": "14"
              }
            ],
            "safari": [
              {
                "version_added": "9.1"
              },
              {
                "version_added": "4",
                "alternative_name": "insertRule"
              }
            ],
            "safari_ios": [
              {
                "version_added": "9.3"
              },
              {
                "version_added": "3.2",
                "alternative_name": "insertRule"
              }
            ],
            "samsunginternet_android": [
              {
                "version_added": "4.0"
              },
              {
                "version_added": "1.0",
                "version_removed": "5.0",
                "alternative_name": "insertRule"
              }
            ],
            "webview_android": [
              {
                "version_added": "41"
              },
              {
                "version_added": "1",
                "version_removed": "45",
                "alternative_name": "insertRule"
              }
            ]
          },
          "status": {
            "experimental": true,
            "standard_track": true,
            "deprecated": false
          }
        }
      },
      "cssRules": {
        "__compat": {
          "mdn_url": "https://developer.mozilla.org/docs/Web/API/CSSKeyframesRule/cssRules",
          "support": {
            "chrome": {
              "version_added": "44"
            },
            "chrome_android": {
              "version_added": "44"
            },
            "edge": {
              "version_added": "12"
            },
            "firefox": {
              "version_added": "5"
            },
            "firefox_android": {
              "version_added": "5"
            },
            "ie": {
              "version_added": "10"
            },
            "opera": {
              "version_added": "31"
            },
            "opera_android": {
              "version_added": "32"
            },
            "safari": {
              "version_added": "9.1"
            },
            "safari_ios": {
              "version_added": "9.3"
            },
            "samsunginternet_android": {
              "version_added": "4.0"
            },
            "webview_android": {
              "version_added": "44"
            }
          },
          "status": {
            "experimental": true,
            "standard_track": true,
            "deprecated": false
          }
        }
      },
      "deleteRule": {
        "__compat": {
          "mdn_url": "https://developer.mozilla.org/docs/Web/API/CSSKeyframesRule/deleteRule",
          "support": {
            "chrome": {
              "version_added": "1"
            },
            "chrome_android": {
              "version_added": "18"
            },
            "edge": {
              "version_added": "12"
            },
            "firefox": {
              "version_added": "5"
            },
            "firefox_android": {
              "version_added": "5"
            },
            "ie": {
              "version_added": "10"
            },
            "opera": {
              "version_added": "12"
            },
            "opera_android": {
              "version_added": "12"
            },
            "safari": {
              "version_added": "4"
            },
            "safari_ios": {
              "version_added": "3.2"
            },
            "samsunginternet_android": {
              "version_added": "1.0"
            },
            "webview_android": {
              "version_added": "1"
            }
          },
          "status": {
            "experimental": true,
            "standard_track": true,
            "deprecated": false
          }
        }
      },
      "findRule": {
        "__compat": {
          "mdn_url": "https://developer.mozilla.org/docs/Web/API/CSSKeyframesRule/findRule",
          "support": {
            "chrome": {
              "version_added": "1"
            },
            "chrome_android": {
              "version_added": "18"
            },
            "edge": {
              "version_added": "12"
            },
            "firefox": {
              "version_added": "5"
            },
            "firefox_android": {
              "version_added": "5"
            },
            "ie": {
              "version_added": "10"
            },
            "opera": {
              "version_added": "12"
            },
            "opera_android": {
              "version_added": "12"
            },
            "safari": {
              "version_added": "4"
            },
            "safari_ios": {
              "version_added": "3.2"
            },
            "samsunginternet_android": {
              "version_added": "1.0"
            },
            "webview_android": {
              "version_added": "1"
            }
          },
          "status": {
            "experimental": true,
            "standard_track": true,
            "deprecated": false
          }
        }
      },
      "name": {
        "__compat": {
          "mdn_url": "https://developer.mozilla.org/docs/Web/API/CSSKeyframesRule/name",
          "support": {
            "chrome": {
              "version_added": "44"
            },
            "chrome_android": {
              "version_added": "44"
            },
            "edge": {
              "version_added": "12"
            },
            "firefox": {
              "version_added": "5"
            },
            "firefox_android": {
              "version_added": "5"
            },
            "ie": {
              "version_added": "10"
            },
            "opera": {
              "version_added": "31"
            },
            "opera_android": {
              "version_added": "32"
            },
            "safari": {
              "version_added": "9.1"
            },
            "safari_ios": {
              "version_added": "9.3"
            },
            "samsunginternet_android": {
              "version_added": "4.0"
            },
            "webview_android": {
              "version_added": "44"
            }
          },
          "status": {
            "experimental": true,
            "standard_track": true,
            "deprecated": false
          }
        }
      }
    }
  }
}
