{
  "api": {
    "CSSNamespaceRule": {
      "__compat": {
        "mdn_url": "https://developer.mozilla.org/docs/Web/API/CSSNamespaceRule",
        "support": {
          "chrome": {
            "version_added": "47"
          },
          "chrome_android": {
            "version_added": "47"
          },
          "edge": {
            "version_added": "12"
          },
          "firefox": {
            "version_added": "53"
          },
          "firefox_android": {
            "version_added": "53"
          },
          "ie": {
            "version_added": "9"
          },
          "opera": {
            "version_added": "36"
          },
          "opera_android": {
            "version_added": "36"
          },
          "safari": {
            "version_added": "10.1"
          },
          "safari_ios": {
            "version_added": "10.3"
          },
          "samsunginternet_android": {
            "version_added": "5.0"
          },
          "webview_android": {
            "version_added": "47"
          }
        },
        "status": {
          "experimental": false,
          "standard_track": true,
          "deprecated": false
        }
      },
      "namespaceURI": {
        "__compat": {
          "mdn_url": "https://developer.mozilla.org/docs/Web/API/CSSNamespaceRule/namespaceURI",
          "support": {
            "chrome": {
              "version_added": "47"
            },
            "chrome_android": {
              "version_added": "47"
            },
            "edge": {
              "version_added": "12"
            },
            "firefox": {
              "version_added": "59"
            },
            "firefox_android": {
              "version_added": "59"
            },
            "ie": {
              "version_added": "9"
            },
            "opera": {
              "version_added": "36"
            },
            "opera_android": {
              "version_added": "36"
            },
            "safari": {
              "version_added": "10.1"
            },
            "safari_ios": {
              "version_added": "10.3"
            },
            "samsunginternet_android": {
              "version_added": "5.0"
            },
            "webview_android": {
              "version_added": "47"
            }
          },
          "status": {
            "experimental": false,
            "standard_track": true,
            "deprecated": false
          }
        }
      },
      "prefix": {
        "__compat": {
          "mdn_url": "https://developer.mozilla.org/docs/Web/API/CSSNamespaceRule/prefix",
          "support": {
            "chrome": {
              "version_added": "47"
            },
            "chrome_android": {
              "version_added": "47"
            },
            "edge": {
              "version_added": "12"
            },
            "firefox": {
              "version_added": "59"
            },
            "firefox_android": {
              "version_added": "59"
            },
            "ie": {
              "version_added": "9"
            },
            "opera": {
              "version_added": "36"
            },
            "opera_android": {
              "version_added": "36"
            },
            "safari": {
              "version_added": "10.1"
            },
            "safari_ios": {
              "version_added": "10.3"
            },
            "samsunginternet_android": {
              "version_added": "5.0"
            },
            "webview_android": {
              "version_added": "47"
            }
          },
          "status": {
            "experimental": false,
            "standard_track": true,
            "deprecated": false
          }
        }
      }
    }
  }
}
