{
  "api": {
    "CSSPropertyRule": {
      "__compat": {
        "mdn_url": "https://developer.mozilla.org/docs/Web/API/CSSPropertyRule",
        "support": {
          "chrome": {
            "version_added": "85"
          },
          "chrome_android": {
            "version_added": "85"
          },
          "edge": {
            "version_added": "85"
          },
          "firefox": {
            "version_added": false
          },
          "firefox_android": {
            "version_added": false
          },
          "ie": {
            "version_added": false
          },
          "opera": {
            "version_added": "71"
          },
          "opera_android": {
            "version_added": "60"
          },
          "safari": {
            "version_added": false
          },
          "safari_ios": {
            "version_added": false
          },
          "samsunginternet_android": {
            "version_added": false
          },
          "webview_android": {
            "version_added": "85"
          }
        },
        "status": {
          "experimental": false,
          "standard_track": true,
          "deprecated": false
        }
      },
      "inherits": {
        "__compat": {
          "mdn_url": "https://developer.mozilla.org/docs/Web/API/CSSPropertyRule/inherits",
          "support": {
            "chrome": {
              "version_added": "85"
            },
            "chrome_android": {
              "version_added": "85"
            },
            "edge": {
              "version_added": "85"
            },
            "firefox": {
              "version_added": false
            },
            "firefox_android": {
              "version_added": false
            },
            "ie": {
              "version_added": false
            },
            "opera": {
              "version_added": "71"
            },
            "opera_android": {
              "version_added": "60"
            },
            "safari": {
              "version_added": false
            },
            "safari_ios": {
              "version_added": false
            },
            "samsunginternet_android": {
              "version_added": false
            },
            "webview_android": {
              "version_added": "85"
            }
          },
          "status": {
            "experimental": false,
            "standard_track": true,
            "deprecated": false
          }
        }
      },
      "initialValue": {
        "__compat": {
          "mdn_url": "https://developer.mozilla.org/docs/Web/API/CSSPropertyRule/initialValue",
          "support": {
            "chrome": {
              "version_added": "85"
            },
            "chrome_android": {
              "version_added": "85"
            },
            "edge": {
              "version_added": "85"
            },
            "firefox": {
              "version_added": false
            },
            "firefox_android": {
              "version_added": false
            },
            "ie": {
              "version_added": false
            },
            "opera": {
              "version_added": "71"
            },
            "opera_android": {
              "version_added": "60"
            },
            "safari": {
              "version_added": false
            },
            "safari_ios": {
              "version_added": false
            },
            "samsunginternet_android": {
              "version_added": false
            },
            "webview_android": {
              "version_added": "85"
            }
          },
          "status": {
            "experimental": false,
            "standard_track": true,
            "deprecated": false
          }
        }
      },
      "name": {
        "__compat": {
          "mdn_url": "https://developer.mozilla.org/docs/Web/API/CSSPropertyRule/name",
          "support": {
            "chrome": {
              "version_added": "85"
            },
            "chrome_android": {
              "version_added": "85"
            },
            "edge": {
              "version_added": "85"
            },
            "firefox": {
              "version_added": false
            },
            "firefox_android": {
              "version_added": false
            },
            "ie": {
              "version_added": false
            },
            "opera": {
              "version_added": "71"
            },
            "opera_android": {
              "version_added": "60"
            },
            "safari": {
              "version_added": false
            },
            "safari_ios": {
              "version_added": false
            },
            "samsunginternet_android": {
              "version_added": false
            },
            "webview_android": {
              "version_added": "85"
            }
          },
          "status": {
            "experimental": false,
            "standard_track": true,
            "deprecated": false
          }
        }
      },
      "syntax": {
        "__compat": {
          "mdn_url": "https://developer.mozilla.org/docs/Web/API/CSSPropertyRule/syntax",
          "support": {
            "chrome": {
              "version_added": "85"
            },
            "chrome_android": {
              "version_added": "85"
            },
            "edge": {
              "version_added": "85"
            },
            "firefox": {
              "version_added": false
            },
            "firefox_android": {
              "version_added": false
            },
            "ie": {
              "version_added": false
            },
            "opera": {
              "version_added": "71"
            },
            "opera_android": {
              "version_added": "60"
            },
            "safari": {
              "version_added": false
            },
            "safari_ios": {
              "version_added": false
            },
            "samsunginternet_android": {
              "version_added": false
            },
            "webview_android": {
              "version_added": "85"
            }
          },
          "status": {
            "experimental": false,
            "standard_track": true,
            "deprecated": false
          }
        }
      }
    }
  }
}
