{
  "api": {
    "CSSPseudoElement": {
      "__compat": {
        "mdn_url": "https://developer.mozilla.org/docs/Web/API/CSSPseudoElement",
        "support": {
          "chrome": {
            "version_added": false
          },
          "chrome_android": {
            "version_added": false
          },
          "edge": {
            "version_added": false
          },
          "firefox": [
            {
              "version_added": "75",
              "flags": [
                {
                  "type": "preference",
                  "name": "dom.css_pseudo_element.enabled"
                }
              ]
            },
            {
              "version_added": "63",
              "version_removed": "75",
              "flags": [
                {
                  "type": "preference",
                  "name": "dom.animations-api.getAnimations.enabled"
                }
              ]
            },
            {
              "version_added": "47",
              "version_removed": "63",
              "flags": [
                {
                  "type": "preference",
                  "name": "dom.animations-api.core.enabled"
                }
              ]
            }
          ],
          "firefox_android": [
            {
              "version_added": "63",
              "flags": [
                {
                  "type": "preference",
                  "name": "dom.animations-api.getAnimations.enabled"
                }
              ]
            },
            {
              "version_added": "47",
              "version_removed": "63",
              "flags": [
                {
                  "type": "preference",
                  "name": "dom.animations-api.core.enabled"
                }
              ]
            }
          ],
          "ie": {
            "version_added": false
          },
          "opera": {
            "version_added": false
          },
          "opera_android": {
            "version_added": false
          },
          "safari": {
            "version_added": false
          },
          "safari_ios": {
            "version_added": false
          },
          "samsunginternet_android": {
            "version_added": false
          },
          "webview_android": {
            "version_added": false
          }
        },
        "status": {
          "experimental": true,
          "standard_track": true,
          "deprecated": false
        }
      },
      "element": {
        "__compat": {
          "mdn_url": "https://developer.mozilla.org/docs/Web/API/CSSPseudoElement/element",
          "support": {
            "chrome": {
              "version_added": false
            },
            "chrome_android": {
              "version_added": false
            },
            "edge": {
              "version_added": false
            },
            "firefox": [
              {
                "version_added": "75",
                "flags": [
                  {
                    "type": "preference",
                    "name": "dom.css_pseudo_element.enabled"
                  }
                ]
              },
              {
                "version_added": "67",
                "version_removed": "75",
                "flags": [
                  {
                    "type": "preference",
                    "name": "dom.animations-api.getAnimations.enabled"
                  }
                ]
              },
              {
                "alternative_name": "parentElement",
                "version_added": "63",
                "version_removed": "67",
                "flags": [
                  {
                    "type": "preference",
                    "name": "dom.animations-api.getAnimations.enabled"
                  }
                ]
              },
              {
                "alternative_name": "parentElement",
                "version_added": "47",
                "version_removed": "63",
                "flags": [
                  {
                    "type": "preference",
                    "name": "dom.animations-api.core.enabled"
                  }
                ]
              }
            ],
            "firefox_android": [
              {
                "version_added": "67",
                "flags": [
                  {
                    "type": "preference",
                    "name": "dom.animations-api.getAnimations.enabled"
                  }
                ]
              },
              {
                "alternative_name": "parentElement",
                "version_added": "63",
                "version_removed": "67",
                "flags": [
                  {
                    "type": "preference",
                    "name": "dom.animations-api.getAnimations.enabled"
                  }
                ]
              },
              {
                "alternative_name": "parentElement",
                "version_added": "47",
                "version_removed": "63",
                "flags": [
                  {
                    "type": "preference",
                    "name": "dom.animations-api.core.enabled"
                  }
                ]
              }
            ],
            "ie": {
              "version_added": false
            },
            "opera": {
              "version_added": false
            },
            "opera_android": {
              "version_added": false
            },
            "safari": {
              "version_added": false
            },
            "safari_ios": {
              "version_added": false
            },
            "samsunginternet_android": {
              "version_added": false
            },
            "webview_android": {
              "version_added": false
            }
          },
          "status": {
            "experimental": true,
            "standard_track": true,
            "deprecated": false
          }
        }
      },
      "type": {
        "__compat": {
          "mdn_url": "https://developer.mozilla.org/docs/Web/API/CSSPseudoElement/type",
          "support": {
            "chrome": {
              "version_added": false
            },
            "chrome_android": {
              "version_added": false
            },
            "edge": {
              "version_added": false
            },
            "firefox": [
              {
                "version_added": "75",
                "flags": [
                  {
                    "type": "preference",
                    "name": "dom.css_pseudo_element.enabled"
                  }
                ]
              },
              {
                "version_added": "63",
                "version_removed": "75",
                "flags": [
                  {
                    "type": "preference",
                    "name": "dom.animations-api.getAnimations.enabled"
                  }
                ]
              },
              {
                "version_added": "47",
                "version_removed": "63",
                "flags": [
                  {
                    "type": "preference",
                    "name": "dom.animations-api.core.enabled"
                  }
                ]
              }
            ],
            "firefox_android": [
              {
                "version_added": "63",
                "flags": [
                  {
                    "type": "preference",
                    "name": "dom.animations-api.getAnimations.enabled"
                  }
                ]
              },
              {
                "version_added": "47",
                "version_removed": "63",
                "flags": [
                  {
                    "type": "preference",
                    "name": "dom.animations-api.core.enabled"
                  }
                ]
              }
            ],
            "ie": {
              "version_added": false
            },
            "opera": {
              "version_added": false
            },
            "opera_android": {
              "version_added": false
            },
            "safari": {
              "version_added": false
            },
            "safari_ios": {
              "version_added": false
            },
            "samsunginternet_android": {
              "version_added": false
            },
            "webview_android": {
              "version_added": false
            }
          },
          "status": {
            "experimental": true,
            "standard_track": true,
            "deprecated": false
          }
        }
      }
    }
  }
}
