{
  "api": {
    "CSSSupportsRule": {
      "__compat": {
        "mdn_url": "https://developer.mozilla.org/docs/Web/API/CSSSupportsRule",
        "support": {
          "chrome": {
            "version_added": "28"
          },
          "chrome_android": {
            "version_added": "28"
          },
          "edge": {
            "version_added": "12"
          },
          "firefox": {
            "version_added": "22"
          },
          "firefox_android": {
            "version_added": "22"
          },
          "ie": {
            "version_added": false
          },
          "opera": {
            "version_added": "12.1"
          },
          "opera_android": [
            {
              "version_added": "15"
            },
            {
              "version_added": "12.1",
              "version_removed": "14"
            }
          ],
          "safari": {
            "version_added": "9"
          },
          "safari_ios": {
            "version_added": "9"
          },
          "samsunginternet_android": {
            "version_added": "1.5"
          },
          "webview_android": {
            "version_added": "≤37"
          }
        },
        "status": {
          "experimental": false,
          "standard_track": true,
          "deprecated": false
        }
      }
    }
  }
}
