{
  "api": {
    "CSSTransition": {
      "__compat": {
        "mdn_url": "https://developer.mozilla.org/docs/Web/API/CSSTransition",
        "support": {
          "chrome": {
            "version_added": "78"
          },
          "chrome_android": {
            "version_added": "78"
          },
          "edge": {
            "version_added": "84"
          },
          "firefox": {
            "version_added": "75"
          },
          "firefox_android": {
            "version_added": false
          },
          "ie": {
            "version_added": false
          },
          "opera": {
            "version_added": "65"
          },
          "opera_android": {
            "version_added": "56"
          },
          "safari": {
            "version_added": "13.1"
          },
          "safari_ios": {
            "version_added": "13.4"
          },
          "samsunginternet_android": {
            "version_added": "12.0"
          },
          "webview_android": {
            "version_added": "78"
          }
        },
        "status": {
          "experimental": false,
          "standard_track": true,
          "deprecated": false
        }
      },
      "transitionProperty": {
        "__compat": {
          "mdn_url": "https://developer.mozilla.org/docs/Web/API/CSSTransition/transitionProperty",
          "support": {
            "chrome": {
              "version_added": "84"
            },
            "chrome_android": {
              "version_added": "78"
            },
            "edge": {
              "version_added": "84"
            },
            "firefox": {
              "version_added": "75"
            },
            "firefox_android": {
              "version_added": false
            },
            "ie": {
              "version_added": false
            },
            "opera": {
              "version_added": "65"
            },
            "opera_android": {
              "version_added": "56"
            },
            "safari": {
              "version_added": "13.1"
            },
            "safari_ios": {
              "version_added": "13.4"
            },
            "samsunginternet_android": {
              "version_added": "12.0"
            },
            "webview_android": {
              "version_added": "78"
            }
          },
          "status": {
            "experimental": false,
            "standard_track": true,
            "deprecated": false
          }
        }
      }
    }
  }
}
