{
  "api": {
    "DecompressionStream": {
      "__compat": {
        "support": {
          "chrome": {
            "version_added": "80"
          },
          "chrome_android": {
            "version_added": "80"
          },
          "edge": {
            "version_added": "80"
          },
          "firefox": {
            "version_added": false
          },
          "firefox_android": {
            "version_added": false
          },
          "ie": {
            "version_added": false
          },
          "opera": {
            "version_added": "67"
          },
          "opera_android": {
            "version_added": "57"
          },
          "safari": {
            "version_added": false
          },
          "safari_ios": {
            "version_added": false
          },
          "samsunginternet_android": {
            "version_added": "13.0"
          },
          "webview_android": {
            "version_added": "80"
          }
        },
        "status": {
          "experimental": false,
          "standard_track": false,
          "deprecated": false
        }
      },
      "DecompressionStream": {
        "__compat": {
          "description": "<code>DecompressionStream()</code> constructor",
          "support": {
            "chrome": {
              "version_added": "80"
            },
            "chrome_android": {
              "version_added": "80"
            },
            "edge": {
              "version_added": "80"
            },
            "firefox": {
              "version_added": false
            },
            "firefox_android": {
              "version_added": false
            },
            "ie": {
              "version_added": false
            },
            "opera": {
              "version_added": "67"
            },
            "opera_android": {
              "version_added": "57"
            },
            "safari": {
              "version_added": false
            },
            "safari_ios": {
              "version_added": false
            },
            "samsunginternet_android": {
              "version_added": "13.0"
            },
            "webview_android": {
              "version_added": "80"
            }
          },
          "status": {
            "experimental": false,
            "standard_track": false,
            "deprecated": false
          }
        }
      },
      "readable": {
        "__compat": {
          "support": {
            "chrome": {
              "version_added": "80"
            },
            "chrome_android": {
              "version_added": "80"
            },
            "edge": {
              "version_added": "80"
            },
            "firefox": {
              "version_added": false
            },
            "firefox_android": {
              "version_added": false
            },
            "ie": {
              "version_added": false
            },
            "opera": {
              "version_added": "67"
            },
            "opera_android": {
              "version_added": "57"
            },
            "safari": {
              "version_added": false
            },
            "safari_ios": {
              "version_added": false
            },
            "samsunginternet_android": {
              "version_added": "13.0"
            },
            "webview_android": {
              "version_added": "80"
            }
          },
          "status": {
            "experimental": false,
            "standard_track": false,
            "deprecated": false
          }
        }
      },
      "writable": {
        "__compat": {
          "support": {
            "chrome": {
              "version_added": "80"
            },
            "chrome_android": {
              "version_added": "80"
            },
            "edge": {
              "version_added": "80"
            },
            "firefox": {
              "version_added": false
            },
            "firefox_android": {
              "version_added": false
            },
            "ie": {
              "version_added": false
            },
            "opera": {
              "version_added": "67"
            },
            "opera_android": {
              "version_added": "57"
            },
            "safari": {
              "version_added": false
            },
            "safari_ios": {
              "version_added": false
            },
            "samsunginternet_android": {
              "version_added": "13.0"
            },
            "webview_android": {
              "version_added": "80"
            }
          },
          "status": {
            "experimental": false,
            "standard_track": false,
            "deprecated": false
          }
        }
      }
    }
  }
}
