{
  "api": {
    "DeviceMotionEventRotationRate": {
      "__compat": {
        "mdn_url": "https://developer.mozilla.org/docs/Web/API/DeviceMotionEventRotationRate",
        "support": {
          "chrome": {
            "version_added": false
          },
          "chrome_android": [
            {
              "version_added": "74"
            },
            {
              "alternative_name": "DeviceRotation",
              "version_added": "28",
              "version_removed": "73"
            }
          ],
          "edge": {
            "version_added": "12",
            "version_removed": "79"
          },
          "firefox": {
            "version_added": null
          },
          "firefox_android": {
            "version_added": null
          },
          "ie": {
            "version_added": false
          },
          "opera": {
            "version_added": null
          },
          "opera_android": {
            "version_added": null
          },
          "safari": {
            "version_added": "5.1",
            "partial_implementation": true,
            "notes": "Doesn't expose the <code>DeviceMotionEventRotationRate</code> interface itself."
          },
          "safari_ios": {
            "version_added": "5",
            "partial_implementation": true,
            "notes": "Doesn't expose the <code>DeviceMotionEventRotationRate</code> interface itself."
          },
          "samsunginternet_android": [
            {
              "version_added": "11.0"
            },
            {
              "alternative_name": "DeviceRotation",
              "version_added": "1.5",
              "version_removed": "11.0"
            }
          ],
          "webview_android": [
            {
              "version_added": "74"
            },
            {
              "alternative_name": "DeviceAcceleration",
              "version_added": "≤37",
              "version_removed": "73"
            }
          ]
        },
        "status": {
          "experimental": true,
          "standard_track": true,
          "deprecated": false
        }
      },
      "alpha": {
        "__compat": {
          "mdn_url": "https://developer.mozilla.org/docs/Web/API/DeviceMotionEventRotationRate/alpha",
          "support": {
            "chrome": {
              "version_added": false
            },
            "chrome_android": {
              "version_added": "28"
            },
            "edge": {
              "version_added": "12",
              "version_removed": "79"
            },
            "firefox": {
              "version_added": null
            },
            "firefox_android": {
              "version_added": null
            },
            "ie": {
              "version_added": false
            },
            "opera": {
              "version_added": null
            },
            "opera_android": {
              "version_added": null
            },
            "safari": {
              "version_added": "5.1",
              "partial_implementation": true,
              "notes": "Doesn't expose the <code>DeviceMotionEventRotationRate</code> interface itself."
            },
            "safari_ios": {
              "version_added": "5",
              "partial_implementation": true,
              "notes": "Doesn't expose the <code>DeviceMotionEventRotationRate</code> interface itself."
            },
            "samsunginternet_android": {
              "version_added": "1.5"
            },
            "webview_android": {
              "version_added": "≤37"
            }
          },
          "status": {
            "experimental": true,
            "standard_track": true,
            "deprecated": false
          }
        }
      },
      "beta": {
        "__compat": {
          "mdn_url": "https://developer.mozilla.org/docs/Web/API/DeviceMotionEventRotationRate/beta",
          "support": {
            "chrome": {
              "version_added": false
            },
            "chrome_android": {
              "version_added": "28"
            },
            "edge": {
              "version_added": "12",
              "version_removed": "79"
            },
            "firefox": {
              "version_added": null
            },
            "firefox_android": {
              "version_added": null
            },
            "ie": {
              "version_added": false
            },
            "opera": {
              "version_added": null
            },
            "opera_android": {
              "version_added": null
            },
            "safari": {
              "version_added": "5.1",
              "partial_implementation": true,
              "notes": "Doesn't expose the <code>DeviceMotionEventRotationRate</code> interface itself."
            },
            "safari_ios": {
              "version_added": "5",
              "partial_implementation": true,
              "notes": "Doesn't expose the <code>DeviceMotionEventRotationRate</code> interface itself."
            },
            "samsunginternet_android": {
              "version_added": "1.5"
            },
            "webview_android": {
              "version_added": "≤37"
            }
          },
          "status": {
            "experimental": true,
            "standard_track": true,
            "deprecated": false
          }
        }
      },
      "gamma": {
        "__compat": {
          "mdn_url": "https://developer.mozilla.org/docs/Web/API/DeviceMotionEventRotationRate/gamma",
          "support": {
            "chrome": {
              "version_added": false
            },
            "chrome_android": {
              "version_added": "28"
            },
            "edge": {
              "version_added": "12",
              "version_removed": "79"
            },
            "firefox": {
              "version_added": null
            },
            "firefox_android": {
              "version_added": null
            },
            "ie": {
              "version_added": false
            },
            "opera": {
              "version_added": null
            },
            "opera_android": {
              "version_added": null
            },
            "safari": {
              "version_added": "5.1",
              "partial_implementation": true,
              "notes": "Doesn't expose the <code>DeviceMotionEventRotationRate</code> interface itself."
            },
            "safari_ios": {
              "version_added": "5",
              "partial_implementation": true,
              "notes": "Doesn't expose the <code>DeviceMotionEventRotationRate</code> interface itself."
            },
            "samsunginternet_android": {
              "version_added": "1.5"
            },
            "webview_android": {
              "version_added": "≤37"
            }
          },
          "status": {
            "experimental": true,
            "standard_track": true,
            "deprecated": false
          }
        }
      },
      "secure_context_required": {
        "__compat": {
          "description": "Secure context required",
          "support": {
            "chrome": {
              "version_added": false
            },
            "chrome_android": {
              "version_added": "28"
            },
            "edge": {
              "version_added": false
            },
            "firefox": {
              "version_added": null
            },
            "firefox_android": {
              "version_added": null
            },
            "ie": {
              "version_added": false
            },
            "opera": {
              "version_added": null
            },
            "opera_android": {
              "version_added": null
            },
            "safari": {
              "version_added": "5.1",
              "partial_implementation": true,
              "notes": "Doesn't expose the <code>DeviceMotionEventRotationRate</code> interface itself."
            },
            "safari_ios": {
              "version_added": "5",
              "partial_implementation": true,
              "notes": "Doesn't expose the <code>DeviceMotionEventRotationRate</code> interface itself."
            },
            "samsunginternet_android": {
              "version_added": "1.5"
            },
            "webview_android": {
              "version_added": "≤37"
            }
          },
          "status": {
            "experimental": true,
            "standard_track": true,
            "deprecated": false
          }
        }
      }
    }
  }
}
