{
  "api": {
    "DeviceOrientationEvent": {
      "__compat": {
        "mdn_url": "https://developer.mozilla.org/docs/Web/API/DeviceOrientationEvent",
        "support": {
          "chrome": {
            "version_added": "7",
            "notes": "Before version 50, Chrome provided absolute values instead of relative values for this event. Developers still needing absolute values may use the <code>ondeviceorientationabsolute</code> event."
          },
          "chrome_android": {
            "version_added": "18",
            "notes": "Before version 50, Chrome provided absolute values instead of relative values for this event. Developers still needing absolute values may use the <code>ondeviceorientationabsolute</code> event."
          },
          "edge": {
            "version_added": "12"
          },
          "firefox": {
            "version_added": "6",
            "notes": "Firefox 3.6, 4, and 5 supported <code>mozOrientation</code> instead of the standard DeviceOrientationEvent interface."
          },
          "firefox_android": {
            "version_added": "6",
            "notes": "Firefox 3.6, 4, and 5 supported <code>mozOrientation</code> instead of the standard DeviceOrientationEvent interface."
          },
          "ie": {
            "version_added": false
          },
          "opera": {
            "version_added": "15"
          },
          "opera_android": {
            "version_added": "14"
          },
          "safari": {
            "version_added": "5"
          },
          "safari_ios": {
            "version_added": "4.2"
          },
          "samsunginternet_android": {
            "version_added": "1.0",
            "notes": "Before Samsung Internet 5.0, Samsung Internet provided absolute values instead of relative values for this event. Developers still needing absolute values may use the <code>ondeviceorientationabsolute</code> event."
          },
          "webview_android": {
            "version_added": "≤37",
            "notes": "Before version 50, Chrome provided absolute values instead of relative values for this event. Developers still needing absolute values may use the <code>ondeviceorientationabsolute</code> event."
          }
        },
        "status": {
          "experimental": true,
          "standard_track": true,
          "deprecated": false
        }
      },
      "DeviceOrientationEvent": {
        "__compat": {
          "mdn_url": "https://developer.mozilla.org/docs/Web/API/DeviceOrientationEvent/DeviceOrientationEvent",
          "description": "<code>DeviceOrientationEvent()</code> constructor",
          "support": {
            "chrome": {
              "version_added": "59"
            },
            "chrome_android": {
              "version_added": "59"
            },
            "edge": {
              "version_added": "≤79"
            },
            "firefox": {
              "version_added": null
            },
            "firefox_android": {
              "version_added": null
            },
            "ie": {
              "version_added": false
            },
            "opera": {
              "version_added": null
            },
            "opera_android": {
              "version_added": null
            },
            "safari": {
              "version_added": null
            },
            "safari_ios": {
              "version_added": null
            },
            "samsunginternet_android": {
              "version_added": "7.0"
            },
            "webview_android": {
              "version_added": "59"
            }
          },
          "status": {
            "experimental": true,
            "standard_track": false,
            "deprecated": false
          }
        }
      },
      "absolute": {
        "__compat": {
          "mdn_url": "https://developer.mozilla.org/docs/Web/API/DeviceOrientationEvent/absolute",
          "support": {
            "chrome": {
              "version_added": "7"
            },
            "chrome_android": {
              "version_added": true
            },
            "edge": {
              "version_added": "12"
            },
            "firefox": {
              "version_added": "6"
            },
            "firefox_android": {
              "version_added": "6"
            },
            "ie": {
              "version_added": false
            },
            "opera": {
              "version_added": true
            },
            "opera_android": {
              "version_added": true
            },
            "safari": {
              "version_added": null
            },
            "safari_ios": {
              "version_added": "4.2"
            },
            "samsunginternet_android": {
              "version_added": true
            },
            "webview_android": {
              "version_added": "≤37"
            }
          },
          "status": {
            "experimental": true,
            "standard_track": true,
            "deprecated": false
          }
        }
      },
      "alpha": {
        "__compat": {
          "mdn_url": "https://developer.mozilla.org/docs/Web/API/DeviceOrientationEvent/alpha",
          "support": {
            "chrome": {
              "version_added": "7"
            },
            "chrome_android": {
              "version_added": true
            },
            "edge": {
              "version_added": "12"
            },
            "firefox": {
              "version_added": "6"
            },
            "firefox_android": {
              "version_added": "6"
            },
            "ie": {
              "version_added": false
            },
            "opera": {
              "version_added": true
            },
            "opera_android": {
              "version_added": true
            },
            "safari": {
              "version_added": null
            },
            "safari_ios": {
              "version_added": "4.2"
            },
            "samsunginternet_android": {
              "version_added": true
            },
            "webview_android": {
              "version_added": "≤37"
            }
          },
          "status": {
            "experimental": true,
            "standard_track": true,
            "deprecated": false
          }
        }
      },
      "beta": {
        "__compat": {
          "mdn_url": "https://developer.mozilla.org/docs/Web/API/DeviceOrientationEvent/beta",
          "support": {
            "chrome": {
              "version_added": "7"
            },
            "chrome_android": {
              "version_added": true
            },
            "edge": {
              "version_added": "12"
            },
            "firefox": {
              "version_added": "6"
            },
            "firefox_android": {
              "version_added": "6"
            },
            "ie": {
              "version_added": false
            },
            "opera": {
              "version_added": true
            },
            "opera_android": {
              "version_added": true
            },
            "safari": {
              "version_added": null
            },
            "safari_ios": {
              "version_added": "4.2"
            },
            "samsunginternet_android": {
              "version_added": true
            },
            "webview_android": {
              "version_added": "≤37"
            }
          },
          "status": {
            "experimental": true,
            "standard_track": true,
            "deprecated": false
          }
        }
      },
      "gamma": {
        "__compat": {
          "mdn_url": "https://developer.mozilla.org/docs/Web/API/DeviceOrientationEvent/gamma",
          "support": {
            "chrome": {
              "version_added": "7"
            },
            "chrome_android": {
              "version_added": true
            },
            "edge": {
              "version_added": "12"
            },
            "firefox": {
              "version_added": "6"
            },
            "firefox_android": {
              "version_added": "6"
            },
            "ie": {
              "version_added": false
            },
            "opera": {
              "version_added": true
            },
            "opera_android": {
              "version_added": true
            },
            "safari": {
              "version_added": null
            },
            "safari_ios": {
              "version_added": "4.2"
            },
            "samsunginternet_android": {
              "version_added": true
            },
            "webview_android": {
              "version_added": "≤37"
            }
          },
          "status": {
            "experimental": true,
            "standard_track": true,
            "deprecated": false
          }
        }
      }
    }
  }
}
