{
  "api": {
    "DocumentType": {
      "__compat": {
        "mdn_url": "https://developer.mozilla.org/docs/Web/API/DocumentType",
        "support": {
          "chrome": {
            "version_added": "1"
          },
          "chrome_android": {
            "version_added": "18"
          },
          "edge": {
            "version_added": "12"
          },
          "firefox": {
            "version_added": "1"
          },
          "firefox_android": {
            "version_added": "4"
          },
          "ie": {
            "version_added": "9"
          },
          "opera": {
            "version_added": "≤12.1"
          },
          "opera_android": {
            "version_added": "≤12.1"
          },
          "safari": {
            "version_added": "3"
          },
          "safari_ios": {
            "version_added": "1"
          },
          "samsunginternet_android": {
            "version_added": "1.0"
          },
          "webview_android": {
            "version_added": "1"
          }
        },
        "status": {
          "experimental": false,
          "standard_track": true,
          "deprecated": false
        }
      },
      "entities": {
        "__compat": {
          "mdn_url": "https://developer.mozilla.org/docs/Web/API/DocumentType/entities",
          "support": {
            "chrome": {
              "version_added": "1",
              "version_removed": "34"
            },
            "chrome_android": {
              "version_added": "18",
              "version_removed": "34"
            },
            "edge": {
              "version_added": "12",
              "version_removed": "79"
            },
            "firefox": {
              "version_added": "1",
              "version_removed": "6"
            },
            "firefox_android": {
              "version_added": "4",
              "version_removed": "6"
            },
            "ie": {
              "version_added": "9"
            },
            "opera": {
              "version_added": "≤12.1",
              "version_removed": "21"
            },
            "opera_android": {
              "version_added": "≤12.1",
              "version_removed": "21"
            },
            "safari": {
              "version_added": "3",
              "version_removed": "10"
            },
            "safari_ios": {
              "version_added": "1",
              "version_removed": "10"
            },
            "samsunginternet_android": {
              "version_added": "1.0",
              "version_removed": "2.0"
            },
            "webview_android": {
              "version_added": "1",
              "version_removed": "37"
            }
          },
          "status": {
            "experimental": false,
            "standard_track": false,
            "deprecated": true
          }
        }
      },
      "internalSubset": {
        "__compat": {
          "mdn_url": "https://developer.mozilla.org/docs/Web/API/DocumentType/internalSubset",
          "support": {
            "chrome": {
              "version_added": "1",
              "version_removed": "37"
            },
            "chrome_android": {
              "version_added": "18",
              "version_removed": "37"
            },
            "edge": {
              "version_added": "12",
              "version_removed": "79"
            },
            "firefox": {
              "version_added": false
            },
            "firefox_android": {
              "version_added": false
            },
            "ie": {
              "version_added": "9"
            },
            "opera": {
              "version_added": "≤12.1",
              "version_removed": "24"
            },
            "opera_android": {
              "version_added": "≤12.1",
              "version_removed": "24"
            },
            "safari": {
              "version_added": "3",
              "version_removed": "10.1"
            },
            "safari_ios": {
              "version_added": "1",
              "version_removed": "10.3"
            },
            "samsunginternet_android": {
              "version_added": "1.0",
              "version_removed": "3.0"
            },
            "webview_android": {
              "version_added": "1",
              "version_removed": "37"
            }
          },
          "status": {
            "experimental": false,
            "standard_track": false,
            "deprecated": true
          }
        }
      },
      "name": {
        "__compat": {
          "mdn_url": "https://developer.mozilla.org/docs/Web/API/DocumentType/name",
          "support": {
            "chrome": {
              "version_added": "1"
            },
            "chrome_android": {
              "version_added": "18"
            },
            "edge": {
              "version_added": "12"
            },
            "firefox": {
              "version_added": "1"
            },
            "firefox_android": {
              "version_added": "4"
            },
            "ie": {
              "version_added": "9"
            },
            "opera": {
              "version_added": "≤12.1"
            },
            "opera_android": {
              "version_added": "≤12.1"
            },
            "safari": {
              "version_added": "3"
            },
            "safari_ios": {
              "version_added": "1"
            },
            "samsunginternet_android": {
              "version_added": "1.0"
            },
            "webview_android": {
              "version_added": "1"
            }
          },
          "status": {
            "experimental": false,
            "standard_track": true,
            "deprecated": false
          }
        }
      },
      "notations": {
        "__compat": {
          "mdn_url": "https://developer.mozilla.org/docs/Web/API/DocumentType/notations",
          "support": {
            "chrome": {
              "version_added": "1",
              "version_removed": "34"
            },
            "chrome_android": {
              "version_added": "18",
              "version_removed": "34"
            },
            "edge": {
              "version_added": "12",
              "version_removed": "79"
            },
            "firefox": {
              "version_added": "1",
              "version_removed": "6"
            },
            "firefox_android": {
              "version_added": "4",
              "version_removed": "6"
            },
            "ie": {
              "version_added": "9"
            },
            "opera": {
              "version_added": "≤12.1",
              "version_removed": "21"
            },
            "opera_android": {
              "version_added": "≤12.1",
              "version_removed": "21"
            },
            "safari": {
              "version_added": "3",
              "version_removed": "10"
            },
            "safari_ios": {
              "version_added": "1",
              "version_removed": "10"
            },
            "samsunginternet_android": {
              "version_added": "1.0",
              "version_removed": "2.0"
            },
            "webview_android": {
              "version_added": "1",
              "version_removed": "37"
            }
          },
          "status": {
            "experimental": false,
            "standard_track": false,
            "deprecated": true
          }
        }
      },
      "publicId": {
        "__compat": {
          "mdn_url": "https://developer.mozilla.org/docs/Web/API/DocumentType/publicId",
          "support": {
            "chrome": {
              "version_added": "1"
            },
            "chrome_android": {
              "version_added": "18"
            },
            "edge": {
              "version_added": "12"
            },
            "firefox": {
              "version_added": "1"
            },
            "firefox_android": {
              "version_added": "4"
            },
            "ie": {
              "version_added": "9"
            },
            "opera": {
              "version_added": "≤12.1"
            },
            "opera_android": {
              "version_added": "≤12.1"
            },
            "safari": {
              "version_added": "3"
            },
            "safari_ios": {
              "version_added": "1"
            },
            "samsunginternet_android": {
              "version_added": "1.0"
            },
            "webview_android": {
              "version_added": "1"
            }
          },
          "status": {
            "experimental": false,
            "standard_track": true,
            "deprecated": false
          }
        }
      },
      "systemId": {
        "__compat": {
          "mdn_url": "https://developer.mozilla.org/docs/Web/API/DocumentType/systemId",
          "support": {
            "chrome": {
              "version_added": "1"
            },
            "chrome_android": {
              "version_added": "18"
            },
            "edge": {
              "version_added": "12"
            },
            "firefox": {
              "version_added": "1"
            },
            "firefox_android": {
              "version_added": "4"
            },
            "ie": {
              "version_added": "9"
            },
            "opera": {
              "version_added": "≤12.1"
            },
            "opera_android": {
              "version_added": "≤12.1"
            },
            "safari": {
              "version_added": "3"
            },
            "safari_ios": {
              "version_added": "1"
            },
            "samsunginternet_android": {
              "version_added": "1.0"
            },
            "webview_android": {
              "version_added": "1"
            }
          },
          "status": {
            "experimental": false,
            "standard_track": true,
            "deprecated": false
          }
        }
      }
    }
  }
}
