{
  "api": {
    "DOMHighResTimestamp": {
      "__compat": {
        "mdn_url": "https://developer.mozilla.org/docs/Web/API/DOMHighResTimestamp",
        "support": {
          "chrome": {
            "version_added": "6"
          },
          "chrome_android": {
            "version_added": "18"
          },
          "edge": {
            "version_added": "12"
          },
          "firefox": {
            "version_added": "7"
          },
          "firefox_android": {
            "version_added": "15"
          },
          "ie": {
            "version_added": "9"
          },
          "opera": {
            "version_added": "15"
          },
          "opera_android": {
            "version_added": "14"
          },
          "safari": {
            "version_added": "8"
          },
          "safari_ios": {
            "version_added": "9"
          },
          "samsunginternet_android": {
            "version_added": "1.0"
          },
          "webview_android": {
            "version_added": "≤37"
          }
        },
        "status": {
          "experimental": false,
          "standard_track": true,
          "deprecated": false
        }
      }
    }
  }
}
