{
  "api": {
    "DOMPointReadOnly": {
      "__compat": {
        "mdn_url": "https://developer.mozilla.org/docs/Web/API/DOMPointReadOnly",
        "support": {
          "chrome": {
            "version_added": "61"
          },
          "chrome_android": {
            "version_added": "61"
          },
          "edge": {
            "version_added": "79"
          },
          "firefox": {
            "version_added": "31"
          },
          "firefox_android": {
            "version_added": "31"
          },
          "ie": {
            "version_added": false
          },
          "opera": {
            "version_added": "48"
          },
          "opera_android": {
            "version_added": "45"
          },
          "safari": {
            "version_added": "10.1"
          },
          "safari_ios": {
            "version_added": "10.3"
          },
          "samsunginternet_android": {
            "version_added": "8.0"
          },
          "webview_android": {
            "version_added": "61"
          }
        },
        "status": {
          "experimental": false,
          "standard_track": true,
          "deprecated": false
        }
      },
      "DOMPointReadOnly": {
        "__compat": {
          "mdn_url": "https://developer.mozilla.org/docs/Web/API/DOMPointReadOnly/DOMPointReadOnly",
          "description": "<code>DOMPointReadOnly()</code> constructor",
          "support": {
            "chrome": {
              "version_added": "61"
            },
            "chrome_android": {
              "version_added": "61"
            },
            "edge": {
              "version_added": "79"
            },
            "firefox": {
              "version_added": "62"
            },
            "firefox_android": {
              "version_added": "62"
            },
            "ie": {
              "version_added": false
            },
            "opera": {
              "version_added": "48"
            },
            "opera_android": {
              "version_added": "45"
            },
            "safari": {
              "version_added": "10.1"
            },
            "safari_ios": {
              "version_added": "10.3"
            },
            "samsunginternet_android": {
              "version_added": "8.0"
            },
            "webview_android": {
              "version_added": "61"
            }
          },
          "status": {
            "experimental": false,
            "standard_track": true,
            "deprecated": false
          }
        }
      },
      "fromPoint": {
        "__compat": {
          "mdn_url": "https://developer.mozilla.org/docs/Web/API/DOMPointReadOnly/fromPoint",
          "description": "<code>fromPoint()</code> static function",
          "support": {
            "chrome": {
              "version_added": "61"
            },
            "chrome_android": {
              "version_added": "61"
            },
            "edge": {
              "version_added": "79"
            },
            "firefox": {
              "version_added": "62"
            },
            "firefox_android": {
              "version_added": "62"
            },
            "ie": {
              "version_added": false
            },
            "opera": {
              "version_added": "48"
            },
            "opera_android": {
              "version_added": "45"
            },
            "safari": {
              "version_added": "10.1"
            },
            "safari_ios": {
              "version_added": "10.3"
            },
            "samsunginternet_android": {
              "version_added": "8.0"
            },
            "webview_android": {
              "version_added": "61"
            }
          },
          "status": {
            "experimental": false,
            "standard_track": true,
            "deprecated": false
          }
        }
      },
      "matrixTransform": {
        "__compat": {
          "mdn_url": "https://developer.mozilla.org/docs/Web/API/DOMPointReadOnly/matrixTransform",
          "description": "<code>matrixTransform()</code>",
          "support": {
            "chrome": {
              "version_added": "61"
            },
            "chrome_android": {
              "version_added": "61"
            },
            "edge": {
              "version_added": "79"
            },
            "firefox": {
              "version_added": "69"
            },
            "firefox_android": {
              "version_added": "79"
            },
            "ie": {
              "version_added": false
            },
            "opera": {
              "version_added": "48"
            },
            "opera_android": {
              "version_added": "45"
            },
            "safari": {
              "version_added": "11"
            },
            "safari_ios": {
              "version_added": "11"
            },
            "samsunginternet_android": {
              "version_added": "8.0"
            },
            "webview_android": {
              "version_added": "61"
            }
          },
          "status": {
            "experimental": false,
            "standard_track": true,
            "deprecated": false
          }
        }
      },
      "toJSON": {
        "__compat": {
          "mdn_url": "https://developer.mozilla.org/docs/Web/API/DOMPointReadOnly/toJSON",
          "description": "<code>toJSON()</code>",
          "support": {
            "chrome": {
              "version_added": "61"
            },
            "chrome_android": {
              "version_added": "61"
            },
            "edge": {
              "version_added": "79"
            },
            "firefox": {
              "version_added": "62"
            },
            "firefox_android": {
              "version_added": "62"
            },
            "ie": {
              "version_added": false
            },
            "opera": {
              "version_added": "48"
            },
            "opera_android": {
              "version_added": "45"
            },
            "safari": {
              "version_added": "10.1"
            },
            "safari_ios": {
              "version_added": "10.3"
            },
            "samsunginternet_android": {
              "version_added": "8.0"
            },
            "webview_android": {
              "version_added": "61"
            }
          },
          "status": {
            "experimental": false,
            "standard_track": true,
            "deprecated": false
          }
        }
      },
      "w": {
        "__compat": {
          "mdn_url": "https://developer.mozilla.org/docs/Web/API/DOMPointReadOnly/w",
          "support": {
            "chrome": {
              "version_added": "61"
            },
            "chrome_android": {
              "version_added": "61"
            },
            "edge": {
              "version_added": "79"
            },
            "firefox": {
              "version_added": "31"
            },
            "firefox_android": {
              "version_added": "31"
            },
            "ie": {
              "version_added": false
            },
            "opera": {
              "version_added": "48"
            },
            "opera_android": {
              "version_added": "45"
            },
            "safari": {
              "version_added": "10.1"
            },
            "safari_ios": {
              "version_added": "10.3"
            },
            "samsunginternet_android": {
              "version_added": "8.0"
            },
            "webview_android": {
              "version_added": "61"
            }
          },
          "status": {
            "experimental": false,
            "standard_track": true,
            "deprecated": false
          }
        }
      },
      "worker_support": {
        "__compat": {
          "description": "Available in workers",
          "support": {
            "chrome": {
              "version_added": "61"
            },
            "chrome_android": {
              "version_added": "61"
            },
            "edge": {
              "version_added": "79"
            },
            "firefox": {
              "version_added": "69"
            },
            "firefox_android": {
              "version_added": "79"
            },
            "ie": {
              "version_added": false
            },
            "opera": {
              "version_added": "48"
            },
            "opera_android": {
              "version_added": "45"
            },
            "safari": {
              "version_added": "10.1"
            },
            "safari_ios": {
              "version_added": "10.3"
            },
            "samsunginternet_android": {
              "version_added": "8.0"
            },
            "webview_android": {
              "version_added": "61"
            }
          },
          "status": {
            "experimental": false,
            "standard_track": true,
            "deprecated": false
          }
        }
      },
      "x": {
        "__compat": {
          "mdn_url": "https://developer.mozilla.org/docs/Web/API/DOMPointReadOnly/x",
          "support": {
            "chrome": {
              "version_added": "61"
            },
            "chrome_android": {
              "version_added": "61"
            },
            "edge": {
              "version_added": "79"
            },
            "firefox": {
              "version_added": "31"
            },
            "firefox_android": {
              "version_added": "31"
            },
            "ie": {
              "version_added": false
            },
            "opera": {
              "version_added": "48"
            },
            "opera_android": {
              "version_added": "45"
            },
            "safari": {
              "version_added": "10.1"
            },
            "safari_ios": {
              "version_added": "10.3"
            },
            "samsunginternet_android": {
              "version_added": "8.0"
            },
            "webview_android": {
              "version_added": "61"
            }
          },
          "status": {
            "experimental": false,
            "standard_track": true,
            "deprecated": false
          }
        }
      },
      "y": {
        "__compat": {
          "mdn_url": "https://developer.mozilla.org/docs/Web/API/DOMPointReadOnly/y",
          "support": {
            "chrome": {
              "version_added": "61"
            },
            "chrome_android": {
              "version_added": "61"
            },
            "edge": {
              "version_added": "79"
            },
            "firefox": {
              "version_added": "31"
            },
            "firefox_android": {
              "version_added": "31"
            },
            "ie": {
              "version_added": false
            },
            "opera": {
              "version_added": "48"
            },
            "opera_android": {
              "version_added": "45"
            },
            "safari": {
              "version_added": "10.1"
            },
            "safari_ios": {
              "version_added": "10.3"
            },
            "samsunginternet_android": {
              "version_added": "8.0"
            },
            "webview_android": {
              "version_added": "61"
            }
          },
          "status": {
            "experimental": false,
            "standard_track": true,
            "deprecated": false
          }
        }
      },
      "z": {
        "__compat": {
          "mdn_url": "https://developer.mozilla.org/docs/Web/API/DOMPointReadOnly/z",
          "support": {
            "chrome": {
              "version_added": "61"
            },
            "chrome_android": {
              "version_added": "61"
            },
            "edge": {
              "version_added": "79"
            },
            "firefox": {
              "version_added": "31"
            },
            "firefox_android": {
              "version_added": "31"
            },
            "ie": {
              "version_added": false
            },
            "opera": {
              "version_added": "48"
            },
            "opera_android": {
              "version_added": "45"
            },
            "safari": {
              "version_added": "10.1"
            },
            "safari_ios": {
              "version_added": "10.3"
            },
            "samsunginternet_android": {
              "version_added": "8.0"
            },
            "webview_android": {
              "version_added": "61"
            }
          },
          "status": {
            "experimental": false,
            "standard_track": true,
            "deprecated": false
          }
        }
      }
    }
  }
}
