{
  "api": {
    "DOMQuad": {
      "__compat": {
        "mdn_url": "https://developer.mozilla.org/docs/Web/API/DOMQuad",
        "support": {
          "chrome": {
            "version_added": "61"
          },
          "chrome_android": {
            "version_added": "61"
          },
          "edge": {
            "version_added": "79"
          },
          "firefox": {
            "version_added": "31"
          },
          "firefox_android": {
            "version_added": "31"
          },
          "ie": {
            "version_added": false
          },
          "opera": {
            "version_added": "48"
          },
          "opera_android": {
            "version_added": "45"
          },
          "safari": {
            "version_added": "11"
          },
          "safari_ios": {
            "version_added": "11"
          },
          "samsunginternet_android": {
            "version_added": "8.0"
          },
          "webview_android": {
            "version_added": "61"
          }
        },
        "status": {
          "experimental": false,
          "standard_track": true,
          "deprecated": false
        }
      },
      "DOMQuad": {
        "__compat": {
          "mdn_url": "https://developer.mozilla.org/docs/Web/API/DOMQuad/DOMQuad",
          "description": "<code>DOMQuad()</code> constructor",
          "support": {
            "chrome": {
              "version_added": "61"
            },
            "chrome_android": {
              "version_added": "61"
            },
            "edge": {
              "version_added": "79"
            },
            "firefox": {
              "version_added": "31"
            },
            "firefox_android": {
              "version_added": "31"
            },
            "ie": {
              "version_added": false
            },
            "opera": {
              "version_added": "48"
            },
            "opera_android": {
              "version_added": "45"
            },
            "safari": {
              "version_added": "11"
            },
            "safari_ios": {
              "version_added": "11"
            },
            "samsunginternet_android": {
              "version_added": "8.0"
            },
            "webview_android": {
              "version_added": "61"
            }
          },
          "status": {
            "experimental": false,
            "standard_track": true,
            "deprecated": false
          }
        }
      },
      "fromQuad": {
        "__compat": {
          "mdn_url": "https://developer.mozilla.org/docs/Web/API/DOMQuad/fromQuad",
          "description": "<code>fromQuad()</code> static function",
          "support": {
            "chrome": {
              "version_added": "61"
            },
            "chrome_android": {
              "version_added": "61"
            },
            "edge": {
              "version_added": "79"
            },
            "firefox": {
              "version_added": "69"
            },
            "firefox_android": {
              "version_added": "79"
            },
            "ie": {
              "version_added": false
            },
            "opera": {
              "version_added": "48"
            },
            "opera_android": {
              "version_added": "45"
            },
            "safari": {
              "version_added": "11"
            },
            "safari_ios": {
              "version_added": "11"
            },
            "samsunginternet_android": {
              "version_added": "8.0"
            },
            "webview_android": {
              "version_added": "61"
            }
          },
          "status": {
            "experimental": false,
            "standard_track": true,
            "deprecated": false
          }
        }
      },
      "fromRect": {
        "__compat": {
          "mdn_url": "https://developer.mozilla.org/docs/Web/API/DOMQuad/fromRect",
          "description": "<code>fromRect()</code> static function",
          "support": {
            "chrome": {
              "version_added": "61"
            },
            "chrome_android": {
              "version_added": "61"
            },
            "edge": {
              "version_added": "79"
            },
            "firefox": {
              "version_added": "69"
            },
            "firefox_android": {
              "version_added": "79"
            },
            "ie": {
              "version_added": false
            },
            "opera": {
              "version_added": "48"
            },
            "opera_android": {
              "version_added": "45"
            },
            "safari": {
              "version_added": "11"
            },
            "safari_ios": {
              "version_added": "11"
            },
            "samsunginternet_android": {
              "version_added": "8.0"
            },
            "webview_android": {
              "version_added": "61"
            }
          },
          "status": {
            "experimental": false,
            "standard_track": true,
            "deprecated": false
          }
        }
      },
      "getBounds": {
        "__compat": {
          "mdn_url": "https://developer.mozilla.org/docs/Web/API/DOMQuad/getBounds",
          "description": "<code>getBounds()</code>",
          "support": {
            "chrome": {
              "version_added": "61"
            },
            "chrome_android": {
              "version_added": "61"
            },
            "edge": {
              "version_added": "79"
            },
            "firefox": {
              "version_added": "62"
            },
            "firefox_android": {
              "version_added": "62"
            },
            "ie": {
              "version_added": false
            },
            "opera": {
              "version_added": "48"
            },
            "opera_android": {
              "version_added": "45"
            },
            "safari": {
              "version_added": "11"
            },
            "safari_ios": {
              "version_added": "11"
            },
            "samsunginternet_android": {
              "version_added": "8.0"
            },
            "webview_android": {
              "version_added": "61"
            }
          },
          "status": {
            "experimental": false,
            "standard_track": true,
            "deprecated": false
          }
        }
      },
      "p1": {
        "__compat": {
          "mdn_url": "https://developer.mozilla.org/docs/Web/API/DOMQuad/p1",
          "support": {
            "chrome": {
              "version_added": "61"
            },
            "chrome_android": {
              "version_added": "61"
            },
            "edge": {
              "version_added": "79"
            },
            "firefox": {
              "version_added": "31",
              "notes": "Prior to Firefox 69, the default value of <code>p1</code> through <code>p4</code> was undefined; now <code>DOMQuadInit</code> defines these as <code>false</code>."
            },
            "firefox_android": {
              "version_added": "31",
              "notes": "Prior to Firefox for Android 79, the default value of <code>p1</code> through <code>p4</code> was undefined; now <code>DOMQuadInit</code> defines these as <code>false</code>."
            },
            "ie": {
              "version_added": false
            },
            "opera": {
              "version_added": "48"
            },
            "opera_android": {
              "version_added": "45"
            },
            "safari": {
              "version_added": "11"
            },
            "safari_ios": {
              "version_added": "11"
            },
            "samsunginternet_android": {
              "version_added": "8.0"
            },
            "webview_android": {
              "version_added": "61"
            }
          },
          "status": {
            "experimental": false,
            "standard_track": true,
            "deprecated": false
          }
        }
      },
      "p2": {
        "__compat": {
          "mdn_url": "https://developer.mozilla.org/docs/Web/API/DOMQuad/p2",
          "support": {
            "chrome": {
              "version_added": "61"
            },
            "chrome_android": {
              "version_added": "61"
            },
            "edge": {
              "version_added": "79"
            },
            "firefox": {
              "version_added": "31",
              "notes": "Prior to Firefox 69, the default value of <code>p1</code> through <code>p4</code> was undefined; now <code>DOMQuadInit</code> defines these as <code>false</code>."
            },
            "firefox_android": {
              "version_added": "31",
              "notes": "Prior to Firefox for Android 79, the default value of <code>p1</code> through <code>p4</code> was undefined; now <code>DOMQuadInit</code> defines these as <code>false</code>."
            },
            "ie": {
              "version_added": false
            },
            "opera": {
              "version_added": "48"
            },
            "opera_android": {
              "version_added": "45"
            },
            "safari": {
              "version_added": "11"
            },
            "safari_ios": {
              "version_added": "11"
            },
            "samsunginternet_android": {
              "version_added": "8.0"
            },
            "webview_android": {
              "version_added": "61"
            }
          },
          "status": {
            "experimental": false,
            "standard_track": true,
            "deprecated": false
          }
        }
      },
      "p3": {
        "__compat": {
          "mdn_url": "https://developer.mozilla.org/docs/Web/API/DOMQuad/p3",
          "support": {
            "chrome": {
              "version_added": "61"
            },
            "chrome_android": {
              "version_added": "61"
            },
            "edge": {
              "version_added": "79"
            },
            "firefox": {
              "version_added": "31",
              "notes": "Prior to Firefox 69, the default value of <code>p1</code> through <code>p4</code> was undefined; now <code>DOMQuadInit</code> defines these as <code>false</code>."
            },
            "firefox_android": {
              "version_added": "31",
              "notes": "Prior to Firefox for Android 79, the default value of <code>p1</code> through <code>p4</code> was undefined; now <code>DOMQuadInit</code> defines these as <code>false</code>."
            },
            "ie": {
              "version_added": false
            },
            "opera": {
              "version_added": "48"
            },
            "opera_android": {
              "version_added": "45"
            },
            "safari": {
              "version_added": "11"
            },
            "safari_ios": {
              "version_added": "11"
            },
            "samsunginternet_android": {
              "version_added": "8.0"
            },
            "webview_android": {
              "version_added": "61"
            }
          },
          "status": {
            "experimental": false,
            "standard_track": true,
            "deprecated": false
          }
        }
      },
      "p4": {
        "__compat": {
          "mdn_url": "https://developer.mozilla.org/docs/Web/API/DOMQuad/p4",
          "support": {
            "chrome": {
              "version_added": "61"
            },
            "chrome_android": {
              "version_added": "61"
            },
            "edge": {
              "version_added": "79"
            },
            "firefox": {
              "version_added": "31",
              "notes": "Prior to Firefox 69, the default value of <code>p1</code> through <code>p4</code> was undefined; now <code>DOMQuadInit</code> defines these as <code>false</code>."
            },
            "firefox_android": {
              "version_added": "31",
              "notes": "Prior to Firefox for Android 79, the default value of <code>p1</code> through <code>p4</code> was undefined; now <code>DOMQuadInit</code> defines these as <code>false</code>."
            },
            "ie": {
              "version_added": false
            },
            "opera": {
              "version_added": "48"
            },
            "opera_android": {
              "version_added": "45"
            },
            "safari": {
              "version_added": "11"
            },
            "safari_ios": {
              "version_added": "11"
            },
            "samsunginternet_android": {
              "version_added": "8.0"
            },
            "webview_android": {
              "version_added": "61"
            }
          },
          "status": {
            "experimental": false,
            "standard_track": true,
            "deprecated": false
          }
        }
      },
      "toJSON": {
        "__compat": {
          "mdn_url": "https://developer.mozilla.org/docs/Web/API/DOMQuad/toJSON",
          "description": "<code>toJSON()</code>",
          "support": {
            "chrome": {
              "version_added": "61"
            },
            "chrome_android": {
              "version_added": "61"
            },
            "edge": {
              "version_added": "79"
            },
            "firefox": {
              "version_added": "62"
            },
            "firefox_android": {
              "version_added": "62"
            },
            "ie": {
              "version_added": false
            },
            "opera": {
              "version_added": "48"
            },
            "opera_android": {
              "version_added": "45"
            },
            "safari": {
              "version_added": "11"
            },
            "safari_ios": {
              "version_added": "11"
            },
            "samsunginternet_android": {
              "version_added": "8.0"
            },
            "webview_android": {
              "version_added": "61"
            }
          },
          "status": {
            "experimental": false,
            "standard_track": true,
            "deprecated": false
          }
        }
      },
      "worker_support": {
        "__compat": {
          "description": "Available in workers",
          "support": {
            "chrome": {
              "version_added": "61"
            },
            "chrome_android": {
              "version_added": "61"
            },
            "edge": {
              "version_added": "79"
            },
            "firefox": {
              "version_added": "69"
            },
            "firefox_android": {
              "version_added": "79"
            },
            "ie": {
              "version_added": false
            },
            "opera": {
              "version_added": "48"
            },
            "opera_android": {
              "version_added": "45"
            },
            "safari": {
              "version_added": "11"
            },
            "safari_ios": {
              "version_added": "11"
            },
            "samsunginternet_android": {
              "version_added": "8.0"
            },
            "webview_android": {
              "version_added": "61"
            }
          },
          "status": {
            "experimental": false,
            "standard_track": true,
            "deprecated": false
          }
        }
      }
    }
  }
}
