{
  "api": {
    "DOMRect": {
      "__compat": {
        "mdn_url": "https://developer.mozilla.org/docs/Web/API/DOMRect",
        "support": {
          "chrome": [
            {
              "version_added": "61"
            },
            {
              "alternative_name": "ClientRect",
              "version_added": "2",
              "version_removed": "61"
            }
          ],
          "chrome_android": [
            {
              "version_added": "61"
            },
            {
              "alternative_name": "ClientRect",
              "version_added": "18",
              "version_removed": "61"
            }
          ],
          "edge": [
            {
              "version_added": "79"
            },
            {
              "alternative_name": "ClientRect",
              "version_added": "12",
              "version_removed": "79"
            }
          ],
          "firefox": [
            {
              "version_added": "27"
            },
            {
              "alternative_name": "ClientRect",
              "version_added": "3",
              "version_removed": "27"
            }
          ],
          "firefox_android": [
            {
              "version_added": "27"
            },
            {
              "alternative_name": "ClientRect",
              "version_added": "4",
              "version_removed": "27"
            }
          ],
          "ie": {
            "alternative_name": "ClientRect",
            "version_added": "4"
          },
          "opera": [
            {
              "version_added": "48"
            },
            {
              "alternative_name": "ClientRect",
              "version_added": "9.5",
              "version_removed": "48"
            }
          ],
          "opera_android": [
            {
              "version_added": "45"
            },
            {
              "alternative_name": "ClientRect",
              "version_added": "10.1",
              "version_removed": "45"
            }
          ],
          "safari": [
            {
              "version_added": "10.1"
            },
            {
              "alternative_name": "ClientRect",
              "version_added": "4",
              "version_removed": "11"
            }
          ],
          "safari_ios": [
            {
              "version_added": "10.3"
            },
            {
              "alternative_name": "ClientRect",
              "version_added": "3.2",
              "version_removed": "11"
            }
          ],
          "samsunginternet_android": [
            {
              "version_added": "8.0"
            },
            {
              "alternative_name": "ClientRect",
              "version_added": "1.0",
              "version_removed": "8.0"
            }
          ],
          "webview_android": [
            {
              "version_added": "61"
            },
            {
              "alternative_name": "ClientRect",
              "version_added": "2",
              "version_removed": "61"
            }
          ]
        },
        "status": {
          "experimental": false,
          "standard_track": true,
          "deprecated": false
        }
      },
      "DOMRect": {
        "__compat": {
          "mdn_url": "https://developer.mozilla.org/docs/Web/API/DOMRect/DOMRect",
          "description": "<code>DOMRect()</code> constructor",
          "support": {
            "chrome": {
              "version_added": "61"
            },
            "chrome_android": {
              "version_added": "61"
            },
            "edge": {
              "version_added": "79"
            },
            "firefox": {
              "version_added": "31"
            },
            "firefox_android": {
              "version_added": "31"
            },
            "ie": {
              "version_added": false
            },
            "opera": {
              "version_added": "48"
            },
            "opera_android": {
              "version_added": "45"
            },
            "safari": {
              "version_added": "10.1"
            },
            "safari_ios": {
              "version_added": "10.3"
            },
            "samsunginternet_android": {
              "version_added": "8.0"
            },
            "webview_android": {
              "version_added": "61"
            }
          },
          "status": {
            "experimental": false,
            "standard_track": true,
            "deprecated": false
          }
        }
      },
      "worker_support": {
        "__compat": {
          "description": "Available in workers",
          "support": {
            "chrome": {
              "version_added": "61"
            },
            "chrome_android": {
              "version_added": "61"
            },
            "edge": {
              "version_added": "79"
            },
            "firefox": {
              "version_added": "69"
            },
            "firefox_android": {
              "version_added": false
            },
            "ie": {
              "version_added": false
            },
            "opera": {
              "version_added": "48"
            },
            "opera_android": {
              "version_added": "45"
            },
            "safari": {
              "version_added": "10.1"
            },
            "safari_ios": {
              "version_added": "10.3"
            },
            "samsunginternet_android": {
              "version_added": "8.0"
            },
            "webview_android": {
              "version_added": "61"
            }
          },
          "status": {
            "experimental": false,
            "standard_track": true,
            "deprecated": false
          }
        }
      }
    }
  }
}
