{
  "api": {
    "DOMTokenList": {
      "__compat": {
        "mdn_url": "https://developer.mozilla.org/docs/Web/API/DOMTokenList",
        "support": {
          "chrome": {
            "version_added": "8"
          },
          "chrome_android": {
            "version_added": "18"
          },
          "edge": {
            "version_added": "12"
          },
          "firefox": {
            "version_added": "3.6"
          },
          "firefox_android": {
            "version_added": "4"
          },
          "ie": {
            "version_added": "10"
          },
          "opera": {
            "version_added": "11.5"
          },
          "opera_android": {
            "version_added": "11.5"
          },
          "safari": {
            "version_added": "5.1"
          },
          "safari_ios": {
            "version_added": "5.1"
          },
          "samsunginternet_android": {
            "version_added": "1.0"
          },
          "webview_android": {
            "version_added": "3"
          }
        },
        "status": {
          "experimental": false,
          "standard_track": true,
          "deprecated": false
        }
      },
      "add": {
        "__compat": {
          "mdn_url": "https://developer.mozilla.org/docs/Web/API/DOMTokenList/add",
          "support": {
            "chrome": {
              "version_added": "8"
            },
            "chrome_android": {
              "version_added": "18"
            },
            "edge": {
              "version_added": "12"
            },
            "firefox": {
              "version_added": "3.6"
            },
            "firefox_android": {
              "version_added": "4"
            },
            "ie": {
              "version_added": "10"
            },
            "opera": {
              "version_added": true
            },
            "opera_android": {
              "version_added": true
            },
            "safari": {
              "version_added": "5.1"
            },
            "safari_ios": {
              "version_added": "5.1"
            },
            "samsunginternet_android": {
              "version_added": "1.0"
            },
            "webview_android": {
              "version_added": "3"
            }
          },
          "status": {
            "experimental": false,
            "standard_track": true,
            "deprecated": false
          }
        },
        "add_multiple_arguments": {
          "__compat": {
            "description": "Multiple arguments for <code>add()</code>",
            "support": {
              "chrome": {
                "version_added": "24"
              },
              "chrome_android": {
                "version_added": "25"
              },
              "edge": {
                "version_added": "12"
              },
              "firefox": {
                "version_added": "26"
              },
              "firefox_android": {
                "version_added": "26"
              },
              "ie": {
                "version_added": false
              },
              "opera": {
                "version_added": "15"
              },
              "opera_android": {
                "version_added": "14"
              },
              "safari": {
                "version_added": "7"
              },
              "safari_ios": {
                "version_added": "7"
              },
              "samsunginternet_android": {
                "version_added": "1.5"
              },
              "webview_android": {
                "version_added": "≤37"
              }
            },
            "status": {
              "experimental": false,
              "standard_track": true,
              "deprecated": false
            }
          }
        }
      },
      "contains": {
        "__compat": {
          "mdn_url": "https://developer.mozilla.org/docs/Web/API/DOMTokenList/contains",
          "support": {
            "chrome": {
              "version_added": "8"
            },
            "chrome_android": {
              "version_added": "18"
            },
            "edge": {
              "version_added": "12"
            },
            "firefox": {
              "version_added": "3.6"
            },
            "firefox_android": {
              "version_added": "4"
            },
            "ie": {
              "version_added": "10"
            },
            "opera": {
              "version_added": true
            },
            "opera_android": {
              "version_added": true
            },
            "safari": {
              "version_added": "5.1"
            },
            "safari_ios": {
              "version_added": "5.1"
            },
            "samsunginternet_android": {
              "version_added": "1.0"
            },
            "webview_android": {
              "version_added": "3"
            }
          },
          "status": {
            "experimental": false,
            "standard_track": true,
            "deprecated": false
          }
        }
      },
      "entries": {
        "__compat": {
          "mdn_url": "https://developer.mozilla.org/docs/Web/API/DOMTokenList/entries",
          "support": {
            "chrome": {
              "version_added": "42"
            },
            "chrome_android": {
              "version_added": "45"
            },
            "edge": {
              "version_added": "16"
            },
            "firefox": {
              "version_added": "50"
            },
            "firefox_android": {
              "version_added": "50"
            },
            "ie": {
              "version_added": false
            },
            "opera": {
              "version_added": "32"
            },
            "opera_android": {
              "version_added": "32"
            },
            "safari": {
              "version_added": "10.1"
            },
            "safari_ios": {
              "version_added": "10.3"
            },
            "samsunginternet_android": {
              "version_added": "5.0"
            },
            "webview_android": {
              "version_added": "45"
            }
          },
          "status": {
            "experimental": false,
            "standard_track": true,
            "deprecated": false
          }
        }
      },
      "forEach": {
        "__compat": {
          "mdn_url": "https://developer.mozilla.org/docs/Web/API/DOMTokenList/forEach",
          "support": {
            "chrome": {
              "version_added": "42"
            },
            "chrome_android": {
              "version_added": "45"
            },
            "edge": {
              "version_added": "16"
            },
            "firefox": {
              "version_added": "50"
            },
            "firefox_android": {
              "version_added": "50"
            },
            "ie": {
              "version_added": false
            },
            "opera": {
              "version_added": "32"
            },
            "opera_android": {
              "version_added": "32"
            },
            "safari": {
              "version_added": "10.1"
            },
            "safari_ios": {
              "version_added": "10.3"
            },
            "samsunginternet_android": {
              "version_added": "5.0"
            },
            "webview_android": {
              "version_added": "45"
            }
          },
          "status": {
            "experimental": false,
            "standard_track": true,
            "deprecated": false
          }
        }
      },
      "item": {
        "__compat": {
          "mdn_url": "https://developer.mozilla.org/docs/Web/API/DOMTokenList/item",
          "support": {
            "chrome": {
              "version_added": "8"
            },
            "chrome_android": {
              "version_added": "18"
            },
            "edge": {
              "version_added": "12"
            },
            "firefox": {
              "version_added": "3.6"
            },
            "firefox_android": {
              "version_added": "4"
            },
            "ie": {
              "version_added": "10"
            },
            "opera": {
              "version_added": true
            },
            "opera_android": {
              "version_added": true
            },
            "safari": {
              "version_added": "5.1"
            },
            "safari_ios": {
              "version_added": "5.1"
            },
            "samsunginternet_android": {
              "version_added": "1.0"
            },
            "webview_android": {
              "version_added": "3"
            }
          },
          "status": {
            "experimental": false,
            "standard_track": true,
            "deprecated": false
          }
        }
      },
      "keys": {
        "__compat": {
          "mdn_url": "https://developer.mozilla.org/docs/Web/API/DOMTokenList/keys",
          "support": {
            "chrome": {
              "version_added": "42"
            },
            "chrome_android": {
              "version_added": "45"
            },
            "edge": {
              "version_added": "16"
            },
            "firefox": {
              "version_added": "50"
            },
            "firefox_android": {
              "version_added": "50"
            },
            "ie": {
              "version_added": false
            },
            "opera": {
              "version_added": "32"
            },
            "opera_android": {
              "version_added": "32"
            },
            "safari": {
              "version_added": "10.1"
            },
            "safari_ios": {
              "version_added": "10.3"
            },
            "samsunginternet_android": {
              "version_added": "5.0"
            },
            "webview_android": {
              "version_added": "45"
            }
          },
          "status": {
            "experimental": false,
            "standard_track": true,
            "deprecated": false
          }
        }
      },
      "length": {
        "__compat": {
          "mdn_url": "https://developer.mozilla.org/docs/Web/API/DOMTokenList/length",
          "support": {
            "chrome": {
              "version_added": "8"
            },
            "chrome_android": {
              "version_added": "18"
            },
            "edge": {
              "version_added": "12"
            },
            "firefox": {
              "version_added": "50"
            },
            "firefox_android": {
              "version_added": "50"
            },
            "ie": {
              "version_added": "10"
            },
            "opera": {
              "version_added": true
            },
            "opera_android": {
              "version_added": true
            },
            "safari": {
              "version_added": "5.1"
            },
            "safari_ios": {
              "version_added": "5.1"
            },
            "samsunginternet_android": {
              "version_added": "1.0"
            },
            "webview_android": {
              "version_added": "3"
            }
          },
          "status": {
            "experimental": false,
            "standard_track": true,
            "deprecated": false
          }
        }
      },
      "remove": {
        "__compat": {
          "mdn_url": "https://developer.mozilla.org/docs/Web/API/DOMTokenList/remove",
          "support": {
            "chrome": {
              "version_added": "8"
            },
            "chrome_android": {
              "version_added": "18"
            },
            "edge": {
              "version_added": "12"
            },
            "firefox": {
              "version_added": "3.6"
            },
            "firefox_android": {
              "version_added": "4"
            },
            "ie": {
              "version_added": "10"
            },
            "opera": {
              "version_added": true
            },
            "opera_android": {
              "version_added": true
            },
            "safari": {
              "version_added": "5.1"
            },
            "safari_ios": {
              "version_added": "5.1"
            },
            "samsunginternet_android": {
              "version_added": "1.0"
            },
            "webview_android": {
              "version_added": "3"
            }
          },
          "status": {
            "experimental": false,
            "standard_track": true,
            "deprecated": false
          }
        },
        "remove_multiple_arguments": {
          "__compat": {
            "description": "Multiple arguments for <code>remove()</code>",
            "support": {
              "chrome": {
                "version_added": "24"
              },
              "chrome_android": {
                "version_added": "25"
              },
              "edge": {
                "version_added": "12"
              },
              "firefox": {
                "version_added": "26"
              },
              "firefox_android": {
                "version_added": "26"
              },
              "ie": {
                "version_added": false
              },
              "opera": {
                "version_added": "15"
              },
              "opera_android": {
                "version_added": "14"
              },
              "safari": {
                "version_added": "7"
              },
              "safari_ios": {
                "version_added": "7"
              },
              "samsunginternet_android": {
                "version_added": "1.5"
              },
              "webview_android": {
                "version_added": "≤37"
              }
            },
            "status": {
              "experimental": false,
              "standard_track": true,
              "deprecated": false
            }
          }
        }
      },
      "remove_duplicates": {
        "__compat": {
          "description": "Removes duplicates",
          "mdn_url": "https://developer.mozilla.org/docs/Web/API/DOMTokenList#Trimming_of_whitespace_and_removal_of_duplicates",
          "support": {
            "chrome": {
              "version_added": "60"
            },
            "chrome_android": {
              "version_added": "60"
            },
            "edge": {
              "version_added": "17"
            },
            "firefox": {
              "version_added": "55"
            },
            "firefox_android": {
              "version_added": "55"
            },
            "ie": {
              "version_added": false
            },
            "opera": {
              "version_added": "47"
            },
            "opera_android": {
              "version_added": "44"
            },
            "safari": {
              "version_added": "10"
            },
            "safari_ios": {
              "version_added": "10"
            },
            "samsunginternet_android": {
              "version_added": "8.0"
            },
            "webview_android": {
              "version_added": "60"
            }
          },
          "status": {
            "experimental": false,
            "standard_track": true,
            "deprecated": false
          }
        }
      },
      "replace": {
        "__compat": {
          "mdn_url": "https://developer.mozilla.org/docs/Web/API/DOMTokenList/replace",
          "support": {
            "chrome": {
              "version_added": "61"
            },
            "chrome_android": {
              "version_added": "61"
            },
            "edge": {
              "version_added": "17"
            },
            "firefox": {
              "version_added": "49"
            },
            "firefox_android": {
              "version_added": "49"
            },
            "ie": {
              "version_added": false
            },
            "opera": {
              "version_added": "48"
            },
            "opera_android": {
              "version_added": "45"
            },
            "safari": {
              "version_added": "10.1"
            },
            "safari_ios": {
              "version_added": "10.3"
            },
            "samsunginternet_android": {
              "version_added": "8.0"
            },
            "webview_android": {
              "version_added": "61"
            }
          },
          "status": {
            "experimental": false,
            "standard_track": true,
            "deprecated": false
          }
        },
        "boolean_value": {
          "__compat": {
            "description": "<code>return()</code>'s value is a boolean, not void as it used to be.",
            "support": {
              "chrome": {
                "version_added": "67"
              },
              "chrome_android": {
                "version_added": "67"
              },
              "edge": {
                "version_added": "18"
              },
              "firefox": {
                "version_added": "61"
              },
              "firefox_android": {
                "version_added": "61"
              },
              "ie": {
                "version_added": false
              },
              "opera": {
                "version_added": "54"
              },
              "opera_android": {
                "version_added": "48"
              },
              "safari": {
                "version_added": "12"
              },
              "safari_ios": {
                "version_added": "12"
              },
              "samsunginternet_android": {
                "version_added": "9.0"
              },
              "webview_android": {
                "version_added": "67"
              }
            },
            "status": {
              "experimental": false,
              "standard_track": true,
              "deprecated": false
            }
          }
        }
      },
      "supports": {
        "__compat": {
          "mdn_url": "https://developer.mozilla.org/docs/Web/API/DOMTokenList/supports",
          "support": {
            "chrome": {
              "version_added": "49"
            },
            "chrome_android": {
              "version_added": "49"
            },
            "edge": {
              "version_added": "17"
            },
            "firefox": {
              "version_added": "49"
            },
            "firefox_android": {
              "version_added": "49"
            },
            "ie": {
              "version_added": false
            },
            "opera": {
              "version_added": "36"
            },
            "opera_android": {
              "version_added": "36"
            },
            "safari": {
              "version_added": "10.1"
            },
            "safari_ios": {
              "version_added": "10.3"
            },
            "samsunginternet_android": {
              "version_added": "5.0"
            },
            "webview_android": {
              "version_added": "49"
            }
          },
          "status": {
            "experimental": true,
            "standard_track": true,
            "deprecated": false
          }
        }
      },
      "toggle": {
        "__compat": {
          "mdn_url": "https://developer.mozilla.org/docs/Web/API/DOMTokenList/toggle",
          "support": {
            "chrome": {
              "version_added": "8"
            },
            "chrome_android": {
              "version_added": "18"
            },
            "edge": {
              "version_added": "12"
            },
            "firefox": {
              "version_added": "3.6"
            },
            "firefox_android": {
              "version_added": "4"
            },
            "ie": {
              "version_added": "10"
            },
            "opera": {
              "version_added": true
            },
            "opera_android": {
              "version_added": true
            },
            "safari": {
              "version_added": "5.1"
            },
            "safari_ios": {
              "version_added": "5.1"
            },
            "samsunginternet_android": {
              "version_added": "1.0"
            },
            "webview_android": {
              "version_added": "3"
            }
          },
          "status": {
            "experimental": false,
            "standard_track": true,
            "deprecated": false
          }
        },
        "force_argument": {
          "__compat": {
            "description": "<code>force</code> argument",
            "support": {
              "chrome": {
                "version_added": "24"
              },
              "chrome_android": {
                "version_added": "25"
              },
              "edge": {
                "version_added": "≤18"
              },
              "firefox": {
                "version_added": "24"
              },
              "firefox_android": {
                "version_added": "24"
              },
              "ie": {
                "version_added": false
              },
              "opera": {
                "version_added": "≤15"
              },
              "opera_android": {
                "version_added": "≤14"
              },
              "safari": {
                "version_added": "6.1"
              },
              "safari_ios": {
                "version_added": "6.1"
              },
              "samsunginternet_android": {
                "version_added": "1.5"
              },
              "webview_android": {
                "version_added": "≤37"
              }
            },
            "status": {
              "experimental": false,
              "standard_track": true,
              "deprecated": false
            }
          }
        }
      },
      "trim_whitespace": {
        "__compat": {
          "description": "Trims whitespace",
          "mdn_url": "https://developer.mozilla.org/docs/Web/API/DOMTokenList#Trimming_of_whitespace_and_removal_of_duplicates",
          "support": {
            "chrome": {
              "version_added": "48"
            },
            "chrome_android": {
              "version_added": "48"
            },
            "edge": {
              "version_added": "12"
            },
            "firefox": {
              "version_added": "51"
            },
            "firefox_android": {
              "version_added": "51"
            },
            "ie": {
              "version_added": "10"
            },
            "opera": {
              "version_added": "35"
            },
            "opera_android": {
              "version_added": "35"
            },
            "safari": {
              "version_added": "10"
            },
            "safari_ios": {
              "version_added": "10"
            },
            "samsunginternet_android": {
              "version_added": "5.0"
            },
            "webview_android": {
              "version_added": "48"
            }
          },
          "status": {
            "experimental": false,
            "standard_track": true,
            "deprecated": false
          }
        }
      },
      "value": {
        "__compat": {
          "mdn_url": "https://developer.mozilla.org/docs/Web/API/DOMTokenList/value",
          "support": {
            "chrome": {
              "version_added": "50",
              "notes": "Before Chrome 50, this property was part of the deprecated child <code>DOMSettableTokenList</code> interface."
            },
            "chrome_android": {
              "version_added": "50",
              "notes": "Before Chrome 50, this property was part of the deprecated child <code>DOMSettableTokenList</code> interface."
            },
            "edge": {
              "version_added": "17"
            },
            "firefox": {
              "version_added": "47"
            },
            "firefox_android": {
              "version_added": "47"
            },
            "ie": {
              "version_added": false
            },
            "opera": {
              "version_added": "37",
              "notes": "Before Opera 37, this property was part of the deprecated child <code>DOMSettableTokenList</code> interface."
            },
            "opera_android": {
              "version_added": "37",
              "notes": "Before Opera 37, this property was part of the deprecated child <code>DOMSettableTokenList</code> interface."
            },
            "safari": {
              "version_added": "10"
            },
            "safari_ios": {
              "version_added": "10"
            },
            "samsunginternet_android": {
              "version_added": "5.0",
              "notes": "Before Samsung Internet 5.0, this property was part of the deprecated child <code>DOMSettableTokenList</code> interface."
            },
            "webview_android": {
              "version_added": "50",
              "notes": "Before Chrome 50, this property was part of the deprecated child <code>DOMSettableTokenList</code> interface."
            }
          },
          "status": {
            "experimental": false,
            "standard_track": true,
            "deprecated": false
          }
        }
      },
      "values": {
        "__compat": {
          "mdn_url": "https://developer.mozilla.org/docs/Web/API/DOMTokenList/values",
          "support": {
            "chrome": {
              "version_added": "42"
            },
            "chrome_android": {
              "version_added": "45"
            },
            "edge": {
              "version_added": "16"
            },
            "firefox": {
              "version_added": "50"
            },
            "firefox_android": {
              "version_added": "50"
            },
            "ie": {
              "version_added": false
            },
            "opera": {
              "version_added": "32"
            },
            "opera_android": {
              "version_added": "32"
            },
            "safari": {
              "version_added": "10.1"
            },
            "safari_ios": {
              "version_added": "10.3"
            },
            "samsunginternet_android": {
              "version_added": "5.0"
            },
            "webview_android": {
              "version_added": "45"
            }
          },
          "status": {
            "experimental": false,
            "standard_track": true,
            "deprecated": false
          }
        }
      },
      "@@iterator": {
        "__compat": {
          "support": {
            "chrome": {
              "version_added": "42"
            },
            "chrome_android": {
              "version_added": "42"
            },
            "edge": {
              "version_added": "16"
            },
            "firefox": {
              "version_added": "36"
            },
            "firefox_android": {
              "version_added": "36"
            },
            "ie": {
              "version_added": false
            },
            "opera": {
              "version_added": "29"
            },
            "opera_android": {
              "version_added": "29"
            },
            "safari": {
              "version_added": "10.1"
            },
            "safari_ios": {
              "version_added": "10.3"
            },
            "samsunginternet_android": {
              "version_added": "4.0"
            },
            "webview_android": {
              "version_added": "42"
            }
          },
          "status": {
            "experimental": false,
            "standard_track": true,
            "deprecated": false
          }
        }
      }
    }
  }
}
