{
  "api": {
    "ElementInternals": {
      "__compat": {
        "support": {
          "chrome": {
            "version_added": "77"
          },
          "chrome_android": {
            "version_added": "77"
          },
          "edge": {
            "version_added": "79"
          },
          "firefox": {
            "version_added": false
          },
          "firefox_android": {
            "version_added": false
          },
          "ie": {
            "version_added": false
          },
          "opera": {
            "version_added": "64"
          },
          "opera_android": {
            "version_added": "55"
          },
          "safari": {
            "version_added": false
          },
          "safari_ios": {
            "version_added": false
          },
          "samsunginternet_android": {
            "version_added": "12.0"
          },
          "webview_android": {
            "version_added": "77"
          }
        },
        "status": {
          "experimental": false,
          "standard_track": true,
          "deprecated": false
        }
      },
      "checkValidity": {
        "__compat": {
          "support": {
            "chrome": {
              "version_added": "77"
            },
            "chrome_android": {
              "version_added": "77"
            },
            "edge": {
              "version_added": "79"
            },
            "firefox": {
              "version_added": false
            },
            "firefox_android": {
              "version_added": false
            },
            "ie": {
              "version_added": false
            },
            "opera": {
              "version_added": "64"
            },
            "opera_android": {
              "version_added": "55"
            },
            "safari": {
              "version_added": false
            },
            "safari_ios": {
              "version_added": false
            },
            "samsunginternet_android": {
              "version_added": "12.0"
            },
            "webview_android": {
              "version_added": "77"
            }
          },
          "status": {
            "experimental": false,
            "standard_track": true,
            "deprecated": false
          }
        }
      },
      "form": {
        "__compat": {
          "support": {
            "chrome": {
              "version_added": "77"
            },
            "chrome_android": {
              "version_added": "77"
            },
            "edge": {
              "version_added": "79"
            },
            "firefox": {
              "version_added": false
            },
            "firefox_android": {
              "version_added": false
            },
            "ie": {
              "version_added": false
            },
            "opera": {
              "version_added": "64"
            },
            "opera_android": {
              "version_added": "55"
            },
            "safari": {
              "version_added": false
            },
            "safari_ios": {
              "version_added": false
            },
            "samsunginternet_android": {
              "version_added": "12.0"
            },
            "webview_android": {
              "version_added": "77"
            }
          },
          "status": {
            "experimental": false,
            "standard_track": true,
            "deprecated": false
          }
        }
      },
      "labels": {
        "__compat": {
          "support": {
            "chrome": {
              "version_added": "77"
            },
            "chrome_android": {
              "version_added": "77"
            },
            "edge": {
              "version_added": "79"
            },
            "firefox": {
              "version_added": false
            },
            "firefox_android": {
              "version_added": false
            },
            "ie": {
              "version_added": false
            },
            "opera": {
              "version_added": "64"
            },
            "opera_android": {
              "version_added": "55"
            },
            "safari": {
              "version_added": false
            },
            "safari_ios": {
              "version_added": false
            },
            "samsunginternet_android": {
              "version_added": "12.0"
            },
            "webview_android": {
              "version_added": "77"
            }
          },
          "status": {
            "experimental": false,
            "standard_track": true,
            "deprecated": false
          }
        }
      },
      "reportValidity": {
        "__compat": {
          "support": {
            "chrome": {
              "version_added": "77"
            },
            "chrome_android": {
              "version_added": "77"
            },
            "edge": {
              "version_added": "79"
            },
            "firefox": {
              "version_added": false
            },
            "firefox_android": {
              "version_added": false
            },
            "ie": {
              "version_added": false
            },
            "opera": {
              "version_added": "64"
            },
            "opera_android": {
              "version_added": "55"
            },
            "safari": {
              "version_added": false
            },
            "safari_ios": {
              "version_added": false
            },
            "samsunginternet_android": {
              "version_added": "12.0"
            },
            "webview_android": {
              "version_added": "77"
            }
          },
          "status": {
            "experimental": false,
            "standard_track": true,
            "deprecated": false
          }
        }
      },
      "setFormValue": {
        "__compat": {
          "support": {
            "chrome": {
              "version_added": "77"
            },
            "chrome_android": {
              "version_added": "77"
            },
            "edge": {
              "version_added": "79"
            },
            "firefox": {
              "version_added": false
            },
            "firefox_android": {
              "version_added": false
            },
            "ie": {
              "version_added": false
            },
            "opera": {
              "version_added": "64"
            },
            "opera_android": {
              "version_added": "55"
            },
            "safari": {
              "version_added": false
            },
            "safari_ios": {
              "version_added": false
            },
            "samsunginternet_android": {
              "version_added": "12.0"
            },
            "webview_android": {
              "version_added": "77"
            }
          },
          "status": {
            "experimental": false,
            "standard_track": true,
            "deprecated": false
          }
        }
      },
      "setValidity": {
        "__compat": {
          "support": {
            "chrome": {
              "version_added": "77"
            },
            "chrome_android": {
              "version_added": "77"
            },
            "edge": {
              "version_added": "79"
            },
            "firefox": {
              "version_added": false
            },
            "firefox_android": {
              "version_added": false
            },
            "ie": {
              "version_added": false
            },
            "opera": {
              "version_added": "64"
            },
            "opera_android": {
              "version_added": "55"
            },
            "safari": {
              "version_added": false
            },
            "safari_ios": {
              "version_added": false
            },
            "samsunginternet_android": {
              "version_added": "12.0"
            },
            "webview_android": {
              "version_added": "77"
            }
          },
          "status": {
            "experimental": false,
            "standard_track": true,
            "deprecated": false
          }
        }
      },
      "validationMessage": {
        "__compat": {
          "support": {
            "chrome": {
              "version_added": "77"
            },
            "chrome_android": {
              "version_added": "77"
            },
            "edge": {
              "version_added": "79"
            },
            "firefox": {
              "version_added": false
            },
            "firefox_android": {
              "version_added": false
            },
            "ie": {
              "version_added": false
            },
            "opera": {
              "version_added": "64"
            },
            "opera_android": {
              "version_added": "55"
            },
            "safari": {
              "version_added": false
            },
            "safari_ios": {
              "version_added": false
            },
            "samsunginternet_android": {
              "version_added": "12.0"
            },
            "webview_android": {
              "version_added": "77"
            }
          },
          "status": {
            "experimental": false,
            "standard_track": true,
            "deprecated": false
          }
        }
      },
      "validity": {
        "__compat": {
          "support": {
            "chrome": {
              "version_added": "77"
            },
            "chrome_android": {
              "version_added": "77"
            },
            "edge": {
              "version_added": "79"
            },
            "firefox": {
              "version_added": false
            },
            "firefox_android": {
              "version_added": false
            },
            "ie": {
              "version_added": false
            },
            "opera": {
              "version_added": "64"
            },
            "opera_android": {
              "version_added": "55"
            },
            "safari": {
              "version_added": false
            },
            "safari_ios": {
              "version_added": false
            },
            "samsunginternet_android": {
              "version_added": "12.0"
            },
            "webview_android": {
              "version_added": "77"
            }
          },
          "status": {
            "experimental": false,
            "standard_track": true,
            "deprecated": false
          }
        }
      },
      "willValidate": {
        "__compat": {
          "support": {
            "chrome": {
              "version_added": "77"
            },
            "chrome_android": {
              "version_added": "77"
            },
            "edge": {
              "version_added": "79"
            },
            "firefox": {
              "version_added": false
            },
            "firefox_android": {
              "version_added": false
            },
            "ie": {
              "version_added": false
            },
            "opera": {
              "version_added": "64"
            },
            "opera_android": {
              "version_added": "55"
            },
            "safari": {
              "version_added": false
            },
            "safari_ios": {
              "version_added": false
            },
            "samsunginternet_android": {
              "version_added": "12.0"
            },
            "webview_android": {
              "version_added": "77"
            }
          },
          "status": {
            "experimental": false,
            "standard_track": true,
            "deprecated": false
          }
        }
      }
    }
  }
}
