{
  "api": {
    "EXT_color_buffer_half_float": {
      "__compat": {
        "mdn_url": "https://developer.mozilla.org/docs/Web/API/EXT_color_buffer_half_float",
        "support": {
          "chrome": {
            "version_added": "63"
          },
          "chrome_android": {
            "version_added": "63"
          },
          "edge": {
            "version_added": "17"
          },
          "firefox": [
            {
              "version_added": "47"
            },
            {
              "version_added": "36",
              "version_removed": "47",
              "partial_implementation": true,
              "notes": "Not supported on Windows."
            }
          ],
          "firefox_android": {
            "version_added": null
          },
          "ie": {
            "version_added": false
          },
          "opera": {
            "version_added": "50"
          },
          "opera_android": {
            "version_added": "46"
          },
          "safari": {
            "version_added": "14"
          },
          "safari_ios": {
            "version_added": "14"
          },
          "samsunginternet_android": {
            "version_added": "8.0"
          },
          "webview_android": {
            "version_added": "63"
          }
        },
        "status": {
          "experimental": false,
          "standard_track": true,
          "deprecated": false
        }
      }
    }
  }
}
