{
  "api": {
    "EXT_disjoint_timer_query": {
      "__compat": {
        "mdn_url": "https://developer.mozilla.org/docs/Web/API/EXT_disjoint_timer_query",
        "support": {
          "chrome": {
            "version_added": "47",
            "version_removed": "65",
            "notes": "Removed due to the <a href='https://www.vusec.net/projects/glitch/'>GLitch exploit</a>."
          },
          "chrome_android": {
            "version_added": "47",
            "version_removed": "65",
            "notes": "Removed due to the <a href='https://www.vusec.net/projects/glitch/'>GLitch exploit</a>."
          },
          "edge": {
            "version_added": false
          },
          "firefox": {
            "version_added": "51",
            "version_removed": "59",
            "notes": "Removed due to the <a href='https://www.vusec.net/projects/glitch/'>GLitch exploit</a>."
          },
          "firefox_android": {
            "version_added": false
          },
          "ie": {
            "version_added": false
          },
          "opera": {
            "version_added": "34",
            "version_removed": "52",
            "notes": "Removed due to the <a href='https://www.vusec.net/projects/glitch/'>GLitch exploit</a>."
          },
          "opera_android": {
            "version_added": "34",
            "version_removed": "47",
            "notes": "Removed due to the <a href='https://www.vusec.net/projects/glitch/'>GLitch exploit</a>."
          },
          "safari": {
            "version_added": false
          },
          "safari_ios": {
            "version_added": false
          },
          "samsunginternet_android": {
            "version_added": "5.0",
            "version_removed": "9.0",
            "notes": "Removed due to the <a href='https://www.vusec.net/projects/glitch/'>GLitch exploit</a>."
          },
          "webview_android": {
            "version_added": "47",
            "version_removed": "65",
            "notes": "Removed due to the <a href='https://www.vusec.net/projects/glitch/'>GLitch exploit</a>."
          }
        },
        "status": {
          "experimental": false,
          "standard_track": true,
          "deprecated": false
        }
      },
      "beginQueryEXT": {
        "__compat": {
          "mdn_url": "https://developer.mozilla.org/docs/Web/API/EXT_disjoint_timer_query/beginQueryEXT",
          "support": {
            "chrome": {
              "version_added": "47",
              "version_removed": "65",
              "notes": "Removed due to the <a href='https://www.vusec.net/projects/glitch/'>GLitch exploit</a>."
            },
            "chrome_android": {
              "version_added": "47",
              "version_removed": "65",
              "notes": "Removed due to the <a href='https://www.vusec.net/projects/glitch/'>GLitch exploit</a>."
            },
            "edge": {
              "version_added": false
            },
            "firefox": {
              "version_added": "51",
              "version_removed": "59",
              "notes": "Removed due to the <a href='https://www.vusec.net/projects/glitch/'>GLitch exploit</a>."
            },
            "firefox_android": {
              "version_added": false
            },
            "ie": {
              "version_added": false
            },
            "opera": {
              "version_added": "34",
              "version_removed": "52",
              "notes": "Removed due to the <a href='https://www.vusec.net/projects/glitch/'>GLitch exploit</a>."
            },
            "opera_android": {
              "version_added": "34",
              "version_removed": "47",
              "notes": "Removed due to the <a href='https://www.vusec.net/projects/glitch/'>GLitch exploit</a>."
            },
            "safari": {
              "version_added": false
            },
            "safari_ios": {
              "version_added": false
            },
            "samsunginternet_android": {
              "version_added": "5.0",
              "version_removed": "9.0",
              "notes": "Removed due to the <a href='https://www.vusec.net/projects/glitch/'>GLitch exploit</a>."
            },
            "webview_android": {
              "version_added": "47",
              "version_removed": "65",
              "notes": "Removed due to the <a href='https://www.vusec.net/projects/glitch/'>GLitch exploit</a>."
            }
          },
          "status": {
            "experimental": false,
            "standard_track": true,
            "deprecated": false
          }
        }
      },
      "createQueryEXT": {
        "__compat": {
          "mdn_url": "https://developer.mozilla.org/docs/Web/API/EXT_disjoint_timer_query/createQueryEXT",
          "support": {
            "chrome": {
              "version_added": "47",
              "version_removed": "65",
              "notes": "Removed due to the <a href='https://www.vusec.net/projects/glitch/'>GLitch exploit</a>."
            },
            "chrome_android": {
              "version_added": "47",
              "version_removed": "65",
              "notes": "Removed due to the <a href='https://www.vusec.net/projects/glitch/'>GLitch exploit</a>."
            },
            "edge": {
              "version_added": false
            },
            "firefox": {
              "version_added": "51",
              "version_removed": "59",
              "notes": "Removed due to the <a href='https://www.vusec.net/projects/glitch/'>GLitch exploit</a>."
            },
            "firefox_android": {
              "version_added": false
            },
            "ie": {
              "version_added": false
            },
            "opera": {
              "version_added": "34",
              "version_removed": "52",
              "notes": "Removed due to the <a href='https://www.vusec.net/projects/glitch/'>GLitch exploit</a>."
            },
            "opera_android": {
              "version_added": "34",
              "version_removed": "47",
              "notes": "Removed due to the <a href='https://www.vusec.net/projects/glitch/'>GLitch exploit</a>."
            },
            "safari": {
              "version_added": false
            },
            "safari_ios": {
              "version_added": false
            },
            "samsunginternet_android": {
              "version_added": "5.0",
              "version_removed": "9.0",
              "notes": "Removed due to the <a href='https://www.vusec.net/projects/glitch/'>GLitch exploit</a>."
            },
            "webview_android": {
              "version_added": "47",
              "version_removed": "65",
              "notes": "Removed due to the <a href='https://www.vusec.net/projects/glitch/'>GLitch exploit</a>."
            }
          },
          "status": {
            "experimental": false,
            "standard_track": true,
            "deprecated": false
          }
        }
      },
      "deleteQueryEXT": {
        "__compat": {
          "mdn_url": "https://developer.mozilla.org/docs/Web/API/EXT_disjoint_timer_query/deleteQueryEXT",
          "support": {
            "chrome": {
              "version_added": "47",
              "version_removed": "65",
              "notes": "Removed due to the <a href='https://www.vusec.net/projects/glitch/'>GLitch exploit</a>."
            },
            "chrome_android": {
              "version_added": "47",
              "version_removed": "65",
              "notes": "Removed due to the <a href='https://www.vusec.net/projects/glitch/'>GLitch exploit</a>."
            },
            "edge": {
              "version_added": false
            },
            "firefox": {
              "version_added": "51",
              "version_removed": "59",
              "notes": "Removed due to the <a href='https://www.vusec.net/projects/glitch/'>GLitch exploit</a>."
            },
            "firefox_android": {
              "version_added": false
            },
            "ie": {
              "version_added": false
            },
            "opera": {
              "version_added": "34",
              "version_removed": "52",
              "notes": "Removed due to the <a href='https://www.vusec.net/projects/glitch/'>GLitch exploit</a>."
            },
            "opera_android": {
              "version_added": "34",
              "version_removed": "47",
              "notes": "Removed due to the <a href='https://www.vusec.net/projects/glitch/'>GLitch exploit</a>."
            },
            "safari": {
              "version_added": false
            },
            "safari_ios": {
              "version_added": false
            },
            "samsunginternet_android": {
              "version_added": "5.0",
              "version_removed": "9.0",
              "notes": "Removed due to the <a href='https://www.vusec.net/projects/glitch/'>GLitch exploit</a>."
            },
            "webview_android": {
              "version_added": "47",
              "version_removed": "65",
              "notes": "Removed due to the <a href='https://www.vusec.net/projects/glitch/'>GLitch exploit</a>."
            }
          },
          "status": {
            "experimental": false,
            "standard_track": true,
            "deprecated": false
          }
        }
      },
      "endQueryEXT": {
        "__compat": {
          "mdn_url": "https://developer.mozilla.org/docs/Web/API/EXT_disjoint_timer_query/endQueryEXT",
          "support": {
            "chrome": {
              "version_added": "47",
              "version_removed": "65",
              "notes": "Removed due to the <a href='https://www.vusec.net/projects/glitch/'>GLitch exploit</a>."
            },
            "chrome_android": {
              "version_added": "47",
              "version_removed": "65",
              "notes": "Removed due to the <a href='https://www.vusec.net/projects/glitch/'>GLitch exploit</a>."
            },
            "edge": {
              "version_added": false
            },
            "firefox": {
              "version_added": "51",
              "version_removed": "59",
              "notes": "Removed due to the <a href='https://www.vusec.net/projects/glitch/'>GLitch exploit</a>."
            },
            "firefox_android": {
              "version_added": false
            },
            "ie": {
              "version_added": false
            },
            "opera": {
              "version_added": "34",
              "version_removed": "52",
              "notes": "Removed due to the <a href='https://www.vusec.net/projects/glitch/'>GLitch exploit</a>."
            },
            "opera_android": {
              "version_added": "34",
              "version_removed": "47",
              "notes": "Removed due to the <a href='https://www.vusec.net/projects/glitch/'>GLitch exploit</a>."
            },
            "safari": {
              "version_added": false
            },
            "safari_ios": {
              "version_added": false
            },
            "samsunginternet_android": {
              "version_added": "5.0",
              "version_removed": "9.0",
              "notes": "Removed due to the <a href='https://www.vusec.net/projects/glitch/'>GLitch exploit</a>."
            },
            "webview_android": {
              "version_added": "47",
              "version_removed": "65",
              "notes": "Removed due to the <a href='https://www.vusec.net/projects/glitch/'>GLitch exploit</a>."
            }
          },
          "status": {
            "experimental": false,
            "standard_track": true,
            "deprecated": false
          }
        }
      },
      "getQueryEXT": {
        "__compat": {
          "mdn_url": "https://developer.mozilla.org/docs/Web/API/EXT_disjoint_timer_query/getQueryEXT",
          "support": {
            "chrome": {
              "version_added": "47",
              "version_removed": "65",
              "notes": "Removed due to the <a href='https://www.vusec.net/projects/glitch/'>GLitch exploit</a>."
            },
            "chrome_android": {
              "version_added": "47",
              "version_removed": "65",
              "notes": "Removed due to the <a href='https://www.vusec.net/projects/glitch/'>GLitch exploit</a>."
            },
            "edge": {
              "version_added": false
            },
            "firefox": {
              "version_added": "51",
              "version_removed": "59",
              "notes": "Removed due to the <a href='https://www.vusec.net/projects/glitch/'>GLitch exploit</a>."
            },
            "firefox_android": {
              "version_added": false
            },
            "ie": {
              "version_added": false
            },
            "opera": {
              "version_added": "34",
              "version_removed": "52",
              "notes": "Removed due to the <a href='https://www.vusec.net/projects/glitch/'>GLitch exploit</a>."
            },
            "opera_android": {
              "version_added": "34",
              "version_removed": "47",
              "notes": "Removed due to the <a href='https://www.vusec.net/projects/glitch/'>GLitch exploit</a>."
            },
            "safari": {
              "version_added": false
            },
            "safari_ios": {
              "version_added": false
            },
            "samsunginternet_android": {
              "version_added": "5.0",
              "version_removed": "9.0",
              "notes": "Removed due to the <a href='https://www.vusec.net/projects/glitch/'>GLitch exploit</a>."
            },
            "webview_android": {
              "version_added": "47",
              "version_removed": "65",
              "notes": "Removed due to the <a href='https://www.vusec.net/projects/glitch/'>GLitch exploit</a>."
            }
          },
          "status": {
            "experimental": false,
            "standard_track": true,
            "deprecated": false
          }
        }
      },
      "getQueryObjectEXT": {
        "__compat": {
          "mdn_url": "https://developer.mozilla.org/docs/Web/API/EXT_disjoint_timer_query/getQueryObjectEXT",
          "support": {
            "chrome": {
              "version_added": "47",
              "version_removed": "65",
              "notes": "Removed due to the <a href='https://www.vusec.net/projects/glitch/'>GLitch exploit</a>."
            },
            "chrome_android": {
              "version_added": "47",
              "version_removed": "65",
              "notes": "Removed due to the <a href='https://www.vusec.net/projects/glitch/'>GLitch exploit</a>."
            },
            "edge": {
              "version_added": false
            },
            "firefox": {
              "version_added": "51",
              "version_removed": "59",
              "notes": "Removed due to the <a href='https://www.vusec.net/projects/glitch/'>GLitch exploit</a>."
            },
            "firefox_android": {
              "version_added": false
            },
            "ie": {
              "version_added": false
            },
            "opera": {
              "version_added": "34",
              "version_removed": "52",
              "notes": "Removed due to the <a href='https://www.vusec.net/projects/glitch/'>GLitch exploit</a>."
            },
            "opera_android": {
              "version_added": "34",
              "version_removed": "47",
              "notes": "Removed due to the <a href='https://www.vusec.net/projects/glitch/'>GLitch exploit</a>."
            },
            "safari": {
              "version_added": false
            },
            "safari_ios": {
              "version_added": false
            },
            "samsunginternet_android": {
              "version_added": "5.0",
              "version_removed": "9.0",
              "notes": "Removed due to the <a href='https://www.vusec.net/projects/glitch/'>GLitch exploit</a>."
            },
            "webview_android": {
              "version_added": "47",
              "version_removed": "65",
              "notes": "Removed due to the <a href='https://www.vusec.net/projects/glitch/'>GLitch exploit</a>."
            }
          },
          "status": {
            "experimental": false,
            "standard_track": true,
            "deprecated": false
          }
        }
      },
      "isQueryEXT": {
        "__compat": {
          "mdn_url": "https://developer.mozilla.org/docs/Web/API/EXT_disjoint_timer_query/isQueryEXT",
          "support": {
            "chrome": {
              "version_added": "47",
              "version_removed": "65",
              "notes": "Removed due to the <a href='https://www.vusec.net/projects/glitch/'>GLitch exploit</a>."
            },
            "chrome_android": {
              "version_added": "47",
              "version_removed": "65",
              "notes": "Removed due to the <a href='https://www.vusec.net/projects/glitch/'>GLitch exploit</a>."
            },
            "edge": {
              "version_added": false
            },
            "firefox": {
              "version_added": "51",
              "version_removed": "59",
              "notes": "Removed due to the <a href='https://www.vusec.net/projects/glitch/'>GLitch exploit</a>."
            },
            "firefox_android": {
              "version_added": false
            },
            "ie": {
              "version_added": false
            },
            "opera": {
              "version_added": "34",
              "version_removed": "52",
              "notes": "Removed due to the <a href='https://www.vusec.net/projects/glitch/'>GLitch exploit</a>."
            },
            "opera_android": {
              "version_added": "34",
              "version_removed": "47",
              "notes": "Removed due to the <a href='https://www.vusec.net/projects/glitch/'>GLitch exploit</a>."
            },
            "safari": {
              "version_added": false
            },
            "safari_ios": {
              "version_added": false
            },
            "samsunginternet_android": {
              "version_added": "5.0",
              "version_removed": "9.0",
              "notes": "Removed due to the <a href='https://www.vusec.net/projects/glitch/'>GLitch exploit</a>."
            },
            "webview_android": {
              "version_added": "47",
              "version_removed": "65",
              "notes": "Removed due to the <a href='https://www.vusec.net/projects/glitch/'>GLitch exploit</a>."
            }
          },
          "status": {
            "experimental": false,
            "standard_track": true,
            "deprecated": false
          }
        }
      },
      "queryCounterEXT": {
        "__compat": {
          "mdn_url": "https://developer.mozilla.org/docs/Web/API/EXT_disjoint_timer_query/queryCounterEXT",
          "support": {
            "chrome": {
              "version_added": "47",
              "version_removed": "65",
              "notes": "Removed due to the <a href='https://www.vusec.net/projects/glitch/'>GLitch exploit</a>."
            },
            "chrome_android": {
              "version_added": "47",
              "version_removed": "65",
              "notes": "Removed due to the <a href='https://www.vusec.net/projects/glitch/'>GLitch exploit</a>."
            },
            "edge": {
              "version_added": false
            },
            "firefox": {
              "version_added": "51",
              "version_removed": "59",
              "notes": "Removed due to the <a href='https://www.vusec.net/projects/glitch/'>GLitch exploit</a>."
            },
            "firefox_android": {
              "version_added": false
            },
            "ie": {
              "version_added": false
            },
            "opera": {
              "version_added": "34",
              "version_removed": "52",
              "notes": "Removed due to the <a href='https://www.vusec.net/projects/glitch/'>GLitch exploit</a>."
            },
            "opera_android": {
              "version_added": "34",
              "version_removed": "47",
              "notes": "Removed due to the <a href='https://www.vusec.net/projects/glitch/'>GLitch exploit</a>."
            },
            "safari": {
              "version_added": false
            },
            "safari_ios": {
              "version_added": false
            },
            "samsunginternet_android": {
              "version_added": "5.0",
              "version_removed": "9.0",
              "notes": "Removed due to the <a href='https://www.vusec.net/projects/glitch/'>GLitch exploit</a>."
            },
            "webview_android": {
              "version_added": "47",
              "version_removed": "65",
              "notes": "Removed due to the <a href='https://www.vusec.net/projects/glitch/'>GLitch exploit</a>."
            }
          },
          "status": {
            "experimental": false,
            "standard_track": true,
            "deprecated": false
          }
        }
      }
    }
  }
}
