{
  "api": {
    "EXT_sRGB": {
      "__compat": {
        "mdn_url": "https://developer.mozilla.org/docs/Web/API/EXT_sRGB",
        "support": {
          "chrome": {
            "version_added": "40"
          },
          "chrome_android": {
            "version_added": "40"
          },
          "edge": {
            "version_added": false
          },
          "firefox": [
            {
              "version_added": "58"
            },
            {
              "version_added": "28",
              "version_removed": "58",
              "partial_implementation": true,
              "notes": "Not supported on Windows."
            }
          ],
          "firefox_android": {
            "version_added": null
          },
          "ie": {
            "version_added": false
          },
          "opera": {
            "version_added": "27"
          },
          "opera_android": {
            "version_added": "27"
          },
          "safari": {
            "version_added": "7"
          },
          "safari_ios": {
            "version_added": "9"
          },
          "samsunginternet_android": {
            "version_added": "4.0"
          },
          "webview_android": {
            "version_added": "40"
          }
        },
        "status": {
          "experimental": false,
          "standard_track": true,
          "deprecated": false
        }
      }
    }
  }
}
