{
  "api": {
    "EXT_frag_depth": {
      "__compat": {
        "mdn_url": "https://developer.mozilla.org/docs/Web/API/EXT_frag_depth",
        "support": {
          "chrome": {
            "version_added": "38"
          },
          "chrome_android": {
            "version_added": "38"
          },
          "edge": {
            "version_added": "12",
            "version_removed": "79"
          },
          "firefox": {
            "version_added": "47"
          },
          "firefox_android": {
            "version_added": "47"
          },
          "ie": {
            "version_added": false
          },
          "opera": {
            "version_added": "25"
          },
          "opera_android": {
            "version_added": "25"
          },
          "safari": {
            "version_added": "7"
          },
          "safari_ios": {
            "version_added": false
          },
          "samsunginternet_android": {
            "version_added": "3.0"
          },
          "webview_android": {
            "version_added": "38"
          }
        },
        "status": {
          "experimental": false,
          "standard_track": true,
          "deprecated": false
        }
      }
    }
  }
}
