{
  "api": {
    "EXT_texture_filter_anisotropic": {
      "__compat": {
        "mdn_url": "https://developer.mozilla.org/docs/Web/API/EXT_texture_filter_anisotropic",
        "support": {
          "chrome": [
            {
              "version_added": "34"
            },
            {
              "version_added": "35",
              "prefix": "WEBKIT_"
            }
          ],
          "chrome_android": [
            {
              "version_added": "34"
            },
            {
              "version_added": "35",
              "prefix": "WEBKIT_"
            }
          ],
          "edge": [
            {
              "version_added": "12"
            },
            {
              "version_added": "79",
              "prefix": "WEBKIT_"
            }
          ],
          "firefox": {
            "version_added": "47"
          },
          "firefox_android": {
            "version_added": "47"
          },
          "ie": {
            "version_added": "11"
          },
          "opera": [
            {
              "version_added": "21"
            },
            {
              "version_added": "22",
              "prefix": "WEBKIT_"
            }
          ],
          "opera_android": [
            {
              "version_added": "21"
            },
            {
              "version_added": "22",
              "prefix": "WEBKIT_"
            }
          ],
          "safari": {
            "version_added": "7"
          },
          "safari_ios": {
            "version_added": "7"
          },
          "samsunginternet_android": [
            {
              "version_added": "3.0"
            },
            {
              "version_added": "4.0",
              "prefix": "WEBKIT_"
            }
          ],
          "webview_android": [
            {
              "version_added": "37"
            },
            {
              "version_added": "37",
              "prefix": "WEBKIT_"
            }
          ]
        },
        "status": {
          "experimental": false,
          "standard_track": true,
          "deprecated": false
        }
      }
    }
  }
}
