{
  "api": {
    "EXT_float_blend": {
      "__compat": {
        "mdn_url": "https://developer.mozilla.org/docs/Web/API/EXT_float_blend",
        "support": {
          "chrome": {
            "version_added": "75"
          },
          "chrome_android": {
            "version_added": "75",
            "notes": "Until Chrome 77, this extension was unavailable on several Android devices powered by GLES 3.2. See <a href='https://crbug.com/964208'>bug 964208</a>."
          },
          "edge": {
            "version_added": "79"
          },
          "firefox": {
            "version_added": "67"
          },
          "firefox_android": {
            "version_added": false
          },
          "ie": {
            "version_added": false
          },
          "opera": {
            "version_added": false
          },
          "opera_android": {
            "version_added": false
          },
          "safari": {
            "version_added": false
          },
          "safari_ios": {
            "version_added": false
          },
          "samsunginternet_android": {
            "version_added": false
          },
          "webview_android": {
            "version_added": false
          }
        },
        "status": {
          "experimental": true,
          "standard_track": true,
          "deprecated": false
        }
      }
    }
  }
}
