{
  "api": {
    "EXT_disjoint_timer_query_webgl2": {
      "__compat": {
        "support": {
          "chrome": [
            {
              "version_added": "70"
            },
            {
              "version_added": "56",
              "version_removed": "62"
            }
          ],
          "chrome_android": {
            "version_added": false
          },
          "edge": {
            "version_added": false
          },
          "firefox": {
            "version_added": false
          },
          "firefox_android": {
            "version_added": false
          },
          "ie": {
            "version_added": false
          },
          "opera": {
            "version_added": false
          },
          "opera_android": {
            "version_added": false
          },
          "safari": {
            "version_added": false
          },
          "safari_ios": {
            "version_added": false
          },
          "samsunginternet_android": {
            "version_added": false
          },
          "webview_android": {
            "version_added": false
          }
        },
        "status": {
          "experimental": false,
          "standard_track": true,
          "deprecated": false
        }
      },
      "queryCounterEXT": {
        "__compat": {
          "support": {
            "chrome": [
              {
                "version_added": "70"
              },
              {
                "version_added": "56",
                "version_removed": "62"
              }
            ],
            "chrome_android": {
              "version_added": false
            },
            "edge": {
              "version_added": false
            },
            "firefox": {
              "version_added": false
            },
            "firefox_android": {
              "version_added": false
            },
            "ie": {
              "version_added": false
            },
            "opera": {
              "version_added": false
            },
            "opera_android": {
              "version_added": false
            },
            "safari": {
              "version_added": false
            },
            "safari_ios": {
              "version_added": false
            },
            "samsunginternet_android": {
              "version_added": false
            },
            "webview_android": {
              "version_added": false
            }
          },
          "status": {
            "experimental": false,
            "standard_track": true,
            "deprecated": false
          }
        }
      }
    }
  }
}
