{
  "api": {
    "FeaturePolicy": {
      "__compat": {
        "mdn_url": "https://developer.mozilla.org/docs/Web/API/FeaturePolicy",
        "support": {
          "chrome": [
            {
              "version_added": "74"
            },
            {
              "version_added": "73",
              "version_removed": "74",
              "flags": [
                {
                  "type": "preference",
                  "name": "#enable-experimental-productivity-features",
                  "value_to_set": "Enabled"
                }
              ]
            },
            {
              "version_added": "69",
              "version_removed": "73",
              "alternative_name": "Policy",
              "flags": [
                {
                  "type": "preference",
                  "name": "#enable-experimental-productivity-features",
                  "value_to_set": "Enabled"
                }
              ]
            }
          ],
          "chrome_android": [
            {
              "version_added": "74"
            },
            {
              "version_added": "73",
              "version_removed": "74",
              "flags": [
                {
                  "type": "preference",
                  "name": "#enable-experimental-productivity-features",
                  "value_to_set": "Enabled"
                }
              ]
            },
            {
              "version_added": "69",
              "version_removed": "73",
              "alternative_name": "Policy",
              "flags": [
                {
                  "type": "preference",
                  "name": "#enable-experimental-productivity-features",
                  "value_to_set": "Enabled"
                }
              ]
            }
          ],
          "edge": {
            "version_added": "79"
          },
          "firefox": {
            "version_added": "65",
            "alternative_name": "Policy",
            "flags": [
              {
                "type": "preference",
                "name": "dom.security.featurePolicy.webidl.enabled",
                "value_to_set": "true"
              }
            ]
          },
          "firefox_android": {
            "version_added": "65",
            "alternative_name": "Policy",
            "flags": [
              {
                "type": "preference",
                "name": "dom.security.featurePolicy.webidl.enabled",
                "value_to_set": "true"
              }
            ]
          },
          "ie": {
            "version_added": false
          },
          "opera": [
            {
              "version_added": "62"
            },
            {
              "version_added": "60",
              "version_removed": "62",
              "flags": [
                {
                  "type": "preference",
                  "name": "#enable-experimental-productivity-features",
                  "value_to_set": "Enabled"
                }
              ]
            },
            {
              "version_added": "56",
              "version_removed": "60",
              "alternative_name": "Policy",
              "flags": [
                {
                  "type": "preference",
                  "name": "#enable-experimental-productivity-features",
                  "value_to_set": "Enabled"
                }
              ]
            }
          ],
          "opera_android": {
            "version_added": "48",
            "alternative_name": "Policy",
            "flags": [
              {
                "type": "preference",
                "name": "#enable-experimental-productivity-features",
                "value_to_set": "Enabled"
              }
            ]
          },
          "safari": {
            "version_added": false
          },
          "safari_ios": {
            "version_added": false
          },
          "samsunginternet_android": {
            "version_added": "11.0"
          },
          "webview_android": {
            "version_added": "74"
          }
        },
        "status": {
          "experimental": true,
          "standard_track": true,
          "deprecated": false
        }
      },
      "allowedFeatures": {
        "__compat": {
          "mdn_url": "https://developer.mozilla.org/docs/Web/API/FeaturePolicy/allowedFeatures",
          "support": {
            "chrome": [
              {
                "version_added": "74"
              },
              {
                "version_added": "69",
                "version_removed": "73",
                "flags": [
                  {
                    "type": "preference",
                    "name": "#enable-experimental-productivity-features",
                    "value_to_set": "Enabled"
                  }
                ]
              }
            ],
            "chrome_android": [
              {
                "version_added": "74"
              },
              {
                "version_added": "69",
                "version_removed": "74",
                "flags": [
                  {
                    "type": "preference",
                    "name": "#enable-experimental-productivity-features",
                    "value_to_set": "Enabled"
                  }
                ]
              }
            ],
            "edge": {
              "version_added": "79"
            },
            "firefox": {
              "version_added": "65",
              "flags": [
                {
                  "type": "preference",
                  "name": "dom.security.featurePolicy.webidl.enabled",
                  "value_to_set": "true"
                }
              ]
            },
            "firefox_android": {
              "version_added": "65",
              "flags": [
                {
                  "type": "preference",
                  "name": "dom.security.featurePolicy.webidl.enabled",
                  "value_to_set": "true"
                }
              ]
            },
            "ie": {
              "version_added": false
            },
            "opera": [
              {
                "version_added": "62"
              },
              {
                "version_added": "56",
                "version_removed": "62",
                "flags": [
                  {
                    "type": "preference",
                    "name": "#enable-experimental-productivity-features",
                    "value_to_set": "Enabled"
                  }
                ]
              }
            ],
            "opera_android": {
              "version_added": "48",
              "flags": [
                {
                  "type": "preference",
                  "name": "#enable-experimental-productivity-features",
                  "value_to_set": "Enabled"
                }
              ]
            },
            "safari": {
              "version_added": false
            },
            "safari_ios": {
              "version_added": false
            },
            "samsunginternet_android": {
              "version_added": "11.0"
            },
            "webview_android": {
              "version_added": "74"
            }
          },
          "status": {
            "experimental": true,
            "standard_track": true,
            "deprecated": false
          }
        }
      },
      "allowsFeature": {
        "__compat": {
          "mdn_url": "https://developer.mozilla.org/docs/Web/API/FeaturePolicy/allowsFeature",
          "support": {
            "chrome": [
              {
                "version_added": "74"
              },
              {
                "version_added": "69",
                "version_removed": "73",
                "flags": [
                  {
                    "type": "preference",
                    "name": "#enable-experimental-productivity-features",
                    "value_to_set": "Enabled"
                  }
                ]
              }
            ],
            "chrome_android": [
              {
                "version_added": "74"
              },
              {
                "version_added": "69",
                "version_removed": "74",
                "flags": [
                  {
                    "type": "preference",
                    "name": "#enable-experimental-productivity-features",
                    "value_to_set": "Enabled"
                  }
                ]
              }
            ],
            "edge": {
              "version_added": "79"
            },
            "firefox": {
              "version_added": "65",
              "flags": [
                {
                  "type": "preference",
                  "name": "dom.security.featurePolicy.webidl.enabled",
                  "value_to_set": "true"
                }
              ]
            },
            "firefox_android": {
              "version_added": "65",
              "flags": [
                {
                  "type": "preference",
                  "name": "dom.security.featurePolicy.webidl.enabled",
                  "value_to_set": "true"
                }
              ]
            },
            "ie": {
              "version_added": false
            },
            "opera": [
              {
                "version_added": "62"
              },
              {
                "version_added": "56",
                "version_removed": "62",
                "flags": [
                  {
                    "type": "preference",
                    "name": "#enable-experimental-productivity-features",
                    "value_to_set": "Enabled"
                  }
                ]
              }
            ],
            "opera_android": {
              "version_added": "48",
              "flags": [
                {
                  "type": "preference",
                  "name": "#enable-experimental-productivity-features",
                  "value_to_set": "Enabled"
                }
              ]
            },
            "safari": {
              "version_added": false
            },
            "safari_ios": {
              "version_added": false
            },
            "samsunginternet_android": {
              "version_added": "11.0"
            },
            "webview_android": {
              "version_added": "74"
            }
          },
          "status": {
            "experimental": true,
            "standard_track": true,
            "deprecated": false
          }
        }
      },
      "features": {
        "__compat": {
          "mdn_url": "https://developer.mozilla.org/docs/Web/API/FeaturePolicy/features",
          "support": {
            "chrome": {
              "version_added": "74"
            },
            "chrome_android": {
              "version_added": "74"
            },
            "edge": {
              "version_added": "79"
            },
            "firefox": {
              "version_added": "70",
              "flags": [
                {
                  "type": "preference",
                  "name": "dom.security.featurePolicy.webidl.enabled",
                  "value_to_set": "true"
                }
              ]
            },
            "firefox_android": {
              "version_added": false
            },
            "ie": {
              "version_added": false
            },
            "opera": {
              "version_added": "62"
            },
            "opera_android": {
              "version_added": false
            },
            "safari": {
              "version_added": false
            },
            "safari_ios": {
              "version_added": false
            },
            "samsunginternet_android": {
              "version_added": "11.0"
            },
            "webview_android": {
              "version_added": "74"
            }
          },
          "status": {
            "experimental": true,
            "standard_track": true,
            "deprecated": false
          }
        }
      },
      "getAllowlistForFeature": {
        "__compat": {
          "mdn_url": "https://developer.mozilla.org/docs/Web/API/FeaturePolicy/getAllowlistForFeature",
          "support": {
            "chrome": [
              {
                "version_added": "74"
              },
              {
                "version_added": "69",
                "version_removed": "73",
                "flags": [
                  {
                    "type": "preference",
                    "name": "#enable-experimental-productivity-features",
                    "value_to_set": "Enabled"
                  }
                ]
              }
            ],
            "chrome_android": [
              {
                "version_added": "74"
              },
              {
                "version_added": "69",
                "version_removed": "74",
                "flags": [
                  {
                    "type": "preference",
                    "name": "#enable-experimental-productivity-features",
                    "value_to_set": "Enabled"
                  }
                ]
              }
            ],
            "edge": {
              "version_added": "79"
            },
            "firefox": {
              "version_added": "65",
              "flags": [
                {
                  "type": "preference",
                  "name": "dom.security.featurePolicy.webidl.enabled",
                  "value_to_set": "true"
                }
              ]
            },
            "firefox_android": {
              "version_added": "65",
              "flags": [
                {
                  "type": "preference",
                  "name": "dom.security.featurePolicy.webidl.enabled",
                  "value_to_set": "true"
                }
              ]
            },
            "ie": {
              "version_added": false
            },
            "opera": [
              {
                "version_added": "62"
              },
              {
                "version_added": "56",
                "version_removed": "62",
                "flags": [
                  {
                    "type": "preference",
                    "name": "#enable-experimental-productivity-features",
                    "value_to_set": "Enabled"
                  }
                ]
              }
            ],
            "opera_android": {
              "version_added": "48",
              "flags": [
                {
                  "type": "preference",
                  "name": "#enable-experimental-productivity-features",
                  "value_to_set": "Enabled"
                }
              ]
            },
            "safari": {
              "version_added": false
            },
            "safari_ios": {
              "version_added": false
            },
            "samsunginternet_android": {
              "version_added": "11.0"
            },
            "webview_android": {
              "version_added": "74"
            }
          },
          "status": {
            "experimental": true,
            "standard_track": true,
            "deprecated": false
          }
        }
      }
    }
  }
}
