{
  "api": {
    "FileEntrySync": {
      "__compat": {
        "mdn_url": "https://developer.mozilla.org/docs/Web/API/FileEntrySync",
        "support": {
          "chrome": {
            "version_added": "13",
            "prefix": "webkit"
          },
          "chrome_android": {
            "version_added": "18",
            "prefix": "webkit"
          },
          "edge": {
            "version_added": "≤79",
            "prefix": "webkit"
          },
          "firefox": {
            "version_added": false
          },
          "firefox_android": {
            "version_added": false
          },
          "ie": {
            "version_added": false
          },
          "opera": {
            "version_added": false
          },
          "opera_android": {
            "version_added": false
          },
          "safari": {
            "version_added": false
          },
          "safari_ios": {
            "version_added": false
          },
          "samsunginternet_android": {
            "version_added": "1.0",
            "prefix": "webkit"
          },
          "webview_android": {
            "version_added": "37",
            "prefix": "webkit"
          }
        },
        "status": {
          "experimental": false,
          "standard_track": false,
          "deprecated": false
        }
      }
    }
  }
}
