{
  "api": {
    "FileSystemSync": {
      "__compat": {
        "mdn_url": "https://developer.mozilla.org/docs/Web/API/FileSystemSync",
        "support": {
          "chrome": {
            "version_added": "13",
            "prefix": "webkit"
          },
          "chrome_android": {
            "version_added": "18",
            "prefix": "webkit"
          },
          "edge": {
            "version_added": "≤79",
            "prefix": "webkit"
          },
          "firefox": {
            "version_added": false
          },
          "firefox_android": {
            "version_added": false
          },
          "ie": {
            "version_added": false
          },
          "opera": {
            "version_added": "15",
            "prefix": "webkit"
          },
          "opera_android": {
            "version_added": "14",
            "prefix": "webkit"
          },
          "safari": {
            "version_added": "6",
            "prefix": "webkit"
          },
          "safari_ios": {
            "version_added": "6",
            "prefix": "webkit"
          },
          "samsunginternet_android": {
            "prefix": "webkit",
            "version_added": "1.0"
          },
          "webview_android": {
            "version_added": "≤37",
            "prefix": "webkit"
          }
        },
        "status": {
          "experimental": false,
          "standard_track": false,
          "deprecated": false
        }
      },
      "name": {
        "__compat": {
          "support": {
            "chrome": {
              "version_added": "13"
            },
            "chrome_android": {
              "version_added": "18"
            },
            "edge": {
              "version_added": "≤79"
            },
            "firefox": {
              "version_added": false
            },
            "firefox_android": {
              "version_added": false
            },
            "ie": {
              "version_added": false
            },
            "opera": {
              "version_added": "15"
            },
            "opera_android": {
              "version_added": "14"
            },
            "safari": {
              "version_added": "6"
            },
            "safari_ios": {
              "version_added": "6"
            },
            "samsunginternet_android": {
              "version_added": "1.0"
            },
            "webview_android": {
              "version_added": "≤37"
            }
          },
          "status": {
            "experimental": false,
            "standard_track": false,
            "deprecated": false
          }
        }
      },
      "root": {
        "__compat": {
          "support": {
            "chrome": {
              "version_added": "13"
            },
            "chrome_android": {
              "version_added": "18"
            },
            "edge": {
              "version_added": "≤79"
            },
            "firefox": {
              "version_added": false
            },
            "firefox_android": {
              "version_added": false
            },
            "ie": {
              "version_added": false
            },
            "opera": {
              "version_added": "15"
            },
            "opera_android": {
              "version_added": "14"
            },
            "safari": {
              "version_added": "6"
            },
            "safari_ios": {
              "version_added": "6"
            },
            "samsunginternet_android": {
              "version_added": "1.0"
            },
            "webview_android": {
              "version_added": "≤37"
            }
          },
          "status": {
            "experimental": false,
            "standard_track": false,
            "deprecated": false
          }
        }
      }
    }
  }
}
