{
  "api": {
    "File": {
      "__compat": {
        "mdn_url": "https://developer.mozilla.org/docs/Web/API/File",
        "support": {
          "chrome": {
            "version_added": "13"
          },
          "chrome_android": {
            "version_added": "18"
          },
          "edge": {
            "version_added": "12"
          },
          "firefox": [
            {
              "version_added": "7"
            },
            {
              "version_added": "3",
              "version_removed": "7",
              "notes": "Non-standard implementation."
            }
          ],
          "firefox_android": [
            {
              "version_added": "7"
            },
            {
              "version_added": "4",
              "version_removed": "7",
              "notes": "Non-standard implementation."
            }
          ],
          "ie": {
            "version_added": "10"
          },
          "opera": {
            "version_added": "11.5"
          },
          "opera_android": {
            "version_added": "11.5"
          },
          "safari": {
            "version_added": "4"
          },
          "safari_ios": {
            "version_added": "3.2"
          },
          "samsunginternet_android": {
            "version_added": "1.0"
          },
          "webview_android": {
            "version_added": "≤37"
          }
        },
        "status": {
          "experimental": false,
          "standard_track": true,
          "deprecated": false
        }
      },
      "File": {
        "__compat": {
          "mdn_url": "https://developer.mozilla.org/docs/Web/API/File/File",
          "description": "<code>File()</code> constructor",
          "support": {
            "chrome": {
              "version_added": "38"
            },
            "chrome_android": {
              "version_added": "38"
            },
            "edge": {
              "version_added": "79"
            },
            "firefox": {
              "version_added": "28"
            },
            "firefox_android": {
              "version_added": "28"
            },
            "ie": {
              "version_added": false
            },
            "opera": {
              "version_added": "25"
            },
            "opera_android": {
              "version_added": "25"
            },
            "safari": {
              "version_added": "10"
            },
            "safari_ios": {
              "version_added": "10"
            },
            "samsunginternet_android": {
              "version_added": "3.0"
            },
            "webview_android": {
              "version_added": "38"
            }
          },
          "status": {
            "experimental": false,
            "standard_track": true,
            "deprecated": false
          }
        }
      },
      "lastModified": {
        "__compat": {
          "mdn_url": "https://developer.mozilla.org/docs/Web/API/File/lastModified",
          "support": {
            "chrome": {
              "version_added": "13"
            },
            "chrome_android": {
              "version_added": true
            },
            "edge": {
              "version_added": "18"
            },
            "firefox": {
              "version_added": "15"
            },
            "firefox_android": {
              "version_added": false
            },
            "ie": {
              "version_added": false
            },
            "opera": {
              "version_added": "16"
            },
            "opera_android": {
              "version_added": false
            },
            "safari": {
              "version_added": "10"
            },
            "safari_ios": {
              "version_added": "10"
            },
            "samsunginternet_android": {
              "version_added": true
            },
            "webview_android": {
              "version_added": "≤37"
            }
          },
          "status": {
            "experimental": false,
            "standard_track": true,
            "deprecated": false
          }
        }
      },
      "lastModifiedDate": {
        "__compat": {
          "mdn_url": "https://developer.mozilla.org/docs/Web/API/File/lastModifiedDate",
          "support": {
            "chrome": {
              "version_added": "13"
            },
            "chrome_android": {
              "version_added": true
            },
            "edge": {
              "version_added": "12"
            },
            "firefox": {
              "version_added": "15",
              "version_removed": "61"
            },
            "firefox_android": {
              "version_added": false
            },
            "ie": {
              "version_added": "10"
            },
            "opera": {
              "version_added": "16"
            },
            "opera_android": {
              "version_added": false
            },
            "safari": {
              "version_added": "6.1",
              "version_removed": "10"
            },
            "safari_ios": {
              "version_added": "7",
              "version_removed": "10"
            },
            "samsunginternet_android": {
              "version_added": true
            },
            "webview_android": {
              "version_added": "≤37"
            }
          },
          "status": {
            "experimental": false,
            "standard_track": false,
            "deprecated": true
          }
        }
      },
      "name": {
        "__compat": {
          "mdn_url": "https://developer.mozilla.org/docs/Web/API/File/name",
          "support": {
            "chrome": {
              "version_added": "13"
            },
            "chrome_android": {
              "version_added": true
            },
            "edge": {
              "version_added": "12"
            },
            "firefox": {
              "version_added": "3.6"
            },
            "firefox_android": {
              "version_added": "4"
            },
            "ie": {
              "version_added": "10"
            },
            "opera": {
              "version_added": "16"
            },
            "opera_android": {
              "version_added": false
            },
            "safari": {
              "version_added": "6.1"
            },
            "safari_ios": {
              "version_added": "7"
            },
            "samsunginternet_android": {
              "version_added": true
            },
            "webview_android": {
              "version_added": "≤37"
            }
          },
          "status": {
            "experimental": false,
            "standard_track": true,
            "deprecated": false
          }
        }
      },
      "type": {
        "__compat": {
          "mdn_url": "https://developer.mozilla.org/docs/Web/API/File/type",
          "support": {
            "chrome": {
              "version_added": "13"
            },
            "chrome_android": {
              "version_added": true
            },
            "edge": {
              "version_added": "12"
            },
            "firefox": {
              "version_added": "3.6"
            },
            "firefox_android": {
              "version_added": false
            },
            "ie": {
              "version_added": "10"
            },
            "opera": {
              "version_added": "16"
            },
            "opera_android": {
              "version_added": false
            },
            "safari": {
              "version_added": "6.1"
            },
            "safari_ios": {
              "version_added": "7"
            },
            "samsunginternet_android": {
              "version_added": true
            },
            "webview_android": {
              "version_added": "≤37"
            }
          },
          "status": {
            "experimental": false,
            "standard_track": true,
            "deprecated": false
          }
        }
      },
      "webkitRelativePath": {
        "__compat": {
          "mdn_url": "https://developer.mozilla.org/docs/Web/API/File/webkitRelativePath",
          "support": {
            "chrome": {
              "version_added": "13"
            },
            "chrome_android": {
              "version_added": "18"
            },
            "edge": {
              "version_added": "13"
            },
            "firefox": {
              "version_added": "49"
            },
            "firefox_android": {
              "version_added": "49"
            },
            "ie": {
              "version_added": false
            },
            "opera": {
              "version_added": false
            },
            "opera_android": {
              "version_added": false
            },
            "safari": {
              "version_added": "11.1"
            },
            "safari_ios": {
              "version_added": "11.3"
            },
            "samsunginternet_android": {
              "version_added": "1.0"
            },
            "webview_android": {
              "version_added": "≤37"
            }
          },
          "status": {
            "experimental": false,
            "standard_track": true,
            "deprecated": false
          }
        }
      }
    }
  }
}
