{
  "api": {
    "FileReaderSync": {
      "__compat": {
        "mdn_url": "https://developer.mozilla.org/docs/Web/API/FileReaderSync",
        "support": {
          "chrome": {
            "version_added": "7"
          },
          "chrome_android": {
            "version_added": "18"
          },
          "edge": {
            "version_added": "12"
          },
          "firefox": {
            "version_added": "8"
          },
          "firefox_android": {
            "version_added": "8"
          },
          "ie": {
            "version_added": "10"
          },
          "opera": {
            "version_added": "≤12.1"
          },
          "opera_android": {
            "version_added": "≤12.1"
          },
          "safari": {
            "version_added": "6",
            "version_removed": "6.1"
          },
          "safari_ios": {
            "version_added": "6",
            "version_removed": "7"
          },
          "samsunginternet_android": {
            "version_added": "1.0"
          },
          "webview_android": {
            "version_added": "≤37"
          }
        },
        "status": {
          "experimental": false,
          "standard_track": true,
          "deprecated": false
        }
      },
      "FileReaderSync": {
        "__compat": {
          "description": "<code>FileReaderSync()</code> constructor",
          "support": {
            "chrome": {
              "version_added": "7"
            },
            "chrome_android": {
              "version_added": "18"
            },
            "edge": {
              "version_added": "12"
            },
            "firefox": {
              "version_added": "8"
            },
            "firefox_android": {
              "version_added": "8"
            },
            "ie": {
              "version_added": "10"
            },
            "opera": {
              "version_added": "≤12.1"
            },
            "opera_android": {
              "version_added": "≤12.1"
            },
            "safari": {
              "version_added": "6",
              "version_removed": "6.1"
            },
            "safari_ios": {
              "version_added": "6",
              "version_removed": "7"
            },
            "samsunginternet_android": {
              "version_added": "1.0"
            },
            "webview_android": {
              "version_added": "≤37"
            }
          },
          "status": {
            "experimental": false,
            "standard_track": true,
            "deprecated": false
          }
        }
      },
      "readAsArrayBuffer": {
        "__compat": {
          "mdn_url": "https://developer.mozilla.org/docs/Web/API/FileReaderSync/readAsArrayBuffer",
          "support": {
            "chrome": {
              "version_added": "7"
            },
            "chrome_android": {
              "version_added": "18"
            },
            "edge": {
              "version_added": "12"
            },
            "firefox": {
              "version_added": "8"
            },
            "firefox_android": {
              "version_added": "8"
            },
            "ie": {
              "version_added": "10"
            },
            "opera": {
              "version_added": "≤12.1"
            },
            "opera_android": {
              "version_added": "≤12.1"
            },
            "safari": {
              "version_added": "6",
              "version_removed": "6.1"
            },
            "safari_ios": {
              "version_added": "6",
              "version_removed": "7"
            },
            "samsunginternet_android": {
              "version_added": "1.0"
            },
            "webview_android": {
              "version_added": "≤37"
            }
          },
          "status": {
            "experimental": false,
            "standard_track": true,
            "deprecated": false
          }
        }
      },
      "readAsBinaryString": {
        "__compat": {
          "mdn_url": "https://developer.mozilla.org/docs/Web/API/FileReaderSync/readAsBinaryString",
          "support": {
            "chrome": {
              "version_added": "7"
            },
            "chrome_android": {
              "version_added": "18"
            },
            "edge": {
              "version_added": "12"
            },
            "firefox": {
              "version_added": "8"
            },
            "firefox_android": {
              "version_added": "8"
            },
            "ie": {
              "version_added": "11"
            },
            "opera": {
              "version_added": "15"
            },
            "opera_android": {
              "version_added": "14"
            },
            "safari": {
              "version_added": "6",
              "version_removed": "6.1"
            },
            "safari_ios": {
              "version_added": "6",
              "version_removed": "7"
            },
            "samsunginternet_android": {
              "version_added": "1.0"
            },
            "webview_android": {
              "version_added": "≤37"
            }
          },
          "status": {
            "experimental": false,
            "standard_track": true,
            "deprecated": false
          }
        }
      },
      "readAsDataURL": {
        "__compat": {
          "mdn_url": "https://developer.mozilla.org/docs/Web/API/FileReaderSync/readAsDataURL",
          "support": {
            "chrome": {
              "version_added": "7"
            },
            "chrome_android": {
              "version_added": "18"
            },
            "edge": {
              "version_added": "12"
            },
            "firefox": {
              "version_added": "8"
            },
            "firefox_android": {
              "version_added": "8"
            },
            "ie": {
              "version_added": "10"
            },
            "opera": {
              "version_added": "≤12.1"
            },
            "opera_android": {
              "version_added": "≤12.1"
            },
            "safari": {
              "version_added": "6",
              "version_removed": "6.1"
            },
            "safari_ios": {
              "version_added": "6",
              "version_removed": "7"
            },
            "samsunginternet_android": {
              "version_added": "1.0"
            },
            "webview_android": {
              "version_added": "≤37"
            }
          },
          "status": {
            "experimental": false,
            "standard_track": true,
            "deprecated": false
          }
        }
      },
      "readAsText": {
        "__compat": {
          "mdn_url": "https://developer.mozilla.org/docs/Web/API/FileReaderSync/readAsText",
          "support": {
            "chrome": {
              "version_added": "7"
            },
            "chrome_android": {
              "version_added": "18"
            },
            "edge": {
              "version_added": "12"
            },
            "firefox": {
              "version_added": "8"
            },
            "firefox_android": {
              "version_added": "8"
            },
            "ie": {
              "version_added": "10"
            },
            "opera": {
              "version_added": "≤12.1"
            },
            "opera_android": {
              "version_added": "≤12.1"
            },
            "safari": {
              "version_added": "6",
              "version_removed": "6.1"
            },
            "safari_ios": {
              "version_added": "6",
              "version_removed": "7"
            },
            "samsunginternet_android": {
              "version_added": "1.0"
            },
            "webview_android": {
              "version_added": "≤37"
            }
          },
          "status": {
            "experimental": false,
            "standard_track": true,
            "deprecated": false
          }
        }
      },
      "worker_support": {
        "__compat": {
          "description": "Available in workers",
          "support": {
            "chrome": {
              "version_added": true,
              "notes": "From Chrome 59, not supported in service workers."
            },
            "chrome_android": {
              "version_added": true,
              "notes": "From Chrome 59, not supported in service workers."
            },
            "edge": {
              "version_added": "12",
              "notes": "Not supported in service workers."
            },
            "firefox": {
              "version_added": "8",
              "notes": "From Firefox 61, not supported in service workers."
            },
            "firefox_android": {
              "version_added": "8",
              "notes": "From Firefox 61, not supported in service workers."
            },
            "ie": {
              "version_added": true
            },
            "opera": {
              "version_added": true,
              "notes": "From Opera 46, not supported in service workers."
            },
            "opera_android": {
              "version_added": true,
              "notes": "From Opera 43, not supported in service workers."
            },
            "safari": {
              "version_added": true,
              "version_removed": "6.1",
              "notes": "Not supported in service workers."
            },
            "safari_ios": {
              "version_added": true,
              "version_removed": "7",
              "notes": "Not supported in service workers."
            },
            "samsunginternet_android": {
              "version_added": true,
              "notes": "From version 7.0, not supported in service workers."
            },
            "webview_android": {
              "version_added": true,
              "notes": "From version 59, not supported in service workers."
            }
          },
          "status": {
            "experimental": false,
            "standard_track": true,
            "deprecated": false
          }
        }
      }
    }
  }
}
