{
  "api": {
    "FileException": {
      "__compat": {
        "mdn_url": "https://developer.mozilla.org/docs/Web/API/FileException",
        "support": {
          "chrome": {
            "version_added": "13",
            "version_removed": "29",
            "prefix": "webkit"
          },
          "chrome_android": {
            "version_added": "18",
            "version_removed": "29",
            "prefix": "webkit"
          },
          "edge": {
            "version_added": false
          },
          "firefox": {
            "version_added": false
          },
          "firefox_android": {
            "version_added": false
          },
          "ie": {
            "version_added": false
          },
          "opera": {
            "version_added": false
          },
          "opera_android": {
            "version_added": false
          },
          "safari": {
            "version_added": false
          },
          "safari_ios": {
            "version_added": false
          },
          "samsunginternet_android": {
            "prefix": "webkit",
            "version_added": "1.0",
            "version_removed": "3.0"
          },
          "webview_android": {
            "version_added": false
          }
        },
        "status": {
          "experimental": false,
          "standard_track": false,
          "deprecated": true
        }
      }
    }
  }
}
