{
  "api": {
    "FileSystemHandle": {
      "__compat": {
        "mdn_url": "https://developer.mozilla.org/docs/Web/API/FileSystemHandle",
        "support": {
          "chrome": {
            "version_added": "86"
          },
          "chrome_android": {
            "version_added": "86"
          },
          "edge": {
            "version_added": "86"
          },
          "firefox": {
            "version_added": false
          },
          "firefox_android": {
            "version_added": false
          },
          "ie": {
            "version_added": false
          },
          "opera": {
            "version_added": "72"
          },
          "opera_android": {
            "version_added": false
          },
          "safari": {
            "version_added": false
          },
          "safari_ios": {
            "version_added": false
          },
          "samsunginternet_android": {
            "version_added": false
          },
          "webview_android": {
            "version_added": false
          }
        },
        "status": {
          "experimental": true,
          "standard_track": false,
          "deprecated": false
        }
      },
      "isSameEntry": {
        "__compat": {
          "mdn_url": "https://developer.mozilla.org/docs/Web/API/FileSystemHandle/isSameEntry",
          "support": {
            "chrome": {
              "version_added": "86"
            },
            "chrome_android": {
              "version_added": "86"
            },
            "edge": {
              "version_added": "86"
            },
            "firefox": {
              "version_added": false
            },
            "firefox_android": {
              "version_added": false
            },
            "ie": {
              "version_added": false
            },
            "opera": {
              "version_added": "72"
            },
            "opera_android": {
              "version_added": false
            },
            "safari": {
              "version_added": false
            },
            "safari_ios": {
              "version_added": false
            },
            "samsunginternet_android": {
              "version_added": false
            },
            "webview_android": {
              "version_added": false
            }
          },
          "status": {
            "experimental": true,
            "standard_track": false,
            "deprecated": false
          }
        }
      },
      "kind": {
        "__compat": {
          "mdn_url": "https://developer.mozilla.org/docs/Web/API/FileSystemHandle/kind",
          "support": {
            "chrome": {
              "version_added": "86"
            },
            "chrome_android": {
              "version_added": "86"
            },
            "edge": {
              "version_added": "86"
            },
            "firefox": {
              "version_added": false
            },
            "firefox_android": {
              "version_added": false
            },
            "ie": {
              "version_added": false
            },
            "opera": {
              "version_added": "72"
            },
            "opera_android": {
              "version_added": false
            },
            "safari": {
              "version_added": false
            },
            "safari_ios": {
              "version_added": false
            },
            "samsunginternet_android": {
              "version_added": false
            },
            "webview_android": {
              "version_added": false
            }
          },
          "status": {
            "experimental": true,
            "standard_track": false,
            "deprecated": false
          }
        }
      },
      "name": {
        "__compat": {
          "mdn_url": "https://developer.mozilla.org/docs/Web/API/FileSystemHandle/name",
          "support": {
            "chrome": {
              "version_added": "86"
            },
            "chrome_android": {
              "version_added": "86"
            },
            "edge": {
              "version_added": "86"
            },
            "firefox": {
              "version_added": false
            },
            "firefox_android": {
              "version_added": false
            },
            "ie": {
              "version_added": false
            },
            "opera": {
              "version_added": "72"
            },
            "opera_android": {
              "version_added": false
            },
            "safari": {
              "version_added": false
            },
            "safari_ios": {
              "version_added": false
            },
            "samsunginternet_android": {
              "version_added": false
            },
            "webview_android": {
              "version_added": false
            }
          },
          "status": {
            "experimental": true,
            "standard_track": false,
            "deprecated": false
          }
        }
      },
      "queryPermission": {
        "__compat": {
          "mdn_url": "https://developer.mozilla.org/docs/Web/API/FileSystemHandle/queryPermission",
          "support": {
            "chrome": {
              "version_added": "86"
            },
            "chrome_android": {
              "version_added": "86"
            },
            "edge": {
              "version_added": "86"
            },
            "firefox": {
              "version_added": false
            },
            "firefox_android": {
              "version_added": false
            },
            "ie": {
              "version_added": false
            },
            "opera": {
              "version_added": "72"
            },
            "opera_android": {
              "version_added": false
            },
            "safari": {
              "version_added": false
            },
            "safari_ios": {
              "version_added": false
            },
            "samsunginternet_android": {
              "version_added": false
            },
            "webview_android": {
              "version_added": false
            }
          },
          "status": {
            "experimental": true,
            "standard_track": false,
            "deprecated": false
          }
        }
      },
      "requestPermission": {
        "__compat": {
          "mdn_url": "https://developer.mozilla.org/docs/Web/API/FileSystemHandle/requestPermission",
          "support": {
            "chrome": {
              "version_added": "86"
            },
            "chrome_android": {
              "version_added": "86"
            },
            "edge": {
              "version_added": "86"
            },
            "firefox": {
              "version_added": false
            },
            "firefox_android": {
              "version_added": false
            },
            "ie": {
              "version_added": false
            },
            "opera": {
              "version_added": "72"
            },
            "opera_android": {
              "version_added": false
            },
            "safari": {
              "version_added": false
            },
            "safari_ios": {
              "version_added": false
            },
            "samsunginternet_android": {
              "version_added": false
            },
            "webview_android": {
              "version_added": false
            }
          },
          "status": {
            "experimental": true,
            "standard_track": false,
            "deprecated": false
          }
        }
      }
    }
  }
}
