{
  "api": {
    "FontFaceSetLoadEvent": {
      "__compat": {
        "mdn_url": "https://developer.mozilla.org/docs/Web/API/FontFaceSetLoadEvent",
        "support": {
          "chrome": {
            "version_added": "35"
          },
          "chrome_android": {
            "version_added": "35"
          },
          "edge": {
            "version_added": "≤79"
          },
          "firefox": {
            "version_added": true
          },
          "firefox_android": {
            "version_added": true
          },
          "ie": {
            "version_added": false
          },
          "opera": {
            "version_added": "22"
          },
          "opera_android": {
            "version_added": "22"
          },
          "safari": {
            "version_added": false
          },
          "safari_ios": {
            "version_added": false
          },
          "samsunginternet_android": {
            "version_added": "3.0"
          },
          "webview_android": {
            "version_added": false
          }
        },
        "status": {
          "experimental": true,
          "standard_track": true,
          "deprecated": false
        }
      },
      "FontFaceSetLoadEvent": {
        "__compat": {
          "mdn_url": "https://developer.mozilla.org/docs/Web/API/FontFaceSetLoadEvent/FontFaceSetLoadEvent",
          "description": "<code>FontFaceSetLoadEvent()</code> constructor",
          "support": {
            "chrome": {
              "version_added": "57"
            },
            "chrome_android": {
              "version_added": "57"
            },
            "edge": {
              "version_added": "≤79"
            },
            "firefox": {
              "version_added": null
            },
            "firefox_android": {
              "version_added": null
            },
            "ie": {
              "version_added": false
            },
            "opera": {
              "version_added": "44"
            },
            "opera_android": {
              "version_added": "43"
            },
            "safari": {
              "version_added": false
            },
            "safari_ios": {
              "version_added": false
            },
            "samsunginternet_android": {
              "version_added": "7.0"
            },
            "webview_android": {
              "version_added": false
            }
          },
          "status": {
            "experimental": true,
            "standard_track": true,
            "deprecated": false
          }
        }
      },
      "fontfaces": {
        "__compat": {
          "mdn_url": "https://developer.mozilla.org/docs/Web/API/FontFaceSetLoadEvent/fontfaces",
          "support": {
            "chrome": {
              "version_added": "35"
            },
            "chrome_android": {
              "version_added": "35"
            },
            "edge": {
              "version_added": "≤79"
            },
            "firefox": {
              "version_added": true
            },
            "firefox_android": {
              "version_added": true
            },
            "ie": {
              "version_added": false
            },
            "opera": {
              "version_added": "22"
            },
            "opera_android": {
              "version_added": "22"
            },
            "safari": {
              "version_added": false
            },
            "safari_ios": {
              "version_added": false
            },
            "samsunginternet_android": {
              "version_added": "3.0"
            },
            "webview_android": {
              "version_added": false
            }
          },
          "status": {
            "experimental": true,
            "standard_track": true,
            "deprecated": false
          }
        }
      }
    }
  }
}
