{
  "api": {
    "FormDataEvent": {
      "__compat": {
        "mdn_url": "https://developer.mozilla.org/docs/Web/API/FormDataEvent",
        "support": {
          "chrome": {
            "version_added": "77"
          },
          "chrome_android": {
            "version_added": "77"
          },
          "edge": {
            "version_added": "79"
          },
          "firefox": {
            "version_added": "72"
          },
          "firefox_android": {
            "version_added": false
          },
          "ie": {
            "version_added": false
          },
          "opera": {
            "version_added": "64"
          },
          "opera_android": {
            "version_added": "55"
          },
          "safari": {
            "version_added": false
          },
          "safari_ios": {
            "version_added": false
          },
          "samsunginternet_android": {
            "version_added": "12.0"
          },
          "webview_android": {
            "version_added": "77"
          }
        },
        "status": {
          "experimental": false,
          "standard_track": true,
          "deprecated": false
        }
      },
      "FormDataEvent": {
        "__compat": {
          "description": "<code>FormDataEvent()</code> constructor",
          "mdn_url": "https://developer.mozilla.org/docs/Web/API/FormDataEvent/FormDataEvent",
          "support": {
            "chrome": {
              "version_added": "77"
            },
            "chrome_android": {
              "version_added": "77"
            },
            "edge": {
              "version_added": "79"
            },
            "firefox": {
              "version_added": "72"
            },
            "firefox_android": {
              "version_added": false
            },
            "ie": {
              "version_added": false
            },
            "opera": {
              "version_added": "64"
            },
            "opera_android": {
              "version_added": "55"
            },
            "safari": {
              "version_added": false
            },
            "safari_ios": {
              "version_added": false
            },
            "samsunginternet_android": {
              "version_added": "12.0"
            },
            "webview_android": {
              "version_added": "77"
            }
          },
          "status": {
            "experimental": false,
            "standard_track": true,
            "deprecated": false
          }
        }
      },
      "formData": {
        "__compat": {
          "mdn_url": "https://developer.mozilla.org/docs/Web/API/FormDataEvent/formData",
          "support": {
            "chrome": {
              "version_added": "77"
            },
            "chrome_android": {
              "version_added": "77"
            },
            "edge": {
              "version_added": "79"
            },
            "firefox": {
              "version_added": "72"
            },
            "firefox_android": {
              "version_added": false
            },
            "ie": {
              "version_added": false
            },
            "opera": {
              "version_added": "64"
            },
            "opera_android": {
              "version_added": "55"
            },
            "safari": {
              "version_added": false
            },
            "safari_ios": {
              "version_added": false
            },
            "samsunginternet_android": {
              "version_added": "12.0"
            },
            "webview_android": {
              "version_added": "77"
            }
          },
          "status": {
            "experimental": false,
            "standard_track": true,
            "deprecated": false
          }
        }
      }
    }
  }
}
