{
  "api": {
    "FragmentDirective": {
      "__compat": {
        "support": {
          "chrome": {
            "version_added": "81"
          },
          "chrome_android": {
            "version_added": "81"
          },
          "edge": {
            "version_added": "83"
          },
          "firefox": {
            "version_added": false
          },
          "firefox_android": {
            "version_added": false
          },
          "ie": {
            "version_added": false
          },
          "opera": {
            "version_added": "68"
          },
          "opera_android": {
            "version_added": "58"
          },
          "safari": {
            "version_added": false
          },
          "safari_ios": {
            "version_added": false
          },
          "samsunginternet_android": {
            "version_added": "13.0"
          },
          "webview_android": {
            "version_added": "81"
          }
        },
        "status": {
          "experimental": true,
          "standard_track": false,
          "deprecated": false
        }
      }
    }
  }
}
