{
  "api": {
    "GamepadButton": {
      "__compat": {
        "mdn_url": "https://developer.mozilla.org/docs/Web/API/GamepadButton",
        "support": {
          "chrome": [
            {
              "version_added": "35"
            },
            {
              "prefix": "webkit",
              "version_added": "21",
              "version_removed": "34"
            }
          ],
          "chrome_android": {
            "version_added": true
          },
          "edge": {
            "version_added": "12"
          },
          "firefox": [
            {
              "version_added": "29"
            },
            {
              "version_added": "24",
              "version_removed": "28",
              "flags": [
                {
                  "type": "preference",
                  "name": "dom.gamepad.enabled",
                  "value_to_set": "true"
                }
              ]
            }
          ],
          "firefox_android": {
            "version_added": "32"
          },
          "ie": {
            "version_added": false
          },
          "opera": [
            {
              "version_added": "22"
            },
            {
              "prefix": "webkit",
              "version_added": "15",
              "version_removed": "21"
            }
          ],
          "opera_android": [
            {
              "version_added": "22"
            },
            {
              "prefix": "webkit",
              "version_added": "14",
              "version_removed": "21"
            }
          ],
          "safari": {
            "version_added": "10.1"
          },
          "safari_ios": {
            "version_added": "10.3"
          },
          "samsunginternet_android": {
            "version_added": true
          },
          "webview_android": {
            "version_added": false
          }
        },
        "status": {
          "experimental": false,
          "standard_track": true,
          "deprecated": false
        }
      },
      "pressed": {
        "__compat": {
          "mdn_url": "https://developer.mozilla.org/docs/Web/API/GamepadButton/pressed",
          "support": {
            "chrome": [
              {
                "version_added": "35"
              },
              {
                "prefix": "webkit",
                "version_added": "21",
                "version_removed": "34"
              }
            ],
            "chrome_android": {
              "version_added": true
            },
            "edge": {
              "version_added": "12"
            },
            "firefox": [
              {
                "version_added": "29"
              },
              {
                "version_added": "24",
                "version_removed": "28",
                "flags": [
                  {
                    "type": "preference",
                    "name": "dom.gamepad.enabled",
                    "value_to_set": "true"
                  }
                ]
              }
            ],
            "firefox_android": {
              "version_added": "32"
            },
            "ie": {
              "version_added": false
            },
            "opera": [
              {
                "version_added": "22"
              },
              {
                "prefix": "webkit",
                "version_added": "15",
                "version_removed": "21"
              }
            ],
            "opera_android": [
              {
                "version_added": "22"
              },
              {
                "prefix": "webkit",
                "version_added": "14",
                "version_removed": "21"
              }
            ],
            "safari": {
              "version_added": "10.1"
            },
            "safari_ios": {
              "version_added": "10.3"
            },
            "samsunginternet_android": {
              "version_added": true
            },
            "webview_android": {
              "version_added": false
            }
          },
          "status": {
            "experimental": false,
            "standard_track": true,
            "deprecated": false
          }
        }
      },
      "touched": {
        "__compat": {
          "mdn_url": "https://developer.mozilla.org/docs/Web/API/GamepadButton/touched",
          "support": {
            "chrome": {
              "version_added": "73"
            },
            "chrome_android": {
              "version_added": "73"
            },
            "edge": {
              "version_added": "15"
            },
            "firefox": {
              "version_added": "55"
            },
            "firefox_android": {
              "version_added": "55"
            },
            "ie": {
              "version_added": false
            },
            "opera": {
              "version_added": "60"
            },
            "opera_android": {
              "version_added": "52"
            },
            "safari": {
              "version_added": "10.1"
            },
            "safari_ios": {
              "version_added": "10.3"
            },
            "samsunginternet_android": {
              "version_added": "11.0"
            },
            "webview_android": {
              "version_added": false
            }
          },
          "status": {
            "experimental": false,
            "standard_track": true,
            "deprecated": false
          }
        }
      },
      "value": {
        "__compat": {
          "mdn_url": "https://developer.mozilla.org/docs/Web/API/GamepadButton/value",
          "support": {
            "chrome": [
              {
                "version_added": "35"
              },
              {
                "prefix": "webkit",
                "version_added": "21",
                "version_removed": "34"
              }
            ],
            "chrome_android": {
              "version_added": true
            },
            "edge": {
              "version_added": "12"
            },
            "firefox": [
              {
                "version_added": "29"
              },
              {
                "version_added": "24",
                "version_removed": "28",
                "flags": [
                  {
                    "type": "preference",
                    "name": "dom.gamepad.enabled",
                    "value_to_set": "true"
                  }
                ]
              }
            ],
            "firefox_android": {
              "version_added": "32"
            },
            "ie": {
              "version_added": false
            },
            "opera": [
              {
                "version_added": "22"
              },
              {
                "prefix": "webkit",
                "version_added": "15",
                "version_removed": "21"
              }
            ],
            "opera_android": [
              {
                "version_added": "22"
              },
              {
                "prefix": "webkit",
                "version_added": "14",
                "version_removed": "21"
              }
            ],
            "safari": {
              "version_added": "10.1"
            },
            "safari_ios": {
              "version_added": "10.3"
            },
            "samsunginternet_android": {
              "version_added": true
            },
            "webview_android": {
              "version_added": false
            }
          },
          "status": {
            "experimental": false,
            "standard_track": true,
            "deprecated": false
          }
        }
      }
    }
  }
}
