{
  "api": {
    "GamepadHapticActuator": {
      "__compat": {
        "mdn_url": "https://developer.mozilla.org/docs/Web/API/GamepadHapticActuator",
        "support": {
          "chrome": {
            "version_added": "68"
          },
          "chrome_android": {
            "version_added": "68"
          },
          "edge": {
            "version_added": "15"
          },
          "firefox": {
            "version_added": "55"
          },
          "firefox_android": {
            "version_added": "55"
          },
          "ie": {
            "version_added": false
          },
          "opera": {
            "version_added": "55"
          },
          "opera_android": {
            "version_added": "48"
          },
          "safari": {
            "version_added": false
          },
          "safari_ios": {
            "version_added": false
          },
          "samsunginternet_android": {
            "version_added": "10.0"
          },
          "webview_android": {
            "version_added": false
          }
        },
        "status": {
          "experimental": true,
          "standard_track": true,
          "deprecated": false
        }
      },
      "playEffect": {
        "__compat": {
          "support": {
            "chrome": {
              "version_added": "68"
            },
            "chrome_android": {
              "version_added": "68"
            },
            "edge": {
              "version_added": "15"
            },
            "firefox": {
              "version_added": false
            },
            "firefox_android": {
              "version_added": false
            },
            "ie": {
              "version_added": false
            },
            "opera": {
              "version_added": "55"
            },
            "opera_android": {
              "version_added": "48"
            },
            "safari": {
              "version_added": false
            },
            "safari_ios": {
              "version_added": false
            },
            "samsunginternet_android": {
              "version_added": "10.0"
            },
            "webview_android": {
              "version_added": false
            }
          },
          "status": {
            "experimental": true,
            "standard_track": false,
            "deprecated": false
          }
        }
      },
      "pulse": {
        "__compat": {
          "mdn_url": "https://developer.mozilla.org/docs/Web/API/GamepadHapticActuator/pulse",
          "support": {
            "chrome": {
              "version_added": false
            },
            "chrome_android": {
              "version_added": false
            },
            "edge": {
              "version_added": "15",
              "version_removed": "79"
            },
            "firefox": {
              "version_added": "55"
            },
            "firefox_android": {
              "version_added": "55"
            },
            "ie": {
              "version_added": false
            },
            "opera": {
              "version_added": false
            },
            "opera_android": {
              "version_added": false
            },
            "safari": {
              "version_added": false
            },
            "safari_ios": {
              "version_added": false
            },
            "samsunginternet_android": {
              "version_added": false
            },
            "webview_android": {
              "version_added": false
            }
          },
          "status": {
            "experimental": true,
            "standard_track": true,
            "deprecated": false
          }
        }
      },
      "reset": {
        "__compat": {
          "support": {
            "chrome": {
              "version_added": "68"
            },
            "chrome_android": {
              "version_added": "68"
            },
            "edge": {
              "version_added": "15"
            },
            "firefox": {
              "version_added": false
            },
            "firefox_android": {
              "version_added": false
            },
            "ie": {
              "version_added": false
            },
            "opera": {
              "version_added": "55"
            },
            "opera_android": {
              "version_added": "48"
            },
            "safari": {
              "version_added": false
            },
            "safari_ios": {
              "version_added": false
            },
            "samsunginternet_android": {
              "version_added": "10.0"
            },
            "webview_android": {
              "version_added": false
            }
          },
          "status": {
            "experimental": true,
            "standard_track": false,
            "deprecated": false
          }
        }
      },
      "type": {
        "__compat": {
          "mdn_url": "https://developer.mozilla.org/docs/Web/API/GamepadHapticActuator/type",
          "support": {
            "chrome": {
              "version_added": "68"
            },
            "chrome_android": {
              "version_added": "68"
            },
            "edge": {
              "version_added": "15"
            },
            "firefox": {
              "version_added": "55"
            },
            "firefox_android": {
              "version_added": "55"
            },
            "ie": {
              "version_added": false
            },
            "opera": {
              "version_added": "55"
            },
            "opera_android": {
              "version_added": "48"
            },
            "safari": {
              "version_added": false
            },
            "safari_ios": {
              "version_added": false
            },
            "samsunginternet_android": {
              "version_added": "10.0"
            },
            "webview_android": {
              "version_added": false
            }
          },
          "status": {
            "experimental": true,
            "standard_track": true,
            "deprecated": false
          }
        }
      }
    }
  }
}
