{
  "api": {
    "GamepadPose": {
      "__compat": {
        "mdn_url": "https://developer.mozilla.org/docs/Web/API/GamepadPose",
        "support": {
          "chrome": {
            "version_added": false
          },
          "chrome_android": {
            "version_added": false
          },
          "edge": {
            "version_added": "15",
            "version_removed": "79"
          },
          "firefox": {
            "version_added": "55"
          },
          "firefox_android": {
            "version_added": "55"
          },
          "ie": {
            "version_added": false
          },
          "opera": {
            "version_added": false
          },
          "opera_android": {
            "version_added": false
          },
          "safari": {
            "version_added": false
          },
          "safari_ios": {
            "version_added": false
          },
          "samsunginternet_android": {
            "version_added": false
          },
          "webview_android": {
            "version_added": false
          }
        },
        "status": {
          "experimental": true,
          "standard_track": true,
          "deprecated": false
        }
      },
      "angularAcceleration": {
        "__compat": {
          "mdn_url": "https://developer.mozilla.org/docs/Web/API/GamepadPose/angularAcceleration",
          "support": {
            "chrome": {
              "version_added": false
            },
            "chrome_android": {
              "version_added": false
            },
            "edge": {
              "version_added": "15",
              "version_removed": "79"
            },
            "firefox": {
              "version_added": "55"
            },
            "firefox_android": {
              "version_added": "55"
            },
            "ie": {
              "version_added": false
            },
            "opera": {
              "version_added": false
            },
            "opera_android": {
              "version_added": false
            },
            "safari": {
              "version_added": false
            },
            "safari_ios": {
              "version_added": false
            },
            "samsunginternet_android": {
              "version_added": false
            },
            "webview_android": {
              "version_added": false
            }
          },
          "status": {
            "experimental": true,
            "standard_track": true,
            "deprecated": false
          }
        }
      },
      "angularVelocity": {
        "__compat": {
          "mdn_url": "https://developer.mozilla.org/docs/Web/API/GamepadPose/angularVelocity",
          "support": {
            "chrome": {
              "version_added": false
            },
            "chrome_android": {
              "version_added": false
            },
            "edge": {
              "version_added": "15",
              "version_removed": "79"
            },
            "firefox": {
              "version_added": "55"
            },
            "firefox_android": {
              "version_added": "55"
            },
            "ie": {
              "version_added": false
            },
            "opera": {
              "version_added": false
            },
            "opera_android": {
              "version_added": false
            },
            "safari": {
              "version_added": false
            },
            "safari_ios": {
              "version_added": false
            },
            "samsunginternet_android": {
              "version_added": false
            },
            "webview_android": {
              "version_added": false
            }
          },
          "status": {
            "experimental": true,
            "standard_track": true,
            "deprecated": false
          }
        }
      },
      "hasOrientation": {
        "__compat": {
          "mdn_url": "https://developer.mozilla.org/docs/Web/API/GamepadPose/hasOrientation",
          "support": {
            "chrome": {
              "version_added": false
            },
            "chrome_android": {
              "version_added": false
            },
            "edge": {
              "version_added": "15",
              "version_removed": "79"
            },
            "firefox": {
              "version_added": "55"
            },
            "firefox_android": {
              "version_added": "55"
            },
            "ie": {
              "version_added": false
            },
            "opera": {
              "version_added": false
            },
            "opera_android": {
              "version_added": false
            },
            "safari": {
              "version_added": false
            },
            "safari_ios": {
              "version_added": false
            },
            "samsunginternet_android": {
              "version_added": false
            },
            "webview_android": {
              "version_added": false
            }
          },
          "status": {
            "experimental": true,
            "standard_track": true,
            "deprecated": false
          }
        }
      },
      "hasPosition": {
        "__compat": {
          "mdn_url": "https://developer.mozilla.org/docs/Web/API/GamepadPose/hasPosition",
          "support": {
            "chrome": {
              "version_added": false
            },
            "chrome_android": {
              "version_added": false
            },
            "edge": {
              "version_added": "15",
              "version_removed": "79"
            },
            "firefox": {
              "version_added": "55"
            },
            "firefox_android": {
              "version_added": "55"
            },
            "ie": {
              "version_added": false
            },
            "opera": {
              "version_added": false
            },
            "opera_android": {
              "version_added": false
            },
            "safari": {
              "version_added": false
            },
            "safari_ios": {
              "version_added": false
            },
            "samsunginternet_android": {
              "version_added": false
            },
            "webview_android": {
              "version_added": false
            }
          },
          "status": {
            "experimental": true,
            "standard_track": true,
            "deprecated": false
          }
        }
      },
      "linearAcceleration": {
        "__compat": {
          "mdn_url": "https://developer.mozilla.org/docs/Web/API/GamepadPose/linearAcceleration",
          "support": {
            "chrome": {
              "version_added": false
            },
            "chrome_android": {
              "version_added": false
            },
            "edge": {
              "version_added": "15",
              "version_removed": "79"
            },
            "firefox": {
              "version_added": "55"
            },
            "firefox_android": {
              "version_added": "55"
            },
            "ie": {
              "version_added": false
            },
            "opera": {
              "version_added": false
            },
            "opera_android": {
              "version_added": false
            },
            "safari": {
              "version_added": false
            },
            "safari_ios": {
              "version_added": false
            },
            "samsunginternet_android": {
              "version_added": false
            },
            "webview_android": {
              "version_added": false
            }
          },
          "status": {
            "experimental": true,
            "standard_track": true,
            "deprecated": false
          }
        }
      },
      "linearVelocity": {
        "__compat": {
          "mdn_url": "https://developer.mozilla.org/docs/Web/API/GamepadPose/linearVelocity",
          "support": {
            "chrome": {
              "version_added": false
            },
            "chrome_android": {
              "version_added": false
            },
            "edge": {
              "version_added": "15",
              "version_removed": "79"
            },
            "firefox": {
              "version_added": "55"
            },
            "firefox_android": {
              "version_added": "55"
            },
            "ie": {
              "version_added": false
            },
            "opera": {
              "version_added": false
            },
            "opera_android": {
              "version_added": false
            },
            "safari": {
              "version_added": false
            },
            "safari_ios": {
              "version_added": false
            },
            "samsunginternet_android": {
              "version_added": false
            },
            "webview_android": {
              "version_added": false
            }
          },
          "status": {
            "experimental": true,
            "standard_track": true,
            "deprecated": false
          }
        }
      },
      "orientation": {
        "__compat": {
          "mdn_url": "https://developer.mozilla.org/docs/Web/API/GamepadPose/orientation",
          "support": {
            "chrome": {
              "version_added": false
            },
            "chrome_android": {
              "version_added": false
            },
            "edge": {
              "version_added": "15",
              "version_removed": "79"
            },
            "firefox": {
              "version_added": "55"
            },
            "firefox_android": {
              "version_added": "55"
            },
            "ie": {
              "version_added": false
            },
            "opera": {
              "version_added": false
            },
            "opera_android": {
              "version_added": false
            },
            "safari": {
              "version_added": false
            },
            "safari_ios": {
              "version_added": false
            },
            "samsunginternet_android": {
              "version_added": false
            },
            "webview_android": {
              "version_added": false
            }
          },
          "status": {
            "experimental": true,
            "standard_track": true,
            "deprecated": false
          }
        }
      },
      "position": {
        "__compat": {
          "mdn_url": "https://developer.mozilla.org/docs/Web/API/GamepadPose/position",
          "support": {
            "chrome": {
              "version_added": false
            },
            "chrome_android": {
              "version_added": false
            },
            "edge": {
              "version_added": "15",
              "version_removed": "79"
            },
            "firefox": {
              "version_added": "55"
            },
            "firefox_android": {
              "version_added": "55"
            },
            "ie": {
              "version_added": false
            },
            "opera": {
              "version_added": false
            },
            "opera_android": {
              "version_added": false
            },
            "safari": {
              "version_added": false
            },
            "safari_ios": {
              "version_added": false
            },
            "samsunginternet_android": {
              "version_added": false
            },
            "webview_android": {
              "version_added": false
            }
          },
          "status": {
            "experimental": true,
            "standard_track": true,
            "deprecated": false
          }
        }
      }
    }
  }
}
