{
  "api": {
    "Geolocation": {
      "__compat": {
        "mdn_url": "https://developer.mozilla.org/docs/Web/API/Geolocation",
        "support": {
          "chrome": {
            "version_added": "5"
          },
          "chrome_android": {
            "version_added": "18"
          },
          "edge": {
            "version_added": "12"
          },
          "firefox": {
            "version_added": "3.5",
            "notes": "<a href='http://catb.org/gpsd/'>GPSD</a> (GPS daemon) support added in Firefox 3.6. WiFi-based location is provided by Google (<a href='https://support.mozilla.org/en-US/kb/does-firefox-share-my-location-websites'>privacy</a>) or a custom provider (<a href='https://wiki.mozilla.org/CloudServices/Location/Software'>MLS instructions</a>)."
          },
          "firefox_android": {
            "version_added": "4"
          },
          "ie": {
            "version_added": "9"
          },
          "opera": {
            "version_added": "10.6"
          },
          "opera_android": {
            "version_added": "11"
          },
          "safari": {
            "version_added": "5"
          },
          "safari_ios": {
            "version_added": "5"
          },
          "samsunginternet_android": {
            "version_added": "1.0"
          },
          "webview_android": {
            "version_added": "≤37"
          }
        },
        "status": {
          "experimental": false,
          "standard_track": true,
          "deprecated": false
        }
      },
      "clearWatch": {
        "__compat": {
          "mdn_url": "https://developer.mozilla.org/docs/Web/API/Geolocation/clearWatch",
          "support": {
            "chrome": {
              "version_added": "5"
            },
            "chrome_android": {
              "version_added": "18"
            },
            "edge": {
              "version_added": "12"
            },
            "firefox": {
              "version_added": "3.5"
            },
            "firefox_android": {
              "version_added": "4"
            },
            "ie": {
              "version_added": "9"
            },
            "opera": {
              "version_added": "10.6"
            },
            "opera_android": {
              "version_added": "11"
            },
            "safari": {
              "version_added": "5"
            },
            "safari_ios": {
              "version_added": "5"
            },
            "samsunginternet_android": {
              "version_added": "1.0"
            },
            "webview_android": {
              "version_added": "≤37"
            }
          },
          "status": {
            "experimental": false,
            "standard_track": true,
            "deprecated": false
          }
        }
      },
      "getCurrentPosition": {
        "__compat": {
          "mdn_url": "https://developer.mozilla.org/docs/Web/API/Geolocation/getCurrentPosition",
          "support": {
            "chrome": {
              "version_added": "5"
            },
            "chrome_android": {
              "version_added": "18"
            },
            "edge": {
              "version_added": "12"
            },
            "firefox": {
              "version_added": "3.5"
            },
            "firefox_android": {
              "version_added": "4"
            },
            "ie": {
              "version_added": "9"
            },
            "opera": {
              "version_added": "10.6"
            },
            "opera_android": {
              "version_added": "11"
            },
            "safari": {
              "version_added": "5"
            },
            "safari_ios": {
              "version_added": "5"
            },
            "samsunginternet_android": {
              "version_added": "1.0"
            },
            "webview_android": {
              "version_added": "≤37"
            }
          },
          "status": {
            "experimental": false,
            "standard_track": true,
            "deprecated": false
          }
        }
      },
      "secure_context_required": {
        "__compat": {
          "description": "Secure context required",
          "support": {
            "chrome": {
              "version_added": "50"
            },
            "chrome_android": {
              "version_added": "50"
            },
            "edge": {
              "version_added": "≤79"
            },
            "firefox": {
              "version_added": "55"
            },
            "firefox_android": {
              "version_added": "55"
            },
            "ie": {
              "version_added": false
            },
            "opera": {
              "version_added": "37"
            },
            "opera_android": {
              "version_added": "37"
            },
            "safari": {
              "version_added": true
            },
            "safari_ios": {
              "version_added": true
            },
            "samsunginternet_android": {
              "version_added": "5.0"
            },
            "webview_android": {
              "version_added": "51",
              "notes": "Secure context is only required for applications targeting Android Nougat (7) and higher. See <a href='https://crbug.com/603574'>bug 603574</a>."
            }
          },
          "status": {
            "experimental": false,
            "standard_track": true,
            "deprecated": false
          }
        }
      },
      "watchPosition": {
        "__compat": {
          "mdn_url": "https://developer.mozilla.org/docs/Web/API/Geolocation/watchPosition",
          "support": {
            "chrome": {
              "version_added": "5"
            },
            "chrome_android": {
              "version_added": "18"
            },
            "edge": {
              "version_added": "12"
            },
            "firefox": {
              "version_added": "3.5"
            },
            "firefox_android": {
              "version_added": "4"
            },
            "ie": {
              "version_added": "9"
            },
            "opera": {
              "version_added": "10.6"
            },
            "opera_android": {
              "version_added": "11"
            },
            "safari": {
              "version_added": "5"
            },
            "safari_ios": {
              "version_added": "5"
            },
            "samsunginternet_android": {
              "version_added": "1.0"
            },
            "webview_android": {
              "version_added": "≤37"
            }
          },
          "status": {
            "experimental": false,
            "standard_track": true,
            "deprecated": false
          }
        }
      }
    }
  }
}
