{
  "api": {
    "GeolocationCoordinates": {
      "__compat": {
        "mdn_url": "https://developer.mozilla.org/docs/Web/API/GeolocationCoordinates",
        "support": {
          "chrome": [
            {
              "version_added": "79"
            },
            {
              "version_added": "5",
              "version_removed": "78",
              "alternative_name": "Coordinates"
            }
          ],
          "chrome_android": [
            {
              "version_added": "79"
            },
            {
              "version_added": "18",
              "version_removed": "78",
              "alternative_name": "Coordinates"
            }
          ],
          "edge": [
            {
              "version_added": "79"
            },
            {
              "version_added": "12",
              "version_removed": "79",
              "alternative_name": "Coordinates"
            }
          ],
          "firefox": [
            {
              "version_added": "72"
            },
            {
              "version_added": "3.5",
              "version_removed": "71",
              "alternative_name": "Coordinates"
            }
          ],
          "firefox_android": {
            "alternative_name": "Coordinates",
            "version_added": "4"
          },
          "ie": {
            "alternative_name": "Coordinates",
            "version_added": "9"
          },
          "opera": [
            {
              "alternative_name": "Coordinates",
              "version_added": "16"
            },
            {
              "version_added": "10.6",
              "version_removed": "15"
            }
          ],
          "opera_android": [
            {
              "version_added": "16"
            },
            {
              "version_added": "11",
              "version_removed": "14"
            }
          ],
          "safari": {
            "alternative_name": "Coordinates",
            "version_added": "5"
          },
          "safari_ios": {
            "alternative_name": "Coordinates",
            "version_added": "4.2"
          },
          "samsunginternet_android": {
            "alternative_name": "Coordinates",
            "version_added": "1.0"
          },
          "webview_android": [
            {
              "version_added": "79"
            },
            {
              "version_added": "≤37",
              "version_removed": "78",
              "alternative_name": "Coordinates"
            }
          ]
        },
        "status": {
          "experimental": false,
          "standard_track": true,
          "deprecated": false
        }
      },
      "accuracy": {
        "__compat": {
          "mdn_url": "https://developer.mozilla.org/docs/Web/API/GeolocationCoordinates/accuracy",
          "support": {
            "chrome": {
              "version_added": "5"
            },
            "chrome_android": {
              "version_added": "18"
            },
            "edge": {
              "version_added": "12"
            },
            "firefox": {
              "version_added": "3.5"
            },
            "firefox_android": {
              "version_added": "4"
            },
            "ie": {
              "version_added": "9"
            },
            "opera": [
              {
                "version_added": "16"
              },
              {
                "version_added": "10.6",
                "version_removed": "15"
              }
            ],
            "opera_android": [
              {
                "version_added": "16"
              },
              {
                "version_added": "11",
                "version_removed": "14"
              }
            ],
            "safari": {
              "version_added": "5"
            },
            "safari_ios": {
              "version_added": null
            },
            "samsunginternet_android": {
              "version_added": "1.0"
            },
            "webview_android": {
              "version_added": "≤37"
            }
          },
          "status": {
            "experimental": false,
            "standard_track": true,
            "deprecated": false
          }
        }
      },
      "altitude": {
        "__compat": {
          "mdn_url": "https://developer.mozilla.org/docs/Web/API/GeolocationCoordinates/altitude",
          "support": {
            "chrome": {
              "version_added": "5"
            },
            "chrome_android": {
              "version_added": "18"
            },
            "edge": {
              "version_added": "12"
            },
            "firefox": {
              "version_added": "3.5"
            },
            "firefox_android": {
              "version_added": "4"
            },
            "ie": {
              "version_added": "9"
            },
            "opera": [
              {
                "version_added": "16"
              },
              {
                "version_added": "10.6",
                "version_removed": "15"
              }
            ],
            "opera_android": [
              {
                "version_added": "16"
              },
              {
                "version_added": "11",
                "version_removed": "14"
              }
            ],
            "safari": {
              "version_added": "5"
            },
            "safari_ios": {
              "version_added": null
            },
            "samsunginternet_android": {
              "version_added": "1.0"
            },
            "webview_android": {
              "version_added": "≤37"
            }
          },
          "status": {
            "experimental": false,
            "standard_track": true,
            "deprecated": false
          }
        }
      },
      "altitudeAccuracy": {
        "__compat": {
          "mdn_url": "https://developer.mozilla.org/docs/Web/API/GeolocationCoordinates/altitudeAccuracy",
          "support": {
            "chrome": {
              "version_added": "5"
            },
            "chrome_android": {
              "version_added": "18"
            },
            "edge": {
              "version_added": "12"
            },
            "firefox": {
              "version_added": "3.5"
            },
            "firefox_android": {
              "version_added": "4"
            },
            "ie": {
              "version_added": "9"
            },
            "opera": [
              {
                "version_added": "16"
              },
              {
                "version_added": "10.6",
                "version_removed": "15"
              }
            ],
            "opera_android": [
              {
                "version_added": "16"
              },
              {
                "version_added": "11",
                "version_removed": "14"
              }
            ],
            "safari": {
              "version_added": "5"
            },
            "safari_ios": {
              "version_added": null
            },
            "samsunginternet_android": {
              "version_added": "1.0"
            },
            "webview_android": {
              "version_added": "≤37"
            }
          },
          "status": {
            "experimental": false,
            "standard_track": true,
            "deprecated": false
          }
        }
      },
      "heading": {
        "__compat": {
          "mdn_url": "https://developer.mozilla.org/docs/Web/API/GeolocationCoordinates/heading",
          "support": {
            "chrome": {
              "version_added": "5"
            },
            "chrome_android": {
              "version_added": "18"
            },
            "edge": {
              "version_added": "12"
            },
            "firefox": {
              "version_added": "3.5"
            },
            "firefox_android": {
              "version_added": "4"
            },
            "ie": {
              "version_added": "9"
            },
            "opera": [
              {
                "version_added": "16"
              },
              {
                "version_added": "10.6",
                "version_removed": "15"
              }
            ],
            "opera_android": [
              {
                "version_added": "16"
              },
              {
                "version_added": "11",
                "version_removed": "14"
              }
            ],
            "safari": {
              "version_added": "5"
            },
            "safari_ios": {
              "version_added": null
            },
            "samsunginternet_android": {
              "version_added": "1.0"
            },
            "webview_android": {
              "version_added": "≤37"
            }
          },
          "status": {
            "experimental": false,
            "standard_track": true,
            "deprecated": false
          }
        }
      },
      "latitude": {
        "__compat": {
          "mdn_url": "https://developer.mozilla.org/docs/Web/API/GeolocationCoordinates/latitude",
          "support": {
            "chrome": {
              "version_added": "5"
            },
            "chrome_android": {
              "version_added": "18"
            },
            "edge": {
              "version_added": "12"
            },
            "firefox": {
              "version_added": "3.5"
            },
            "firefox_android": {
              "version_added": "4"
            },
            "ie": {
              "version_added": "9"
            },
            "opera": [
              {
                "version_added": "16"
              },
              {
                "version_added": "10.6",
                "version_removed": "15"
              }
            ],
            "opera_android": [
              {
                "version_added": "16"
              },
              {
                "version_added": "11",
                "version_removed": "14"
              }
            ],
            "safari": {
              "version_added": "5"
            },
            "safari_ios": {
              "version_added": null
            },
            "samsunginternet_android": {
              "version_added": "1.0"
            },
            "webview_android": {
              "version_added": "≤37"
            }
          },
          "status": {
            "experimental": false,
            "standard_track": true,
            "deprecated": false
          }
        }
      },
      "longitude": {
        "__compat": {
          "mdn_url": "https://developer.mozilla.org/docs/Web/API/GeolocationCoordinates/longitude",
          "support": {
            "chrome": {
              "version_added": "5"
            },
            "chrome_android": {
              "version_added": "18"
            },
            "edge": {
              "version_added": "12"
            },
            "firefox": {
              "version_added": "3.5"
            },
            "firefox_android": {
              "version_added": "4"
            },
            "ie": {
              "version_added": "9"
            },
            "opera": [
              {
                "version_added": "16"
              },
              {
                "version_added": "10.6",
                "version_removed": "15"
              }
            ],
            "opera_android": [
              {
                "version_added": "16"
              },
              {
                "version_added": "11",
                "version_removed": "14"
              }
            ],
            "safari": {
              "version_added": "5"
            },
            "safari_ios": {
              "version_added": null
            },
            "samsunginternet_android": {
              "version_added": "1.0"
            },
            "webview_android": {
              "version_added": "≤37"
            }
          },
          "status": {
            "experimental": false,
            "standard_track": true,
            "deprecated": false
          }
        }
      },
      "secure_context_required": {
        "__compat": {
          "description": "Secure context required",
          "support": {
            "chrome": {
              "version_added": "47"
            },
            "chrome_android": {
              "version_added": "47"
            },
            "edge": {
              "version_added": "≤79"
            },
            "firefox": {
              "version_added": "55"
            },
            "firefox_android": {
              "version_added": "55"
            },
            "ie": {
              "version_added": false
            },
            "opera": {
              "version_added": true
            },
            "opera_android": {
              "version_added": true
            },
            "safari": {
              "version_added": true
            },
            "safari_ios": {
              "version_added": true
            },
            "samsunginternet_android": {
              "version_added": "5.0"
            },
            "webview_android": {
              "version_added": false
            }
          },
          "status": {
            "experimental": false,
            "standard_track": true,
            "deprecated": false
          }
        }
      },
      "speed": {
        "__compat": {
          "mdn_url": "https://developer.mozilla.org/docs/Web/API/GeolocationCoordinates/speed",
          "support": {
            "chrome": {
              "version_added": "5"
            },
            "chrome_android": {
              "version_added": "18"
            },
            "edge": {
              "version_added": "12"
            },
            "firefox": {
              "version_added": "3.5"
            },
            "firefox_android": {
              "version_added": "4"
            },
            "ie": {
              "version_added": "9"
            },
            "opera": [
              {
                "version_added": "16"
              },
              {
                "version_added": "10.6",
                "version_removed": "15"
              }
            ],
            "opera_android": [
              {
                "version_added": "16"
              },
              {
                "version_added": "11",
                "version_removed": "14"
              }
            ],
            "safari": {
              "version_added": "5"
            },
            "safari_ios": {
              "version_added": null
            },
            "samsunginternet_android": {
              "version_added": "1.0"
            },
            "webview_android": {
              "version_added": "≤37"
            }
          },
          "status": {
            "experimental": false,
            "standard_track": true,
            "deprecated": false
          }
        }
      }
    }
  }
}
