{
  "api": {
    "GeometryUtils": {
      "__compat": {
        "mdn_url": "https://developer.mozilla.org/docs/Web/API/GeometryUtils",
        "support": {
          "chrome": {
            "version_added": null
          },
          "chrome_android": {
            "version_added": null
          },
          "edge": {
            "version_added": null
          },
          "firefox": {
            "version_added": "31",
            "partial_implementation": true
          },
          "firefox_android": {
            "version_added": "31",
            "partial_implementation": true
          },
          "ie": {
            "version_added": null
          },
          "opera": {
            "version_added": null
          },
          "opera_android": {
            "version_added": null
          },
          "safari": {
            "version_added": null
          },
          "safari_ios": {
            "version_added": null
          },
          "samsunginternet_android": {
            "version_added": null
          },
          "webview_android": {
            "version_added": null
          }
        },
        "status": {
          "experimental": true,
          "standard_track": true,
          "deprecated": false
        }
      },
      "convertPointFromNode": {
        "__compat": {
          "mdn_url": "https://developer.mozilla.org/docs/Web/API/GeometryUtils/convertPointFromNode",
          "support": {
            "chrome": {
              "version_added": null
            },
            "chrome_android": {
              "version_added": null
            },
            "edge": {
              "version_added": null
            },
            "firefox": {
              "version_added": null
            },
            "firefox_android": {
              "version_added": null
            },
            "ie": {
              "version_added": null
            },
            "opera": {
              "version_added": null
            },
            "opera_android": {
              "version_added": null
            },
            "safari": {
              "version_added": null
            },
            "safari_ios": {
              "version_added": null
            },
            "samsunginternet_android": {
              "version_added": null
            },
            "webview_android": {
              "version_added": null
            }
          },
          "status": {
            "experimental": true,
            "standard_track": true,
            "deprecated": false
          }
        }
      },
      "convertQuadFromNode": {
        "__compat": {
          "mdn_url": "https://developer.mozilla.org/docs/Web/API/GeometryUtils/convertQuadFromNode",
          "support": {
            "chrome": {
              "version_added": null
            },
            "chrome_android": {
              "version_added": null
            },
            "edge": {
              "version_added": null
            },
            "firefox": {
              "version_added": null
            },
            "firefox_android": {
              "version_added": null
            },
            "ie": {
              "version_added": null
            },
            "opera": {
              "version_added": null
            },
            "opera_android": {
              "version_added": null
            },
            "safari": {
              "version_added": null
            },
            "safari_ios": {
              "version_added": null
            },
            "samsunginternet_android": {
              "version_added": null
            },
            "webview_android": {
              "version_added": null
            }
          },
          "status": {
            "experimental": true,
            "standard_track": true,
            "deprecated": false
          }
        }
      },
      "convertRectFromNode": {
        "__compat": {
          "mdn_url": "https://developer.mozilla.org/docs/Web/API/GeometryUtils/convertRectFromNode",
          "support": {
            "chrome": {
              "version_added": null
            },
            "chrome_android": {
              "version_added": null
            },
            "edge": {
              "version_added": null
            },
            "firefox": {
              "version_added": null
            },
            "firefox_android": {
              "version_added": null
            },
            "ie": {
              "version_added": null
            },
            "opera": {
              "version_added": null
            },
            "opera_android": {
              "version_added": null
            },
            "safari": {
              "version_added": null
            },
            "safari_ios": {
              "version_added": null
            },
            "samsunginternet_android": {
              "version_added": null
            },
            "webview_android": {
              "version_added": null
            }
          },
          "status": {
            "experimental": true,
            "standard_track": true,
            "deprecated": false
          }
        }
      },
      "getBoxQuads": {
        "__compat": {
          "mdn_url": "https://developer.mozilla.org/docs/Web/API/GeometryUtils/getBoxQuads",
          "support": {
            "chrome": {
              "version_added": null
            },
            "chrome_android": {
              "version_added": null
            },
            "edge": {
              "version_added": null
            },
            "firefox": {
              "version_added": "31",
              "flags": [
                {
                  "type": "preference",
                  "name": "layout.css.getBoxQuads.enabled",
                  "value_to_set": "true"
                }
              ]
            },
            "firefox_android": {
              "version_added": "31",
              "flags": [
                {
                  "type": "preference",
                  "name": "layout.css.getBoxQuads.enabled",
                  "value_to_set": "true"
                }
              ]
            },
            "ie": {
              "version_added": null
            },
            "opera": {
              "version_added": null
            },
            "opera_android": {
              "version_added": null
            },
            "safari": {
              "version_added": null
            },
            "safari_ios": {
              "version_added": null
            },
            "samsunginternet_android": {
              "version_added": null
            },
            "webview_android": {
              "version_added": null
            }
          },
          "status": {
            "experimental": true,
            "standard_track": true,
            "deprecated": false
          }
        }
      }
    }
  }
}
