{
  "api": {
    "Gyroscope": {
      "__compat": {
        "mdn_url": "https://developer.mozilla.org/docs/Web/API/Gyroscope",
        "support": {
          "chrome": {
            "version_added": "67"
          },
          "chrome_android": {
            "version_added": "67"
          },
          "edge": {
            "version_added": "79"
          },
          "firefox": {
            "version_added": false
          },
          "firefox_android": {
            "version_added": false
          },
          "ie": {
            "version_added": false
          },
          "opera": {
            "version_added": "54"
          },
          "opera_android": {
            "version_added": "48"
          },
          "safari": {
            "version_added": false
          },
          "safari_ios": {
            "version_added": false
          },
          "samsunginternet_android": {
            "version_added": "9.0"
          },
          "webview_android": {
            "version_added": "67"
          }
        },
        "status": {
          "experimental": false,
          "standard_track": true,
          "deprecated": false
        }
      },
      "Gyroscope": {
        "__compat": {
          "mdn_url": "https://developer.mozilla.org/docs/Web/API/Gyroscope/Gyroscope",
          "description": "<code>Gyroscope()</code> constructor",
          "support": {
            "chrome": {
              "version_added": "67"
            },
            "chrome_android": {
              "version_added": "67"
            },
            "edge": {
              "version_added": "79"
            },
            "firefox": {
              "version_added": false
            },
            "firefox_android": {
              "version_added": false
            },
            "ie": {
              "version_added": false
            },
            "opera": {
              "version_added": "54"
            },
            "opera_android": {
              "version_added": "48"
            },
            "safari": {
              "version_added": false
            },
            "safari_ios": {
              "version_added": false
            },
            "samsunginternet_android": {
              "version_added": "9.0"
            },
            "webview_android": {
              "version_added": "67"
            }
          },
          "status": {
            "experimental": false,
            "standard_track": true,
            "deprecated": false
          }
        }
      },
      "x": {
        "__compat": {
          "mdn_url": "https://developer.mozilla.org/docs/Web/API/Gyroscope/x",
          "support": {
            "chrome": {
              "version_added": "67"
            },
            "chrome_android": {
              "version_added": "67"
            },
            "edge": {
              "version_added": "79"
            },
            "firefox": {
              "version_added": false
            },
            "firefox_android": {
              "version_added": false
            },
            "ie": {
              "version_added": false
            },
            "opera": {
              "version_added": "54"
            },
            "opera_android": {
              "version_added": "48"
            },
            "safari": {
              "version_added": false
            },
            "safari_ios": {
              "version_added": false
            },
            "samsunginternet_android": {
              "version_added": "9.0"
            },
            "webview_android": {
              "version_added": "67"
            }
          },
          "status": {
            "experimental": false,
            "standard_track": true,
            "deprecated": false
          }
        }
      },
      "y": {
        "__compat": {
          "mdn_url": "https://developer.mozilla.org/docs/Web/API/Gyroscope/y",
          "support": {
            "chrome": {
              "version_added": "67"
            },
            "chrome_android": {
              "version_added": "67"
            },
            "edge": {
              "version_added": "79"
            },
            "firefox": {
              "version_added": false
            },
            "firefox_android": {
              "version_added": false
            },
            "ie": {
              "version_added": false
            },
            "opera": {
              "version_added": "54"
            },
            "opera_android": {
              "version_added": "48"
            },
            "safari": {
              "version_added": false
            },
            "safari_ios": {
              "version_added": false
            },
            "samsunginternet_android": {
              "version_added": "9.0"
            },
            "webview_android": {
              "version_added": "67"
            }
          },
          "status": {
            "experimental": false,
            "standard_track": true,
            "deprecated": false
          }
        }
      },
      "z": {
        "__compat": {
          "mdn_url": "https://developer.mozilla.org/docs/Web/API/Gyroscope/z",
          "support": {
            "chrome": {
              "version_added": "67"
            },
            "chrome_android": {
              "version_added": "67"
            },
            "edge": {
              "version_added": "79"
            },
            "firefox": {
              "version_added": false
            },
            "firefox_android": {
              "version_added": false
            },
            "ie": {
              "version_added": false
            },
            "opera": {
              "version_added": "54"
            },
            "opera_android": {
              "version_added": "48"
            },
            "safari": {
              "version_added": false
            },
            "safari_ios": {
              "version_added": false
            },
            "samsunginternet_android": {
              "version_added": "9.0"
            },
            "webview_android": {
              "version_added": "67"
            }
          },
          "status": {
            "experimental": false,
            "standard_track": true,
            "deprecated": false
          }
        }
      }
    }
  }
}
