{
  "api": {
    "History": {
      "__compat": {
        "mdn_url": "https://developer.mozilla.org/docs/Web/API/History",
        "support": {
          "chrome": {
            "version_added": "1"
          },
          "chrome_android": {
            "version_added": "18"
          },
          "edge": {
            "version_added": "12"
          },
          "firefox": {
            "version_added": "1"
          },
          "firefox_android": {
            "version_added": "4"
          },
          "ie": {
            "version_added": "10"
          },
          "opera": {
            "version_added": "3"
          },
          "opera_android": {
            "version_added": "10.1"
          },
          "safari": {
            "version_added": "1"
          },
          "safari_ios": {
            "version_added": "1"
          },
          "samsunginternet_android": {
            "version_added": "1.0"
          },
          "webview_android": {
            "version_added": "1"
          }
        },
        "status": {
          "experimental": false,
          "standard_track": true,
          "deprecated": false
        }
      },
      "back": {
        "__compat": {
          "mdn_url": "https://developer.mozilla.org/docs/Web/API/History/back",
          "support": {
            "chrome": {
              "version_added": "1"
            },
            "chrome_android": {
              "version_added": "18"
            },
            "edge": {
              "version_added": "12"
            },
            "firefox": {
              "version_added": "1"
            },
            "firefox_android": {
              "version_added": "4"
            },
            "ie": {
              "version_added": "10"
            },
            "opera": {
              "version_added": "≤12.1"
            },
            "opera_android": {
              "version_added": "≤12.1"
            },
            "safari": {
              "version_added": "1"
            },
            "safari_ios": {
              "version_added": "1"
            },
            "samsunginternet_android": {
              "version_added": "1.0"
            },
            "webview_android": {
              "version_added": "1"
            }
          },
          "status": {
            "experimental": false,
            "standard_track": true,
            "deprecated": false
          }
        }
      },
      "forward": {
        "__compat": {
          "mdn_url": "https://developer.mozilla.org/docs/Web/API/History/forward",
          "support": {
            "chrome": {
              "version_added": "1"
            },
            "chrome_android": {
              "version_added": "18"
            },
            "edge": {
              "version_added": "12"
            },
            "firefox": {
              "version_added": "1"
            },
            "firefox_android": {
              "version_added": "4"
            },
            "ie": {
              "version_added": "10"
            },
            "opera": {
              "version_added": "≤12.1"
            },
            "opera_android": {
              "version_added": "≤12.1"
            },
            "safari": {
              "version_added": "1"
            },
            "safari_ios": {
              "version_added": "1"
            },
            "samsunginternet_android": {
              "version_added": "1.0"
            },
            "webview_android": {
              "version_added": "1"
            }
          },
          "status": {
            "experimental": false,
            "standard_track": true,
            "deprecated": false
          }
        }
      },
      "go": {
        "__compat": {
          "mdn_url": "https://developer.mozilla.org/docs/Web/API/History/go",
          "support": {
            "chrome": {
              "version_added": "1"
            },
            "chrome_android": {
              "version_added": "18"
            },
            "edge": {
              "version_added": "12"
            },
            "firefox": {
              "version_added": "1"
            },
            "firefox_android": {
              "version_added": "4"
            },
            "ie": {
              "version_added": "10"
            },
            "opera": {
              "version_added": "≤12.1"
            },
            "opera_android": {
              "version_added": "≤12.1"
            },
            "safari": {
              "version_added": "1"
            },
            "safari_ios": {
              "version_added": "1"
            },
            "samsunginternet_android": {
              "version_added": "1.0"
            },
            "webview_android": {
              "version_added": "1"
            }
          },
          "status": {
            "experimental": false,
            "standard_track": true,
            "deprecated": false
          }
        }
      },
      "length": {
        "__compat": {
          "mdn_url": "https://developer.mozilla.org/docs/Web/API/History/length",
          "support": {
            "chrome": {
              "version_added": "1"
            },
            "chrome_android": {
              "version_added": "18"
            },
            "edge": {
              "version_added": "12"
            },
            "firefox": {
              "version_added": "1"
            },
            "firefox_android": {
              "version_added": "4"
            },
            "ie": {
              "version_added": "10"
            },
            "opera": {
              "version_added": "≤12.1"
            },
            "opera_android": {
              "version_added": "≤12.1"
            },
            "safari": {
              "version_added": "1"
            },
            "safari_ios": {
              "version_added": "1"
            },
            "samsunginternet_android": {
              "version_added": "1.0"
            },
            "webview_android": {
              "version_added": "1"
            }
          },
          "status": {
            "experimental": false,
            "standard_track": true,
            "deprecated": false
          }
        }
      },
      "pushState": {
        "__compat": {
          "mdn_url": "https://developer.mozilla.org/docs/Web/API/History/pushState",
          "support": {
            "chrome": {
              "version_added": "5"
            },
            "chrome_android": {
              "version_added": "18"
            },
            "edge": {
              "version_added": "12"
            },
            "firefox": {
              "version_added": "4",
              "notes": "Until Firefox 5, the passed object is serialized using JSON. Starting in Firefox 6, the object is serialized using <a href='https://developer.mozilla.org/docs/DOM/The_structured_clone_algorithm'>the structured clone algorithm</a>. This allows a wider variety of objects to be safely passed."
            },
            "firefox_android": {
              "version_added": "4",
              "notes": "Until Firefox 5, the passed object is serialized using JSON. Starting in Firefox 6, the object is serialized using <a href='https://developer.mozilla.org/docs/DOM/The_structured_clone_algorithm'>the structured clone algorithm</a>. This allows a wider variety of objects to be safely passed."
            },
            "ie": {
              "version_added": "10"
            },
            "opera": {
              "version_added": "11.5"
            },
            "opera_android": {
              "version_added": "11.5"
            },
            "safari": {
              "version_added": "5"
            },
            "safari_ios": {
              "version_added": "4"
            },
            "samsunginternet_android": {
              "version_added": "1.0"
            },
            "webview_android": {
              "version_added": "≤37"
            }
          },
          "status": {
            "experimental": false,
            "standard_track": true,
            "deprecated": false
          }
        },
        "title": {
          "__compat": {
            "description": "Whether the <code>title</code> argument is used",
            "support": {
              "chrome": {
                "version_added": false
              },
              "chrome_android": {
                "version_added": false
              },
              "edge": {
                "version_added": false
              },
              "firefox": {
                "version_added": false
              },
              "firefox_android": {
                "version_added": false
              },
              "ie": {
                "version_added": false
              },
              "opera": {
                "version_added": false
              },
              "opera_android": {
                "version_added": false
              },
              "safari": {
                "version_added": true
              },
              "safari_ios": {
                "version_added": null
              },
              "samsunginternet_android": {
                "version_added": false
              },
              "webview_android": {
                "version_added": false
              }
            },
            "status": {
              "experimental": false,
              "standard_track": true,
              "deprecated": false
            }
          }
        }
      },
      "replaceState": {
        "__compat": {
          "mdn_url": "https://developer.mozilla.org/docs/Web/API/History/replaceState",
          "support": {
            "chrome": {
              "version_added": "5"
            },
            "chrome_android": {
              "version_added": "18"
            },
            "edge": {
              "version_added": "12"
            },
            "firefox": {
              "version_added": "4",
              "notes": "Until Firefox 5, the passed object is serialized using JSON. Starting in Firefox 6, the object is serialized using <a href='https://developer.mozilla.org/docs/DOM/The_structured_clone_algorithm'>the structured clone algorithm</a>. This allows a wider variety of objects to be safely passed."
            },
            "firefox_android": {
              "version_added": "4",
              "notes": "Until Firefox 5, the passed object is serialized using JSON. Starting in Firefox 6, the object is serialized using <a href='https://developer.mozilla.org/docs/DOM/The_structured_clone_algorithm'>the structured clone algorithm</a>. This allows a wider variety of objects to be safely passed."
            },
            "ie": {
              "version_added": "10"
            },
            "opera": {
              "version_added": "11.5"
            },
            "opera_android": {
              "version_added": "11.5"
            },
            "safari": {
              "version_added": "5"
            },
            "safari_ios": {
              "version_added": "4"
            },
            "samsunginternet_android": {
              "version_added": "1.0"
            },
            "webview_android": {
              "version_added": "≤37"
            }
          },
          "status": {
            "experimental": false,
            "standard_track": true,
            "deprecated": false
          }
        },
        "title": {
          "__compat": {
            "description": "Whether the <code>title</code> argument is used",
            "support": {
              "chrome": {
                "version_added": false
              },
              "chrome_android": {
                "version_added": false
              },
              "edge": {
                "version_added": false
              },
              "firefox": {
                "version_added": false
              },
              "firefox_android": {
                "version_added": false
              },
              "ie": {
                "version_added": false
              },
              "opera": {
                "version_added": false
              },
              "opera_android": {
                "version_added": false
              },
              "safari": {
                "version_added": true
              },
              "safari_ios": {
                "version_added": null
              },
              "samsunginternet_android": {
                "version_added": false
              },
              "webview_android": {
                "version_added": false
              }
            },
            "status": {
              "experimental": false,
              "standard_track": true,
              "deprecated": false
            }
          }
        }
      },
      "scrollRestoration": {
        "__compat": {
          "mdn_url": "https://developer.mozilla.org/docs/Web/API/History/scrollRestoration",
          "support": {
            "chrome": {
              "version_added": "46"
            },
            "chrome_android": {
              "version_added": "46"
            },
            "edge": {
              "version_added": "79"
            },
            "firefox": {
              "version_added": "46"
            },
            "firefox_android": {
              "version_added": "46"
            },
            "ie": {
              "version_added": false
            },
            "opera": {
              "version_added": "33"
            },
            "opera_android": {
              "version_added": "33"
            },
            "safari": {
              "version_added": "11"
            },
            "safari_ios": {
              "version_added": "11"
            },
            "samsunginternet_android": {
              "version_added": "5.0"
            },
            "webview_android": {
              "version_added": "46"
            }
          },
          "status": {
            "experimental": false,
            "standard_track": true,
            "deprecated": false
          }
        }
      },
      "state": {
        "__compat": {
          "mdn_url": "https://developer.mozilla.org/docs/Web/API/History/state",
          "support": {
            "chrome": {
              "version_added": "19"
            },
            "chrome_android": {
              "version_added": "25"
            },
            "edge": {
              "version_added": "12"
            },
            "firefox": {
              "version_added": "4"
            },
            "firefox_android": {
              "version_added": "4"
            },
            "ie": {
              "version_added": "10"
            },
            "opera": {
              "version_added": "≤12.1"
            },
            "opera_android": {
              "version_added": "≤12.1"
            },
            "safari": {
              "version_added": "6"
            },
            "safari_ios": {
              "version_added": "6"
            },
            "samsunginternet_android": {
              "version_added": "1.5"
            },
            "webview_android": {
              "version_added": "≤37"
            }
          },
          "status": {
            "experimental": false,
            "standard_track": true,
            "deprecated": false
          }
        }
      }
    }
  }
}
