{
  "api": {
    "HTMLBaseFontElement": {
      "__compat": {
        "mdn_url": "https://developer.mozilla.org/docs/Web/API/HTMLBaseFontElement",
        "support": {
          "chrome": {
            "version_added": false
          },
          "chrome_android": {
            "version_added": false
          },
          "edge": {
            "version_added": "12",
            "version_removed": "79"
          },
          "firefox": {
            "version_added": "1",
            "version_removed": "4"
          },
          "firefox_android": {
            "version_added": false
          },
          "ie": {
            "version_added": "5"
          },
          "opera": {
            "version_added": false
          },
          "opera_android": {
            "version_added": false
          },
          "safari": {
            "version_added": "1",
            "version_removed": "10"
          },
          "safari_ios": {
            "version_added": "1",
            "version_removed": "10"
          },
          "samsunginternet_android": {
            "version_added": false
          },
          "webview_android": {
            "version_added": false
          }
        },
        "status": {
          "experimental": false,
          "standard_track": true,
          "deprecated": true
        }
      },
      "color": {
        "__compat": {
          "mdn_url": "https://developer.mozilla.org/docs/Web/API/HTMLBaseFontElement/color",
          "support": {
            "chrome": {
              "version_added": false
            },
            "chrome_android": {
              "version_added": false
            },
            "edge": {
              "version_added": "17",
              "version_removed": "79"
            },
            "firefox": {
              "version_added": "1",
              "version_removed": "4"
            },
            "firefox_android": {
              "version_added": false
            },
            "ie": {
              "version_added": "5"
            },
            "opera": {
              "version_added": false
            },
            "opera_android": {
              "version_added": false
            },
            "safari": {
              "version_added": "1",
              "version_removed": "10"
            },
            "safari_ios": {
              "version_added": "1",
              "version_removed": "10"
            },
            "samsunginternet_android": {
              "version_added": false
            },
            "webview_android": {
              "version_added": false
            }
          },
          "status": {
            "experimental": false,
            "standard_track": true,
            "deprecated": true
          }
        }
      },
      "face": {
        "__compat": {
          "mdn_url": "https://developer.mozilla.org/docs/Web/API/HTMLBaseFontElement/face",
          "support": {
            "chrome": {
              "version_added": false
            },
            "chrome_android": {
              "version_added": false
            },
            "edge": {
              "version_added": "12",
              "version_removed": "79"
            },
            "firefox": {
              "version_added": "1",
              "version_removed": "4"
            },
            "firefox_android": {
              "version_added": false
            },
            "ie": {
              "version_added": "5"
            },
            "opera": {
              "version_added": false
            },
            "opera_android": {
              "version_added": false
            },
            "safari": {
              "version_added": "1",
              "version_removed": "10"
            },
            "safari_ios": {
              "version_added": "1",
              "version_removed": "10"
            },
            "samsunginternet_android": {
              "version_added": false
            },
            "webview_android": {
              "version_added": false
            }
          },
          "status": {
            "experimental": false,
            "standard_track": true,
            "deprecated": true
          }
        }
      },
      "size": {
        "__compat": {
          "mdn_url": "https://developer.mozilla.org/docs/Web/API/HTMLBaseFontElement/size",
          "support": {
            "chrome": {
              "version_added": false
            },
            "chrome_android": {
              "version_added": false
            },
            "edge": {
              "version_added": "12",
              "version_removed": "79"
            },
            "firefox": {
              "version_added": "1",
              "version_removed": "4"
            },
            "firefox_android": {
              "version_added": false
            },
            "ie": {
              "version_added": "5"
            },
            "opera": {
              "version_added": false
            },
            "opera_android": {
              "version_added": false
            },
            "safari": {
              "version_added": "1",
              "version_removed": "10"
            },
            "safari_ios": {
              "version_added": "1",
              "version_removed": "10"
            },
            "samsunginternet_android": {
              "version_added": false
            },
            "webview_android": {
              "version_added": false
            }
          },
          "status": {
            "experimental": false,
            "standard_track": true,
            "deprecated": true
          }
        }
      }
    }
  }
}
