{
  "api": {
    "HTMLButtonElement": {
      "__compat": {
        "mdn_url": "https://developer.mozilla.org/docs/Web/API/HTMLButtonElement",
        "support": {
          "chrome": {
            "version_added": "1"
          },
          "chrome_android": {
            "version_added": "18"
          },
          "edge": {
            "version_added": "12"
          },
          "firefox": {
            "version_added": "1"
          },
          "firefox_android": {
            "version_added": "4"
          },
          "ie": {
            "version_added": "5.5"
          },
          "opera": {
            "version_added": "≤12.1"
          },
          "opera_android": {
            "version_added": "≤12.1"
          },
          "safari": {
            "version_added": "3"
          },
          "safari_ios": {
            "version_added": "1"
          },
          "samsunginternet_android": {
            "version_added": "1.0"
          },
          "webview_android": {
            "version_added": "1"
          }
        },
        "status": {
          "experimental": false,
          "standard_track": true,
          "deprecated": false
        }
      },
      "autofocus": {
        "__compat": {
          "mdn_url": "https://developer.mozilla.org/docs/Web/API/HTMLButtonElement/autofocus",
          "support": {
            "chrome": {
              "version_added": "1"
            },
            "chrome_android": {
              "version_added": "18"
            },
            "edge": {
              "version_added": "12"
            },
            "firefox": {
              "version_added": "1"
            },
            "firefox_android": {
              "version_added": "4"
            },
            "ie": {
              "version_added": "10"
            },
            "opera": {
              "version_added": "≤12.1"
            },
            "opera_android": {
              "version_added": "≤12.1"
            },
            "safari": {
              "version_added": "4"
            },
            "safari_ios": {
              "version_added": "3.2"
            },
            "samsunginternet_android": {
              "version_added": "1.0"
            },
            "webview_android": {
              "version_added": "1"
            }
          },
          "status": {
            "experimental": false,
            "standard_track": true,
            "deprecated": false
          }
        }
      },
      "checkValidity": {
        "__compat": {
          "support": {
            "chrome": {
              "version_added": "4"
            },
            "chrome_android": {
              "version_added": "18"
            },
            "edge": {
              "version_added": "12"
            },
            "firefox": {
              "version_added": "4"
            },
            "firefox_android": {
              "version_added": "4"
            },
            "ie": {
              "version_added": "10"
            },
            "opera": {
              "version_added": "≤12.1"
            },
            "opera_android": {
              "version_added": "≤12.1"
            },
            "safari": {
              "version_added": "5"
            },
            "safari_ios": {
              "version_added": "5"
            },
            "samsunginternet_android": {
              "version_added": "1.0"
            },
            "webview_android": {
              "version_added": "≤37"
            }
          },
          "status": {
            "experimental": false,
            "standard_track": true,
            "deprecated": false
          }
        }
      },
      "disabled": {
        "__compat": {
          "mdn_url": "https://developer.mozilla.org/docs/Web/API/HTMLButtonElement/disabled",
          "support": {
            "chrome": {
              "version_added": "1"
            },
            "chrome_android": {
              "version_added": "18"
            },
            "edge": {
              "version_added": "12"
            },
            "firefox": {
              "version_added": "1"
            },
            "firefox_android": {
              "version_added": "4"
            },
            "ie": {
              "version_added": "5.5"
            },
            "opera": {
              "version_added": "≤12.1"
            },
            "opera_android": {
              "version_added": "≤12.1"
            },
            "safari": {
              "version_added": "3"
            },
            "safari_ios": {
              "version_added": "1"
            },
            "samsunginternet_android": {
              "version_added": "1.0"
            },
            "webview_android": {
              "version_added": "1"
            }
          },
          "status": {
            "experimental": false,
            "standard_track": true,
            "deprecated": false
          }
        }
      },
      "form": {
        "__compat": {
          "mdn_url": "https://developer.mozilla.org/docs/Web/API/HTMLButtonElement/form",
          "support": {
            "chrome": {
              "version_added": "1"
            },
            "chrome_android": {
              "version_added": "18"
            },
            "edge": {
              "version_added": "12"
            },
            "firefox": {
              "version_added": "1"
            },
            "firefox_android": {
              "version_added": "4"
            },
            "ie": {
              "version_added": "5.5"
            },
            "opera": {
              "version_added": "≤12.1"
            },
            "opera_android": {
              "version_added": "≤12.1"
            },
            "safari": {
              "version_added": "3"
            },
            "safari_ios": {
              "version_added": "1"
            },
            "samsunginternet_android": {
              "version_added": "1.0"
            },
            "webview_android": {
              "version_added": "1"
            }
          },
          "status": {
            "experimental": false,
            "standard_track": true,
            "deprecated": false
          }
        }
      },
      "formAction": {
        "__compat": {
          "mdn_url": "https://developer.mozilla.org/docs/Web/API/HTMLButtonElement/formAction",
          "support": {
            "chrome": {
              "version_added": "9"
            },
            "chrome_android": {
              "version_added": "18"
            },
            "edge": {
              "version_added": "12"
            },
            "firefox": {
              "version_added": "4",
              "notes": "In Firefox 56, the implementation has been updated so that the <code>formAction</code> property returns the correct form submission URL, as per spec, when the associated button is being used to submit a form (<a href='https://bugzil.la/1366361'>bug 1366361</a>)."
            },
            "firefox_android": {
              "version_added": "4",
              "notes": "In Firefox 56, the implementation has been updated so that the <code>formAction</code> property returns the correct form submission URL, as per spec, when the associated button is being used to submit a form (<a href='https://bugzil.la/1366361'>bug 1366361</a>)."
            },
            "ie": {
              "version_added": "10"
            },
            "opera": {
              "version_added": "≤12.1"
            },
            "opera_android": {
              "version_added": "≤12.1"
            },
            "safari": {
              "version_added": "5.1"
            },
            "safari_ios": {
              "version_added": "5"
            },
            "samsunginternet_android": {
              "version_added": "1.0"
            },
            "webview_android": {
              "version_added": "≤37"
            }
          },
          "status": {
            "experimental": false,
            "standard_track": true,
            "deprecated": false
          }
        }
      },
      "formEnctype": {
        "__compat": {
          "mdn_url": "https://developer.mozilla.org/docs/Web/API/HTMLButtonElement/formEnctype",
          "support": {
            "chrome": {
              "version_added": "9"
            },
            "chrome_android": {
              "version_added": "18"
            },
            "edge": {
              "version_added": "12"
            },
            "firefox": {
              "version_added": "4"
            },
            "firefox_android": {
              "version_added": "4"
            },
            "ie": {
              "version_added": "10"
            },
            "opera": {
              "version_added": "≤12.1"
            },
            "opera_android": {
              "version_added": "≤12.1"
            },
            "safari": {
              "version_added": "5.1"
            },
            "safari_ios": {
              "version_added": "5"
            },
            "samsunginternet_android": {
              "version_added": "1.0"
            },
            "webview_android": {
              "version_added": "≤37"
            }
          },
          "status": {
            "experimental": false,
            "standard_track": true,
            "deprecated": false
          }
        }
      },
      "formMethod": {
        "__compat": {
          "mdn_url": "https://developer.mozilla.org/docs/Web/API/HTMLButtonElement/formMethod",
          "support": {
            "chrome": {
              "version_added": "9"
            },
            "chrome_android": {
              "version_added": "18"
            },
            "edge": {
              "version_added": "12"
            },
            "firefox": {
              "version_added": "4"
            },
            "firefox_android": {
              "version_added": "4"
            },
            "ie": {
              "version_added": "10"
            },
            "opera": {
              "version_added": "≤12.1"
            },
            "opera_android": {
              "version_added": "≤12.1"
            },
            "safari": {
              "version_added": "5.1"
            },
            "safari_ios": {
              "version_added": "5"
            },
            "samsunginternet_android": {
              "version_added": "1.0"
            },
            "webview_android": {
              "version_added": "≤37"
            }
          },
          "status": {
            "experimental": false,
            "standard_track": true,
            "deprecated": false
          }
        }
      },
      "formNoValidate": {
        "__compat": {
          "mdn_url": "https://developer.mozilla.org/docs/Web/API/HTMLButtonElement/formNoValidate",
          "support": {
            "chrome": {
              "version_added": "4"
            },
            "chrome_android": {
              "version_added": "18"
            },
            "edge": {
              "version_added": "12"
            },
            "firefox": {
              "version_added": "4"
            },
            "firefox_android": {
              "version_added": "4"
            },
            "ie": {
              "version_added": "10"
            },
            "opera": {
              "version_added": "≤12.1"
            },
            "opera_android": {
              "version_added": "≤12.1"
            },
            "safari": {
              "version_added": "5"
            },
            "safari_ios": {
              "version_added": "4"
            },
            "samsunginternet_android": {
              "version_added": "1.0"
            },
            "webview_android": {
              "version_added": "≤37"
            }
          },
          "status": {
            "experimental": false,
            "standard_track": true,
            "deprecated": false
          }
        }
      },
      "formTarget": {
        "__compat": {
          "mdn_url": "https://developer.mozilla.org/docs/Web/API/HTMLButtonElement/formTarget",
          "support": {
            "chrome": {
              "version_added": "9"
            },
            "chrome_android": {
              "version_added": "18"
            },
            "edge": {
              "version_added": "12"
            },
            "firefox": {
              "version_added": "4"
            },
            "firefox_android": {
              "version_added": "4"
            },
            "ie": {
              "version_added": "10"
            },
            "opera": {
              "version_added": "≤12.1"
            },
            "opera_android": {
              "version_added": "≤12.1"
            },
            "safari": {
              "version_added": "5.1"
            },
            "safari_ios": {
              "version_added": "5"
            },
            "samsunginternet_android": {
              "version_added": "1.0"
            },
            "webview_android": {
              "version_added": "≤37"
            }
          },
          "status": {
            "experimental": false,
            "standard_track": true,
            "deprecated": false
          }
        }
      },
      "labels": {
        "__compat": {
          "mdn_url": "https://developer.mozilla.org/docs/Web/API/HTMLButtonElement/labels",
          "support": {
            "chrome": {
              "version_added": "6"
            },
            "chrome_android": {
              "version_added": "18"
            },
            "edge": {
              "version_added": "18"
            },
            "firefox": {
              "version_added": "56"
            },
            "firefox_android": {
              "version_added": "56"
            },
            "ie": {
              "version_added": false
            },
            "opera": {
              "version_added": "≤12.1"
            },
            "opera_android": {
              "version_added": "≤12.1"
            },
            "safari": {
              "version_added": "5.1"
            },
            "safari_ios": {
              "version_added": "5"
            },
            "samsunginternet_android": {
              "version_added": "1.0"
            },
            "webview_android": {
              "version_added": "≤37"
            }
          },
          "status": {
            "experimental": false,
            "standard_track": true,
            "deprecated": false
          }
        }
      },
      "name": {
        "__compat": {
          "mdn_url": "https://developer.mozilla.org/docs/Web/API/HTMLButtonElement/name",
          "support": {
            "chrome": {
              "version_added": "1"
            },
            "chrome_android": {
              "version_added": "18"
            },
            "edge": {
              "version_added": "12"
            },
            "firefox": {
              "version_added": "1"
            },
            "firefox_android": {
              "version_added": "4"
            },
            "ie": {
              "version_added": "5.5"
            },
            "opera": {
              "version_added": "≤12.1"
            },
            "opera_android": {
              "version_added": "≤12.1"
            },
            "safari": {
              "version_added": "3"
            },
            "safari_ios": {
              "version_added": "1"
            },
            "samsunginternet_android": {
              "version_added": "1.0"
            },
            "webview_android": {
              "version_added": "1"
            }
          },
          "status": {
            "experimental": false,
            "standard_track": true,
            "deprecated": false
          }
        }
      },
      "reportValidity": {
        "__compat": {
          "mdn_url": "https://developer.mozilla.org/docs/Web/API/HTMLButtonElement/reportValidity",
          "support": {
            "chrome": {
              "version_added": "40"
            },
            "chrome_android": {
              "version_added": "40"
            },
            "edge": {
              "version_added": "17"
            },
            "firefox": {
              "version_added": "49"
            },
            "firefox_android": {
              "version_added": "64"
            },
            "ie": {
              "version_added": false
            },
            "opera": {
              "version_added": "27"
            },
            "opera_android": {
              "version_added": "27"
            },
            "safari": {
              "version_added": "10.1"
            },
            "safari_ios": {
              "version_added": "10.3"
            },
            "samsunginternet_android": {
              "version_added": "4.0"
            },
            "webview_android": {
              "version_added": "40"
            }
          },
          "status": {
            "experimental": false,
            "standard_track": true,
            "deprecated": false
          }
        }
      },
      "setCustomValidity": {
        "__compat": {
          "support": {
            "chrome": {
              "version_added": "4"
            },
            "chrome_android": {
              "version_added": "18"
            },
            "edge": {
              "version_added": "12"
            },
            "firefox": {
              "version_added": "4"
            },
            "firefox_android": {
              "version_added": "4"
            },
            "ie": {
              "version_added": "10"
            },
            "opera": {
              "version_added": "≤12.1"
            },
            "opera_android": {
              "version_added": "≤12.1"
            },
            "safari": {
              "version_added": "5"
            },
            "safari_ios": {
              "version_added": "5"
            },
            "samsunginternet_android": {
              "version_added": "1.0"
            },
            "webview_android": {
              "version_added": "≤37"
            }
          },
          "status": {
            "experimental": false,
            "standard_track": true,
            "deprecated": false
          }
        }
      },
      "type": {
        "__compat": {
          "mdn_url": "https://developer.mozilla.org/docs/Web/API/HTMLButtonElement/type",
          "support": {
            "chrome": {
              "version_added": "1"
            },
            "chrome_android": {
              "version_added": "18"
            },
            "edge": {
              "version_added": "12"
            },
            "firefox": {
              "version_added": "1"
            },
            "firefox_android": {
              "version_added": "4"
            },
            "ie": {
              "version_added": "5.5"
            },
            "opera": {
              "version_added": "≤12.1"
            },
            "opera_android": {
              "version_added": "≤12.1"
            },
            "safari": {
              "version_added": "3"
            },
            "safari_ios": {
              "version_added": "1"
            },
            "samsunginternet_android": {
              "version_added": "1.0"
            },
            "webview_android": {
              "version_added": "1"
            }
          },
          "status": {
            "experimental": false,
            "standard_track": true,
            "deprecated": false
          }
        }
      },
      "validationMessage": {
        "__compat": {
          "mdn_url": "https://developer.mozilla.org/docs/Web/API/HTMLButtonElement/validationMessage",
          "support": {
            "chrome": {
              "version_added": "5"
            },
            "chrome_android": {
              "version_added": "18"
            },
            "edge": {
              "version_added": "12"
            },
            "firefox": {
              "version_added": "4"
            },
            "firefox_android": {
              "version_added": "4"
            },
            "ie": {
              "version_added": "10"
            },
            "opera": {
              "version_added": "≤12.1"
            },
            "opera_android": {
              "version_added": "≤12.1"
            },
            "safari": {
              "version_added": "5"
            },
            "safari_ios": {
              "version_added": "4"
            },
            "samsunginternet_android": {
              "version_added": "1.0"
            },
            "webview_android": {
              "version_added": "≤37"
            }
          },
          "status": {
            "experimental": false,
            "standard_track": true,
            "deprecated": false
          }
        }
      },
      "validity": {
        "__compat": {
          "mdn_url": "https://developer.mozilla.org/docs/Web/API/HTMLButtonElement/validity",
          "support": {
            "chrome": {
              "version_added": "3"
            },
            "chrome_android": {
              "version_added": "18"
            },
            "edge": {
              "version_added": "12"
            },
            "firefox": {
              "version_added": "4"
            },
            "firefox_android": {
              "version_added": "4"
            },
            "ie": {
              "version_added": "10"
            },
            "opera": {
              "version_added": "≤12.1"
            },
            "opera_android": {
              "version_added": "≤12.1"
            },
            "safari": {
              "version_added": "5"
            },
            "safari_ios": {
              "version_added": "4"
            },
            "samsunginternet_android": {
              "version_added": "1.0"
            },
            "webview_android": {
              "version_added": "≤37"
            }
          },
          "status": {
            "experimental": false,
            "standard_track": true,
            "deprecated": false
          }
        }
      },
      "value": {
        "__compat": {
          "mdn_url": "https://developer.mozilla.org/docs/Web/API/HTMLButtonElement/value",
          "support": {
            "chrome": {
              "version_added": "1"
            },
            "chrome_android": {
              "version_added": "18"
            },
            "edge": {
              "version_added": "12"
            },
            "firefox": {
              "version_added": "1"
            },
            "firefox_android": {
              "version_added": "4"
            },
            "ie": {
              "version_added": "5.5"
            },
            "opera": {
              "version_added": "≤12.1"
            },
            "opera_android": {
              "version_added": "≤12.1"
            },
            "safari": {
              "version_added": "3"
            },
            "safari_ios": {
              "version_added": "1"
            },
            "samsunginternet_android": {
              "version_added": "1.0"
            },
            "webview_android": {
              "version_added": "1"
            }
          },
          "status": {
            "experimental": false,
            "standard_track": true,
            "deprecated": false
          }
        }
      },
      "willValidate": {
        "__compat": {
          "mdn_url": "https://developer.mozilla.org/docs/Web/API/HTMLButtonElement/willValidate",
          "support": {
            "chrome": {
              "version_added": "1"
            },
            "chrome_android": {
              "version_added": "18"
            },
            "edge": {
              "version_added": "12"
            },
            "firefox": {
              "version_added": "4"
            },
            "firefox_android": {
              "version_added": "4"
            },
            "ie": {
              "version_added": "10"
            },
            "opera": {
              "version_added": "≤12.1"
            },
            "opera_android": {
              "version_added": "≤12.1"
            },
            "safari": {
              "version_added": "4"
            },
            "safari_ios": {
              "version_added": "3"
            },
            "samsunginternet_android": {
              "version_added": "1.0"
            },
            "webview_android": {
              "version_added": "1"
            }
          },
          "status": {
            "experimental": false,
            "standard_track": true,
            "deprecated": false
          }
        }
      }
    }
  }
}
