{
  "api": {
    "HTMLTimeElement": {
      "__compat": {
        "mdn_url": "https://developer.mozilla.org/docs/Web/API/HTMLTimeElement",
        "support": {
          "chrome": {
            "version_added": "62"
          },
          "chrome_android": {
            "version_added": "62"
          },
          "edge": {
            "version_added": "14"
          },
          "firefox": {
            "version_added": "22"
          },
          "firefox_android": {
            "version_added": "22"
          },
          "ie": {
            "version_added": false
          },
          "opera": [
            {
              "version_added": "49"
            },
            {
              "version_added": "11.5",
              "version_removed": "15"
            }
          ],
          "opera_android": [
            {
              "version_added": "46"
            },
            {
              "version_added": "11.5",
              "version_removed": "14"
            }
          ],
          "safari": {
            "version_added": "10"
          },
          "safari_ios": {
            "version_added": "10"
          },
          "samsunginternet_android": {
            "version_added": "8.0"
          },
          "webview_android": {
            "version_added": "62"
          }
        },
        "status": {
          "experimental": false,
          "standard_track": true,
          "deprecated": false
        }
      },
      "dateTime": {
        "__compat": {
          "mdn_url": "https://developer.mozilla.org/docs/Web/API/HTMLTimeElement/dateTime",
          "support": {
            "chrome": {
              "version_added": "62"
            },
            "chrome_android": {
              "version_added": "62"
            },
            "edge": {
              "version_added": "14"
            },
            "firefox": {
              "version_added": "22"
            },
            "firefox_android": {
              "version_added": "22"
            },
            "ie": {
              "version_added": false
            },
            "opera": [
              {
                "version_added": "49"
              },
              {
                "version_added": "11.5",
                "version_removed": "15"
              }
            ],
            "opera_android": [
              {
                "version_added": "46"
              },
              {
                "version_added": "11.5",
                "version_removed": "14"
              }
            ],
            "safari": {
              "version_added": "10"
            },
            "safari_ios": {
              "version_added": "10"
            },
            "samsunginternet_android": {
              "version_added": "8.0"
            },
            "webview_android": {
              "version_added": "62"
            }
          },
          "status": {
            "experimental": false,
            "standard_track": true,
            "deprecated": false
          }
        }
      }
    }
  }
}
