{
  "api": {
    "HTMLStyleElement": {
      "__compat": {
        "mdn_url": "https://developer.mozilla.org/docs/Web/API/HTMLStyleElement",
        "support": {
          "chrome": {
            "version_added": "1"
          },
          "chrome_android": {
            "version_added": "18"
          },
          "edge": {
            "version_added": "12"
          },
          "firefox": {
            "version_added": "1"
          },
          "firefox_android": {
            "version_added": "4"
          },
          "ie": {
            "version_added": "5.5"
          },
          "opera": {
            "version_added": "≤12.1"
          },
          "opera_android": {
            "version_added": "≤12.1"
          },
          "safari": {
            "version_added": "3"
          },
          "safari_ios": {
            "version_added": "1"
          },
          "samsunginternet_android": {
            "version_added": "1.0"
          },
          "webview_android": {
            "version_added": "1"
          }
        },
        "status": {
          "experimental": false,
          "standard_track": true,
          "deprecated": false
        }
      },
      "disabled": {
        "__compat": {
          "mdn_url": "https://developer.mozilla.org/docs/Web/API/HTMLStyleElement/disabled",
          "support": {
            "chrome": {
              "version_added": "1"
            },
            "chrome_android": {
              "version_added": "18"
            },
            "edge": {
              "version_added": "13"
            },
            "firefox": {
              "version_added": "1"
            },
            "firefox_android": {
              "version_added": "4"
            },
            "ie": {
              "version_added": "5.5"
            },
            "opera": {
              "version_added": "≤12.1"
            },
            "opera_android": {
              "version_added": "≤12.1"
            },
            "safari": {
              "version_added": "3"
            },
            "safari_ios": {
              "version_added": "1"
            },
            "samsunginternet_android": {
              "version_added": "1.0"
            },
            "webview_android": {
              "version_added": "1"
            }
          },
          "status": {
            "experimental": false,
            "standard_track": true,
            "deprecated": false
          }
        }
      },
      "media": {
        "__compat": {
          "mdn_url": "https://developer.mozilla.org/docs/Web/API/HTMLStyleElement/media",
          "support": {
            "chrome": {
              "version_added": "1"
            },
            "chrome_android": {
              "version_added": "18"
            },
            "edge": {
              "version_added": "12"
            },
            "firefox": {
              "version_added": "1"
            },
            "firefox_android": {
              "version_added": "4"
            },
            "ie": {
              "version_added": "5.5"
            },
            "opera": {
              "version_added": "≤12.1"
            },
            "opera_android": {
              "version_added": "≤12.1"
            },
            "safari": {
              "version_added": "3"
            },
            "safari_ios": {
              "version_added": "1"
            },
            "samsunginternet_android": {
              "version_added": "1.0"
            },
            "webview_android": {
              "version_added": "1"
            }
          },
          "status": {
            "experimental": false,
            "standard_track": true,
            "deprecated": false
          }
        }
      },
      "scoped": {
        "__compat": {
          "mdn_url": "https://developer.mozilla.org/docs/Web/API/HTMLStyleElement/scoped",
          "support": {
            "chrome": {
              "version_added": "19",
              "version_removed": "35",
              "flags": [
                {
                  "type": "preference",
                  "name": "Enable &lt;style scoped&gt;",
                  "value_to_set": "true"
                }
              ]
            },
            "chrome_android": {
              "version_added": false
            },
            "edge": {
              "version_added": false
            },
            "firefox": [
              {
                "version_added": "55",
                "version_removed": "61",
                "flags": [
                  {
                    "type": "preference",
                    "name": "layout.css.scoped-style.enabled",
                    "value_to_set": "true"
                  }
                ],
                "notes": "This property was hidden behind a pref because no other browsers support it (See <a href='https://bugzil.la/1291515'>bug 1291515</a>)."
              },
              {
                "version_added": "21",
                "version_removed": "55"
              }
            ],
            "firefox_android": [
              {
                "version_added": "55",
                "version_removed": "61",
                "flags": [
                  {
                    "type": "preference",
                    "name": "layout.css.scoped-style.enabled",
                    "value_to_set": "true"
                  }
                ],
                "notes": "This property was hidden behind a pref because no other browsers support it (See <a href='https://bugzil.la/1291515'>bug 1291515</a>)."
              },
              {
                "version_added": "21",
                "version_removed": "55"
              }
            ],
            "ie": {
              "version_added": false
            },
            "opera": {
              "version_added": false
            },
            "opera_android": {
              "version_added": false
            },
            "safari": {
              "version_added": false
            },
            "safari_ios": {
              "version_added": false
            },
            "samsunginternet_android": {
              "version_added": false
            },
            "webview_android": {
              "version_added": false
            }
          },
          "status": {
            "experimental": false,
            "standard_track": false,
            "deprecated": true
          }
        }
      },
      "sheet": {
        "__compat": {
          "mdn_url": "https://developer.mozilla.org/docs/Web/API/HTMLStyleElement/sheet",
          "support": {
            "chrome": {
              "version_added": "1"
            },
            "chrome_android": {
              "version_added": "18"
            },
            "edge": {
              "version_added": "12"
            },
            "firefox": {
              "version_added": "1"
            },
            "firefox_android": {
              "version_added": "4"
            },
            "ie": {
              "version_added": "9"
            },
            "opera": {
              "version_added": "≤12.1"
            },
            "opera_android": {
              "version_added": "≤12.1"
            },
            "safari": {
              "version_added": "3"
            },
            "safari_ios": {
              "version_added": "1"
            },
            "samsunginternet_android": {
              "version_added": "1.0"
            },
            "webview_android": {
              "version_added": "1"
            }
          },
          "status": {
            "experimental": false,
            "standard_track": true,
            "deprecated": false
          }
        }
      },
      "type": {
        "__compat": {
          "mdn_url": "https://developer.mozilla.org/docs/Web/API/HTMLStyleElement/type",
          "support": {
            "chrome": {
              "version_added": "1"
            },
            "chrome_android": {
              "version_added": "18"
            },
            "edge": {
              "version_added": "12"
            },
            "firefox": {
              "version_added": "1"
            },
            "firefox_android": {
              "version_added": "4"
            },
            "ie": {
              "version_added": "5.5"
            },
            "opera": {
              "version_added": "≤12.1"
            },
            "opera_android": {
              "version_added": "≤12.1"
            },
            "safari": {
              "version_added": "3"
            },
            "safari_ios": {
              "version_added": "1"
            },
            "samsunginternet_android": {
              "version_added": "1.0"
            },
            "webview_android": {
              "version_added": "1"
            }
          },
          "status": {
            "experimental": false,
            "standard_track": true,
            "deprecated": true
          }
        }
      }
    }
  }
}
