{
  "api": {
    "HTMLSourceElement": {
      "__compat": {
        "mdn_url": "https://developer.mozilla.org/docs/Web/API/HTMLSourceElement",
        "support": {
          "chrome": {
            "version_added": "1"
          },
          "chrome_android": {
            "version_added": "18"
          },
          "edge": {
            "version_added": "12"
          },
          "firefox": {
            "version_added": "3.5"
          },
          "firefox_android": {
            "version_added": "4"
          },
          "ie": {
            "version_added": "9"
          },
          "opera": {
            "version_added": "≤12.1"
          },
          "opera_android": {
            "version_added": "≤12.1"
          },
          "safari": {
            "version_added": "3.1"
          },
          "safari_ios": {
            "version_added": "2"
          },
          "samsunginternet_android": {
            "version_added": "1.0"
          },
          "webview_android": {
            "version_added": "1"
          }
        },
        "status": {
          "experimental": false,
          "standard_track": true,
          "deprecated": false
        }
      },
      "keySystem": {
        "__compat": {
          "mdn_url": "https://developer.mozilla.org/docs/Web/API/HTMLSourceElement/keySystem",
          "support": {
            "chrome": {
              "version_added": true
            },
            "chrome_android": {
              "version_added": true
            },
            "edge": {
              "version_added": "≤18"
            },
            "firefox": {
              "version_added": true,
              "flags": [
                {
                  "type": "preference",
                  "name": "media.eme.enabled",
                  "value_to_set": "true"
                }
              ]
            },
            "firefox_android": {
              "version_added": true,
              "flags": [
                {
                  "type": "preference",
                  "name": "media.eme.enabled",
                  "value_to_set": "true"
                }
              ]
            },
            "ie": {
              "version_added": false
            },
            "opera": {
              "version_added": null
            },
            "safari": {
              "version_added": false
            },
            "safari_ios": {
              "version_added": false
            },
            "samsunginternet_android": {
              "version_added": true
            },
            "webview_android": {
              "version_added": true
            }
          },
          "status": {
            "experimental": true,
            "standard_track": false,
            "deprecated": true
          }
        }
      },
      "media": {
        "__compat": {
          "mdn_url": "https://developer.mozilla.org/docs/Web/API/HTMLSourceElement/media",
          "support": {
            "chrome": {
              "version_added": "1"
            },
            "chrome_android": {
              "version_added": "18"
            },
            "edge": {
              "version_added": "12"
            },
            "firefox": {
              "version_added": "3.5"
            },
            "firefox_android": {
              "version_added": "4"
            },
            "ie": {
              "version_added": "9"
            },
            "opera": {
              "version_added": "≤12.1"
            },
            "opera_android": {
              "version_added": "≤12.1"
            },
            "safari": {
              "version_added": "3.1"
            },
            "safari_ios": {
              "version_added": "2"
            },
            "samsunginternet_android": {
              "version_added": "1.0"
            },
            "webview_android": {
              "version_added": "1"
            }
          },
          "status": {
            "experimental": false,
            "standard_track": true,
            "deprecated": false
          }
        }
      },
      "sizes": {
        "__compat": {
          "mdn_url": "https://developer.mozilla.org/docs/Web/API/HTMLSourceElement/sizes",
          "support": {
            "chrome": {
              "version_added": "36"
            },
            "chrome_android": {
              "version_added": "36"
            },
            "edge": {
              "version_added": "13"
            },
            "firefox": [
              {
                "version_added": "38"
              },
              {
                "version_added": "33",
                "flags": [
                  {
                    "type": "preference",
                    "name": "dom.image.picture.enabled",
                    "value_to_set": "true"
                  }
                ]
              }
            ],
            "firefox_android": [
              {
                "version_added": "38"
              },
              {
                "version_added": "33",
                "flags": [
                  {
                    "type": "preference",
                    "name": "dom.image.picture.enabled",
                    "value_to_set": "true"
                  }
                ]
              }
            ],
            "ie": {
              "version_added": false
            },
            "opera": {
              "version_added": "23"
            },
            "opera_android": {
              "version_added": "24"
            },
            "safari": {
              "version_added": "10.1"
            },
            "safari_ios": {
              "version_added": "10.3"
            },
            "samsunginternet_android": {
              "version_added": "3.0"
            },
            "webview_android": {
              "version_added": "37"
            }
          },
          "status": {
            "experimental": true,
            "standard_track": true,
            "deprecated": false
          }
        }
      },
      "src": {
        "__compat": {
          "mdn_url": "https://developer.mozilla.org/docs/Web/API/HTMLSourceElement/src",
          "support": {
            "chrome": {
              "version_added": "1"
            },
            "chrome_android": {
              "version_added": "18"
            },
            "edge": {
              "version_added": "12"
            },
            "firefox": {
              "version_added": "3.5"
            },
            "firefox_android": {
              "version_added": "4"
            },
            "ie": {
              "version_added": "9"
            },
            "opera": {
              "version_added": "≤12.1"
            },
            "opera_android": {
              "version_added": "≤12.1"
            },
            "safari": {
              "version_added": "3.1"
            },
            "safari_ios": {
              "version_added": "2"
            },
            "samsunginternet_android": {
              "version_added": "1.0"
            },
            "webview_android": {
              "version_added": "1"
            }
          },
          "status": {
            "experimental": false,
            "standard_track": true,
            "deprecated": false
          }
        }
      },
      "srcset": {
        "__compat": {
          "mdn_url": "https://developer.mozilla.org/docs/Web/API/HTMLSourceElement/srcset",
          "support": {
            "chrome": {
              "version_added": "38"
            },
            "chrome_android": {
              "version_added": "38"
            },
            "edge": {
              "version_added": "13"
            },
            "firefox": [
              {
                "version_added": "38"
              },
              {
                "version_added": "33",
                "flags": [
                  {
                    "type": "preference",
                    "name": "dom.image.picture.enabled",
                    "value_to_set": "true"
                  }
                ]
              }
            ],
            "firefox_android": [
              {
                "version_added": "38"
              },
              {
                "version_added": "33",
                "flags": [
                  {
                    "type": "preference",
                    "name": "dom.image.picture.enabled",
                    "value_to_set": "true"
                  }
                ]
              }
            ],
            "ie": {
              "version_added": false
            },
            "opera": {
              "version_added": "25"
            },
            "opera_android": {
              "version_added": "25"
            },
            "safari": {
              "version_added": "10.1"
            },
            "safari_ios": {
              "version_added": "10.3"
            },
            "samsunginternet_android": {
              "version_added": "3.0"
            },
            "webview_android": {
              "version_added": "38"
            }
          },
          "status": {
            "experimental": true,
            "standard_track": true,
            "deprecated": false
          }
        }
      },
      "type": {
        "__compat": {
          "mdn_url": "https://developer.mozilla.org/docs/Web/API/HTMLSourceElement/type",
          "support": {
            "chrome": {
              "version_added": "1"
            },
            "chrome_android": {
              "version_added": "18"
            },
            "edge": {
              "version_added": "12"
            },
            "firefox": {
              "version_added": "3.5"
            },
            "firefox_android": {
              "version_added": "4"
            },
            "ie": {
              "version_added": "9"
            },
            "opera": {
              "version_added": "≤12.1"
            },
            "opera_android": {
              "version_added": "≤12.1"
            },
            "safari": {
              "version_added": "3.1"
            },
            "safari_ios": {
              "version_added": "2"
            },
            "samsunginternet_android": {
              "version_added": "1.0"
            },
            "webview_android": {
              "version_added": "1"
            }
          },
          "status": {
            "experimental": false,
            "standard_track": true,
            "deprecated": false
          }
        }
      }
    }
  }
}
