{
  "api": {
    "HTMLSelectElement": {
      "__compat": {
        "mdn_url": "https://developer.mozilla.org/docs/Web/API/HTMLSelectElement",
        "support": {
          "chrome": {
            "version_added": "1"
          },
          "chrome_android": {
            "version_added": "18"
          },
          "edge": {
            "version_added": "12"
          },
          "firefox": {
            "version_added": "1",
            "notes": "You should watch for <a href='https://developer.mozilla.org/docs/Web/Events/change'>change</a> events on <a href='https://developer.mozilla.org/docs/Web/HTML/Element/select'><code>&lt;select&gt;</code></a> instead of watching <code>&lt;option&gt;</code> elements for events. See <a href='https://bugzil.la/1090602'>bug 1090602</a> and <a href='https://developer.mozilla.org/docs/Mozilla/Firefox/Multiprocess_Firefox/Web_content_compatibility'>Multiprocess Firefox Web content compatibility</a> for details."
          },
          "firefox_android": {
            "version_added": "4"
          },
          "ie": {
            "version_added": "1"
          },
          "opera": {
            "version_added": "2"
          },
          "opera_android": {
            "version_added": "10.1"
          },
          "safari": {
            "version_added": "1"
          },
          "safari_ios": {
            "version_added": "1"
          },
          "samsunginternet_android": {
            "version_added": "1.0"
          },
          "webview_android": {
            "version_added": "1"
          }
        },
        "status": {
          "experimental": false,
          "standard_track": true,
          "deprecated": false
        }
      },
      "add": {
        "__compat": {
          "mdn_url": "https://developer.mozilla.org/docs/Web/API/HTMLSelectElement/add",
          "support": {
            "chrome": {
              "version_added": "1"
            },
            "chrome_android": {
              "version_added": "18"
            },
            "edge": {
              "version_added": "12"
            },
            "firefox": {
              "version_added": "1"
            },
            "firefox_android": {
              "version_added": "4"
            },
            "ie": {
              "version_added": "5.5"
            },
            "opera": {
              "version_added": "≤12.1"
            },
            "opera_android": {
              "version_added": "≤12.1"
            },
            "safari": {
              "version_added": "3"
            },
            "safari_ios": {
              "version_added": "1"
            },
            "samsunginternet_android": {
              "version_added": "1.0"
            },
            "webview_android": {
              "version_added": "1"
            }
          },
          "status": {
            "experimental": false,
            "standard_track": true,
            "deprecated": false
          }
        },
        "index_before_parameter": {
          "__compat": {
            "description": "Index as <code>before</code> parameter",
            "support": {
              "chrome": {
                "version_added": true
              },
              "chrome_android": {
                "version_added": true
              },
              "edge": {
                "version_added": "12"
              },
              "firefox": {
                "version_added": "7"
              },
              "firefox_android": {
                "version_added": "7"
              },
              "ie": {
                "version_added": true
              },
              "opera": {
                "version_added": true
              },
              "opera_android": {
                "version_added": true
              },
              "safari": {
                "version_added": true
              },
              "safari_ios": {
                "version_added": true
              },
              "samsunginternet_android": {
                "version_added": true
              },
              "webview_android": {
                "version_added": true
              }
            },
            "status": {
              "experimental": false,
              "standard_track": true,
              "deprecated": false
            }
          }
        }
      },
      "autocomplete": {
        "__compat": {
          "mdn_url": "https://developer.mozilla.org/docs/Web/API/HTMLSelectElement/autocomplete",
          "support": {
            "chrome": {
              "version_added": "66"
            },
            "chrome_android": {
              "version_added": "66"
            },
            "edge": {
              "version_added": "79"
            },
            "firefox": {
              "version_added": "59"
            },
            "firefox_android": {
              "version_added": "59"
            },
            "ie": {
              "version_added": false
            },
            "opera": [
              {
                "version_added": "53"
              },
              {
                "version_added": "≤12.1",
                "version_removed": "15"
              }
            ],
            "opera_android": [
              {
                "version_added": "47"
              },
              {
                "version_added": "≤12.1",
                "version_removed": "14"
              }
            ],
            "safari": {
              "version_added": "9"
            },
            "safari_ios": {
              "version_added": "9"
            },
            "samsunginternet_android": {
              "version_added": "9.0"
            },
            "webview_android": {
              "version_added": "66"
            }
          },
          "status": {
            "experimental": false,
            "standard_track": true,
            "deprecated": false
          }
        }
      },
      "autofocus": {
        "__compat": {
          "mdn_url": "https://developer.mozilla.org/docs/Web/API/HTMLSelectElement/autofocus",
          "support": {
            "chrome": {
              "version_added": "1"
            },
            "chrome_android": {
              "version_added": "18"
            },
            "edge": {
              "version_added": "12"
            },
            "firefox": {
              "version_added": "4"
            },
            "firefox_android": {
              "version_added": "4"
            },
            "ie": {
              "version_added": "10"
            },
            "opera": {
              "version_added": "≤12.1"
            },
            "opera_android": {
              "version_added": "≤12.1"
            },
            "safari": {
              "version_added": "4"
            },
            "safari_ios": {
              "version_added": "3.2"
            },
            "samsunginternet_android": {
              "version_added": "1.0"
            },
            "webview_android": {
              "version_added": "1"
            }
          },
          "status": {
            "experimental": false,
            "standard_track": true,
            "deprecated": false
          }
        }
      },
      "blur": {
        "__compat": {
          "mdn_url": "https://developer.mozilla.org/docs/Web/API/HTMLSelectElement/blur",
          "support": {
            "chrome": {
              "version_added": "1"
            },
            "chrome_android": {
              "version_added": "18"
            },
            "edge": {
              "version_added": null
            },
            "firefox": {
              "version_added": "1"
            },
            "firefox_android": {
              "version_added": "4"
            },
            "ie": {
              "version_added": "5"
            },
            "opera": {
              "version_added": "≤12.1"
            },
            "opera_android": {
              "version_added": "≤12.1"
            },
            "safari": {
              "version_added": "1"
            },
            "safari_ios": {
              "version_added": "1"
            },
            "samsunginternet_android": {
              "version_added": "1.0"
            },
            "webview_android": {
              "version_added": "1"
            }
          },
          "status": {
            "experimental": false,
            "standard_track": true,
            "deprecated": false
          }
        }
      },
      "checkValidity": {
        "__compat": {
          "mdn_url": "https://developer.mozilla.org/docs/Web/API/HTMLSelectElement/checkValidity",
          "support": {
            "chrome": {
              "version_added": "4"
            },
            "chrome_android": {
              "version_added": "18"
            },
            "edge": {
              "version_added": "12"
            },
            "firefox": {
              "version_added": "4"
            },
            "firefox_android": {
              "version_added": "4"
            },
            "ie": {
              "version_added": "10"
            },
            "opera": {
              "version_added": "9"
            },
            "opera_android": {
              "version_added": "10.1"
            },
            "safari": {
              "version_added": "5"
            },
            "safari_ios": {
              "version_added": "4"
            },
            "samsunginternet_android": {
              "version_added": "1.0"
            },
            "webview_android": {
              "version_added": "≤37"
            }
          },
          "status": {
            "experimental": false,
            "standard_track": true,
            "deprecated": false
          }
        }
      },
      "disabled": {
        "__compat": {
          "mdn_url": "https://developer.mozilla.org/docs/Web/API/HTMLSelectElement/disabled",
          "support": {
            "chrome": {
              "version_added": "1"
            },
            "chrome_android": {
              "version_added": "18"
            },
            "edge": {
              "version_added": "12"
            },
            "firefox": {
              "version_added": "1"
            },
            "firefox_android": {
              "version_added": "4"
            },
            "ie": {
              "version_added": "5.5"
            },
            "opera": {
              "version_added": "9"
            },
            "opera_android": {
              "version_added": "10.1"
            },
            "safari": {
              "version_added": "3"
            },
            "safari_ios": {
              "version_added": "1"
            },
            "samsunginternet_android": {
              "version_added": "1.0"
            },
            "webview_android": {
              "version_added": "1"
            }
          },
          "status": {
            "experimental": false,
            "standard_track": true,
            "deprecated": false
          }
        }
      },
      "focus": {
        "__compat": {
          "mdn_url": "https://developer.mozilla.org/docs/Web/API/HTMLSelectElement/focus",
          "support": {
            "chrome": {
              "version_added": "1"
            },
            "chrome_android": {
              "version_added": "18"
            },
            "edge": {
              "version_added": null
            },
            "firefox": {
              "version_added": "1"
            },
            "firefox_android": {
              "version_added": "4"
            },
            "ie": {
              "version_added": "5"
            },
            "opera": {
              "version_added": "≤12.1"
            },
            "opera_android": {
              "version_added": "≤12.1"
            },
            "safari": {
              "version_added": "1"
            },
            "safari_ios": {
              "version_added": "1"
            },
            "samsunginternet_android": {
              "version_added": "1.0"
            },
            "webview_android": {
              "version_added": "1"
            }
          },
          "status": {
            "experimental": false,
            "standard_track": true,
            "deprecated": false
          }
        }
      },
      "form": {
        "__compat": {
          "mdn_url": "https://developer.mozilla.org/docs/Web/API/HTMLSelectElement/form",
          "support": {
            "chrome": {
              "version_added": "1"
            },
            "chrome_android": {
              "version_added": "18"
            },
            "edge": {
              "version_added": "12"
            },
            "firefox": {
              "version_added": "1"
            },
            "firefox_android": {
              "version_added": "4"
            },
            "ie": {
              "version_added": "5.5"
            },
            "opera": {
              "version_added": "≤12.1"
            },
            "opera_android": {
              "version_added": "≤12.1"
            },
            "safari": {
              "version_added": "3"
            },
            "safari_ios": {
              "version_added": "1"
            },
            "samsunginternet_android": {
              "version_added": "1.0"
            },
            "webview_android": {
              "version_added": "1"
            }
          },
          "status": {
            "experimental": false,
            "standard_track": true,
            "deprecated": false
          }
        }
      },
      "item": {
        "__compat": {
          "mdn_url": "https://developer.mozilla.org/docs/Web/API/HTMLSelectElement/item",
          "support": {
            "chrome": {
              "version_added": "1"
            },
            "chrome_android": {
              "version_added": "18"
            },
            "edge": {
              "version_added": "12"
            },
            "firefox": {
              "version_added": "1"
            },
            "firefox_android": {
              "version_added": "4"
            },
            "ie": {
              "version_added": "5.5"
            },
            "opera": {
              "version_added": "≤12.1"
            },
            "opera_android": {
              "version_added": "≤12.1"
            },
            "safari": {
              "version_added": "3"
            },
            "safari_ios": {
              "version_added": "1"
            },
            "samsunginternet_android": {
              "version_added": "1.0"
            },
            "webview_android": {
              "version_added": "1"
            }
          },
          "status": {
            "experimental": false,
            "standard_track": true,
            "deprecated": false
          }
        }
      },
      "labels": {
        "__compat": {
          "mdn_url": "https://developer.mozilla.org/docs/Web/API/HTMLSelectElement/labels",
          "support": {
            "chrome": {
              "version_added": "6"
            },
            "chrome_android": {
              "version_added": "18"
            },
            "edge": {
              "version_added": "18"
            },
            "firefox": {
              "version_added": "56"
            },
            "firefox_android": {
              "version_added": "56"
            },
            "ie": {
              "version_added": false
            },
            "opera": {
              "version_added": "≤12.1"
            },
            "opera_android": {
              "version_added": "≤12.1"
            },
            "safari": {
              "version_added": "5.1"
            },
            "safari_ios": {
              "version_added": "5"
            },
            "samsunginternet_android": {
              "version_added": "1.0"
            },
            "webview_android": {
              "version_added": "≤37"
            }
          },
          "status": {
            "experimental": false,
            "standard_track": true,
            "deprecated": false
          }
        }
      },
      "length": {
        "__compat": {
          "mdn_url": "https://developer.mozilla.org/docs/Web/API/HTMLSelectElement/length",
          "support": {
            "chrome": {
              "version_added": "1"
            },
            "chrome_android": {
              "version_added": "18"
            },
            "edge": {
              "version_added": "12"
            },
            "firefox": {
              "version_added": "1"
            },
            "firefox_android": {
              "version_added": "4"
            },
            "ie": {
              "version_added": "5.5"
            },
            "opera": {
              "version_added": "≤12.1"
            },
            "opera_android": {
              "version_added": "≤12.1"
            },
            "safari": {
              "version_added": "3"
            },
            "safari_ios": {
              "version_added": "1"
            },
            "samsunginternet_android": {
              "version_added": "1.0"
            },
            "webview_android": {
              "version_added": "1"
            }
          },
          "status": {
            "experimental": false,
            "standard_track": true,
            "deprecated": false
          }
        }
      },
      "multiple": {
        "__compat": {
          "mdn_url": "https://developer.mozilla.org/docs/Web/API/HTMLSelectElement/multiple",
          "support": {
            "chrome": {
              "version_added": "1"
            },
            "chrome_android": {
              "version_added": "18"
            },
            "edge": {
              "version_added": "12"
            },
            "firefox": {
              "version_added": "1"
            },
            "firefox_android": {
              "version_added": "4"
            },
            "ie": {
              "version_added": "5.5"
            },
            "opera": {
              "version_added": "≤12.1"
            },
            "opera_android": {
              "version_added": "≤12.1"
            },
            "safari": {
              "version_added": "3"
            },
            "safari_ios": {
              "version_added": "1"
            },
            "samsunginternet_android": {
              "version_added": "1.0"
            },
            "webview_android": {
              "version_added": "1"
            }
          },
          "status": {
            "experimental": false,
            "standard_track": true,
            "deprecated": false
          }
        }
      },
      "name": {
        "__compat": {
          "mdn_url": "https://developer.mozilla.org/docs/Web/API/HTMLSelectElement/name",
          "support": {
            "chrome": {
              "version_added": "1"
            },
            "chrome_android": {
              "version_added": "18"
            },
            "edge": {
              "version_added": "12"
            },
            "firefox": {
              "version_added": "1"
            },
            "firefox_android": {
              "version_added": "4"
            },
            "ie": {
              "version_added": "5.5"
            },
            "opera": {
              "version_added": "≤12.1"
            },
            "opera_android": {
              "version_added": "≤12.1"
            },
            "safari": {
              "version_added": "3"
            },
            "safari_ios": {
              "version_added": "1"
            },
            "samsunginternet_android": {
              "version_added": "1.0"
            },
            "webview_android": {
              "version_added": "1"
            }
          },
          "status": {
            "experimental": false,
            "standard_track": true,
            "deprecated": false
          }
        }
      },
      "namedItem": {
        "__compat": {
          "mdn_url": "https://developer.mozilla.org/docs/Web/API/HTMLSelectElement/namedItem",
          "support": {
            "chrome": {
              "version_added": "1"
            },
            "chrome_android": {
              "version_added": "18"
            },
            "edge": {
              "version_added": "12",
              "notes": "<code>namedItem</code> does not appear to take the <code>name</code> attribute into account (only the <code>id</code> attribute) on Internet Explorer and Edge. There is a <a href='https://connect.microsoft.com/IE/feedbackdetail/view/2414092/'>bug report</a> to Microsoft about this."
            },
            "firefox": {
              "version_added": "1"
            },
            "firefox_android": {
              "version_added": "4"
            },
            "ie": {
              "version_added": "6",
              "notes": "<code>namedItem</code> does not appear to take the <code>name</code> attribute into account (only the <code>id</code> attribute) on Internet Explorer and Edge. There is a <a href='https://connect.microsoft.com/IE/feedbackdetail/view/2414092/'>bug report</a> to Microsoft about this."
            },
            "opera": {
              "version_added": "≤12.1"
            },
            "opera_android": {
              "version_added": "≤12.1"
            },
            "safari": {
              "version_added": "3"
            },
            "safari_ios": {
              "version_added": "1"
            },
            "samsunginternet_android": {
              "version_added": "1.0"
            },
            "webview_android": {
              "version_added": "1"
            }
          },
          "status": {
            "experimental": false,
            "standard_track": true,
            "deprecated": false
          }
        }
      },
      "options": {
        "__compat": {
          "mdn_url": "https://developer.mozilla.org/docs/Web/API/HTMLSelectElement/options",
          "support": {
            "chrome": {
              "version_added": "1"
            },
            "chrome_android": {
              "version_added": "18"
            },
            "edge": {
              "version_added": "12"
            },
            "firefox": {
              "version_added": "1"
            },
            "firefox_android": {
              "version_added": "4"
            },
            "ie": {
              "version_added": "5.5"
            },
            "opera": {
              "version_added": "≤12.1"
            },
            "opera_android": {
              "version_added": "≤12.1"
            },
            "safari": {
              "version_added": "3"
            },
            "safari_ios": {
              "version_added": "1"
            },
            "samsunginternet_android": {
              "version_added": "1.0"
            },
            "webview_android": {
              "version_added": "1"
            }
          },
          "status": {
            "experimental": false,
            "standard_track": true,
            "deprecated": false
          }
        }
      },
      "remove": {
        "__compat": {
          "mdn_url": "https://developer.mozilla.org/docs/Web/API/HTMLSelectElement/remove",
          "support": {
            "chrome": {
              "version_added": "1"
            },
            "chrome_android": {
              "version_added": "18"
            },
            "edge": {
              "version_added": "12"
            },
            "firefox": {
              "version_added": "1"
            },
            "firefox_android": {
              "version_added": "4"
            },
            "ie": {
              "version_added": "5.5"
            },
            "opera": {
              "version_added": "≤12.1"
            },
            "opera_android": {
              "version_added": "≤12.1"
            },
            "safari": {
              "version_added": "3"
            },
            "safari_ios": {
              "version_added": "1"
            },
            "samsunginternet_android": {
              "version_added": "1.0"
            },
            "webview_android": {
              "version_added": "1"
            }
          },
          "status": {
            "experimental": false,
            "standard_track": true,
            "deprecated": false
          }
        }
      },
      "reportValidity": {
        "__compat": {
          "mdn_url": "https://developer.mozilla.org/docs/Web/API/HTMLSelectElement/reportValidity",
          "support": {
            "chrome": {
              "version_added": "40"
            },
            "chrome_android": {
              "version_added": "40"
            },
            "edge": {
              "version_added": "17"
            },
            "firefox": {
              "version_added": "49"
            },
            "firefox_android": {
              "version_added": "64"
            },
            "ie": {
              "version_added": false
            },
            "opera": {
              "version_added": "27"
            },
            "opera_android": {
              "version_added": "27"
            },
            "safari": {
              "version_added": "10.1"
            },
            "safari_ios": {
              "version_added": "10.3"
            },
            "samsunginternet_android": {
              "version_added": "4.0"
            },
            "webview_android": {
              "version_added": "40"
            }
          },
          "status": {
            "experimental": false,
            "standard_track": true,
            "deprecated": false
          }
        }
      },
      "required": {
        "__compat": {
          "mdn_url": "https://developer.mozilla.org/docs/Web/API/HTMLSelectElement/required",
          "support": {
            "chrome": {
              "version_added": "10"
            },
            "chrome_android": {
              "version_added": "18"
            },
            "edge": {
              "version_added": "12"
            },
            "firefox": {
              "version_added": "4"
            },
            "firefox_android": {
              "version_added": "4"
            },
            "ie": {
              "version_added": "10"
            },
            "opera": {
              "version_added": "≤12.1"
            },
            "opera_android": {
              "version_added": "≤12.1"
            },
            "safari": {
              "version_added": "5.1"
            },
            "safari_ios": {
              "version_added": "5"
            },
            "samsunginternet_android": {
              "version_added": "1.0"
            },
            "webview_android": {
              "version_added": "≤37"
            }
          },
          "status": {
            "experimental": false,
            "standard_track": true,
            "deprecated": false
          }
        }
      },
      "selectedIndex": {
        "__compat": {
          "mdn_url": "https://developer.mozilla.org/docs/Web/API/HTMLSelectElement/selectedIndex",
          "support": {
            "chrome": {
              "version_added": "1"
            },
            "chrome_android": {
              "version_added": "18"
            },
            "edge": {
              "version_added": "12"
            },
            "firefox": {
              "version_added": "1"
            },
            "firefox_android": {
              "version_added": "4"
            },
            "ie": {
              "version_added": "5.5"
            },
            "opera": {
              "version_added": "≤12.1"
            },
            "opera_android": {
              "version_added": "≤12.1"
            },
            "safari": {
              "version_added": "3"
            },
            "safari_ios": {
              "version_added": "1"
            },
            "samsunginternet_android": {
              "version_added": "1.0"
            },
            "webview_android": {
              "version_added": "1"
            }
          },
          "status": {
            "experimental": false,
            "standard_track": true,
            "deprecated": false
          }
        }
      },
      "selectedOptions": {
        "__compat": {
          "mdn_url": "https://developer.mozilla.org/docs/Web/API/HTMLSelectElement/selectedOptions",
          "support": {
            "chrome": {
              "version_added": "19"
            },
            "chrome_android": {
              "version_added": "25"
            },
            "edge": {
              "version_added": "12"
            },
            "firefox": {
              "version_added": "26"
            },
            "firefox_android": {
              "version_added": "26"
            },
            "ie": {
              "version_added": false
            },
            "opera": {
              "version_added": "9"
            },
            "opera_android": {
              "version_added": "10.1"
            },
            "safari": {
              "version_added": "6"
            },
            "safari_ios": {
              "version_added": "6"
            },
            "samsunginternet_android": {
              "version_added": "1.5"
            },
            "webview_android": {
              "version_added": "≤37"
            }
          },
          "status": {
            "experimental": false,
            "standard_track": true,
            "deprecated": false
          }
        }
      },
      "setCustomValidity": {
        "__compat": {
          "mdn_url": "https://developer.mozilla.org/docs/Web/API/HTMLSelectElement/setCustomValidity",
          "support": {
            "chrome": {
              "version_added": "4"
            },
            "chrome_android": {
              "version_added": "18"
            },
            "edge": {
              "version_added": "12"
            },
            "firefox": {
              "version_added": "4"
            },
            "firefox_android": {
              "version_added": "4"
            },
            "ie": {
              "version_added": "10"
            },
            "opera": {
              "version_added": "≤12.1"
            },
            "opera_android": {
              "version_added": "≤12.1"
            },
            "safari": {
              "version_added": "5"
            },
            "safari_ios": {
              "version_added": "4"
            },
            "samsunginternet_android": {
              "version_added": "1.0"
            },
            "webview_android": {
              "version_added": "≤37"
            }
          },
          "status": {
            "experimental": false,
            "standard_track": true,
            "deprecated": false
          }
        }
      },
      "size": {
        "__compat": {
          "mdn_url": "https://developer.mozilla.org/docs/Web/API/HTMLSelectElement/size",
          "support": {
            "chrome": {
              "version_added": "1"
            },
            "chrome_android": {
              "version_added": "18"
            },
            "edge": {
              "version_added": "12"
            },
            "firefox": {
              "version_added": "1"
            },
            "firefox_android": {
              "version_added": "4"
            },
            "ie": {
              "version_added": "5.5"
            },
            "opera": {
              "version_added": "≤12.1"
            },
            "opera_android": {
              "version_added": "≤12.1"
            },
            "safari": {
              "version_added": "3"
            },
            "safari_ios": {
              "version_added": "1"
            },
            "samsunginternet_android": {
              "version_added": "1.0"
            },
            "webview_android": {
              "version_added": "1"
            }
          },
          "status": {
            "experimental": false,
            "standard_track": true,
            "deprecated": false
          }
        }
      },
      "type": {
        "__compat": {
          "mdn_url": "https://developer.mozilla.org/docs/Web/API/HTMLSelectElement/type",
          "support": {
            "chrome": {
              "version_added": "1"
            },
            "chrome_android": {
              "version_added": "18"
            },
            "edge": {
              "version_added": "12"
            },
            "firefox": {
              "version_added": "1"
            },
            "firefox_android": {
              "version_added": "4"
            },
            "ie": {
              "version_added": "1"
            },
            "opera": {
              "version_added": "2"
            },
            "opera_android": {
              "version_added": "10.1"
            },
            "safari": {
              "version_added": "3"
            },
            "safari_ios": {
              "version_added": "1"
            },
            "samsunginternet_android": {
              "version_added": "1.0"
            },
            "webview_android": {
              "version_added": "1"
            }
          },
          "status": {
            "experimental": false,
            "standard_track": true,
            "deprecated": false
          }
        }
      },
      "validationMessage": {
        "__compat": {
          "mdn_url": "https://developer.mozilla.org/docs/Web/API/HTMLSelectElement/validationMessage",
          "support": {
            "chrome": {
              "version_added": "4"
            },
            "chrome_android": {
              "version_added": "18"
            },
            "edge": {
              "version_added": "12"
            },
            "firefox": {
              "version_added": "4"
            },
            "firefox_android": {
              "version_added": "4"
            },
            "ie": {
              "version_added": "10"
            },
            "opera": {
              "version_added": "≤12.1"
            },
            "opera_android": {
              "version_added": "≤12.1"
            },
            "safari": {
              "version_added": "5"
            },
            "safari_ios": {
              "version_added": "4"
            },
            "samsunginternet_android": {
              "version_added": "1.0"
            },
            "webview_android": {
              "version_added": "≤37"
            }
          },
          "status": {
            "experimental": false,
            "standard_track": true,
            "deprecated": false
          }
        }
      },
      "validity": {
        "__compat": {
          "mdn_url": "https://developer.mozilla.org/docs/Web/API/HTMLSelectElement/validity",
          "support": {
            "chrome": {
              "version_added": "3"
            },
            "chrome_android": {
              "version_added": "18"
            },
            "edge": {
              "version_added": "12"
            },
            "firefox": {
              "version_added": "4"
            },
            "firefox_android": {
              "version_added": "4"
            },
            "ie": {
              "version_added": "10"
            },
            "opera": {
              "version_added": "≤12.1"
            },
            "opera_android": {
              "version_added": "≤12.1"
            },
            "safari": {
              "version_added": "5"
            },
            "safari_ios": {
              "version_added": "4"
            },
            "samsunginternet_android": {
              "version_added": "1.0"
            },
            "webview_android": {
              "version_added": "≤37"
            }
          },
          "status": {
            "experimental": false,
            "standard_track": true,
            "deprecated": false
          }
        }
      },
      "value": {
        "__compat": {
          "mdn_url": "https://developer.mozilla.org/docs/Web/API/HTMLSelectElement/value",
          "support": {
            "chrome": {
              "version_added": "1"
            },
            "chrome_android": {
              "version_added": "18"
            },
            "edge": {
              "version_added": "12"
            },
            "firefox": {
              "version_added": "1"
            },
            "firefox_android": {
              "version_added": "4"
            },
            "ie": {
              "version_added": "5.5"
            },
            "opera": {
              "version_added": "≤12.1"
            },
            "opera_android": {
              "version_added": "≤12.1"
            },
            "safari": {
              "version_added": "3"
            },
            "safari_ios": {
              "version_added": "1"
            },
            "samsunginternet_android": {
              "version_added": "1.0"
            },
            "webview_android": {
              "version_added": "1"
            }
          },
          "status": {
            "experimental": false,
            "standard_track": true,
            "deprecated": false
          }
        }
      },
      "willValidate": {
        "__compat": {
          "mdn_url": "https://developer.mozilla.org/docs/Web/API/HTMLSelectElement/willValidate",
          "support": {
            "chrome": {
              "version_added": "1"
            },
            "chrome_android": {
              "version_added": "18"
            },
            "edge": {
              "version_added": "12"
            },
            "firefox": {
              "version_added": "4"
            },
            "firefox_android": {
              "version_added": "4"
            },
            "ie": {
              "version_added": "10"
            },
            "opera": {
              "version_added": "≤12.1"
            },
            "opera_android": {
              "version_added": "≤12.1"
            },
            "safari": {
              "version_added": "4"
            },
            "safari_ios": {
              "version_added": "3"
            },
            "samsunginternet_android": {
              "version_added": "1.0"
            },
            "webview_android": {
              "version_added": "1"
            }
          },
          "status": {
            "experimental": false,
            "standard_track": true,
            "deprecated": false
          }
        }
      }
    }
  }
}
