{
  "api": {
    "HTMLIFrameElement": {
      "__compat": {
        "mdn_url": "https://developer.mozilla.org/docs/Web/API/HTMLIFrameElement",
        "support": {
          "chrome": {
            "version_added": "1"
          },
          "chrome_android": {
            "version_added": "18"
          },
          "edge": {
            "version_added": "12"
          },
          "firefox": {
            "version_added": "1"
          },
          "firefox_android": {
            "version_added": "4"
          },
          "ie": {
            "version_added": "5.5"
          },
          "opera": {
            "version_added": "≤12.1"
          },
          "opera_android": {
            "version_added": "≤12.1"
          },
          "safari": {
            "version_added": "3"
          },
          "safari_ios": {
            "version_added": "1"
          },
          "samsunginternet_android": {
            "version_added": "1.0"
          },
          "webview_android": {
            "version_added": "1"
          }
        },
        "status": {
          "experimental": false,
          "standard_track": true,
          "deprecated": false
        }
      },
      "align": {
        "__compat": {
          "mdn_url": "https://developer.mozilla.org/docs/Web/API/HTMLIFrameElement/align",
          "support": {
            "chrome": {
              "version_added": "1"
            },
            "chrome_android": {
              "version_added": "18"
            },
            "edge": {
              "version_added": "12"
            },
            "firefox": {
              "version_added": "1"
            },
            "firefox_android": {
              "version_added": "4"
            },
            "ie": {
              "version_added": "5.5"
            },
            "opera": {
              "version_added": "≤12.1"
            },
            "opera_android": {
              "version_added": "≤12.1"
            },
            "safari": {
              "version_added": "3"
            },
            "safari_ios": {
              "version_added": "1"
            },
            "samsunginternet_android": {
              "version_added": "1.0"
            },
            "webview_android": {
              "version_added": "1"
            }
          },
          "status": {
            "experimental": false,
            "standard_track": true,
            "deprecated": true
          }
        }
      },
      "allow": {
        "__compat": {
          "support": {
            "chrome": {
              "version_added": "60"
            },
            "chrome_android": {
              "version_added": "66"
            },
            "edge": {
              "version_added": "79"
            },
            "firefox": {
              "version_added": "74"
            },
            "firefox_android": {
              "version_added": "79"
            },
            "ie": {
              "version_added": false
            },
            "opera": {
              "version_added": "53"
            },
            "opera_android": {
              "version_added": "47"
            },
            "safari": {
              "version_added": "11.1"
            },
            "safari_ios": {
              "version_added": "11.3"
            },
            "samsunginternet_android": {
              "version_added": "9.0"
            },
            "webview_android": {
              "version_added": "66"
            }
          },
          "status": {
            "experimental": false,
            "standard_track": true,
            "deprecated": false
          }
        }
      },
      "allowFullscreen": {
        "__compat": {
          "support": {
            "chrome": {
              "version_added": "38"
            },
            "chrome_android": {
              "version_added": "38"
            },
            "edge": {
              "version_added": "12"
            },
            "firefox": [
              {
                "version_added": "22"
              },
              {
                "alternative_name": "mozAllowFullScreen",
                "version_added": "9",
                "version_removed": "18"
              }
            ],
            "firefox_android": [
              {
                "version_added": "22"
              },
              {
                "alternative_name": "mozAllowFullScreen",
                "version_added": "9",
                "version_removed": "18"
              }
            ],
            "ie": {
              "version_added": false
            },
            "opera": {
              "version_added": "25"
            },
            "opera_android": {
              "version_added": "25"
            },
            "safari": {
              "version_added": "10.1"
            },
            "safari_ios": {
              "version_added": "10.3"
            },
            "samsunginternet_android": {
              "version_added": "3.0"
            },
            "webview_android": {
              "version_added": "38"
            }
          },
          "status": {
            "experimental": false,
            "standard_track": true,
            "deprecated": false
          }
        }
      },
      "allowPaymentRequest": {
        "__compat": {
          "mdn_url": "https://developer.mozilla.org/docs/Web/API/HTMLIFrameElement/allowPaymentRequest",
          "support": {
            "chrome": {
              "version_added": "60",
              "flags": [
                {
                  "type": "preference",
                  "name": "#web-payments",
                  "value_to_set": "Enabled"
                }
              ]
            },
            "chrome_android": {
              "version_added": "61",
              "flags": [
                {
                  "type": "preference",
                  "name": "#web-payments",
                  "value_to_set": "Enabled"
                }
              ]
            },
            "edge": {
              "version_added": "15"
            },
            "firefox": {
              "version_added": "56",
              "version_removed": "83"
            },
            "firefox_android": {
              "version_added": "56",
              "version_removed": "83"
            },
            "ie": {
              "version_added": false
            },
            "opera": {
              "version_added": false
            },
            "opera_android": {
              "version_added": false
            },
            "safari": {
              "version_added": false
            },
            "safari_ios": {
              "version_added": false
            },
            "samsunginternet_android": {
              "version_added": false
            },
            "webview_android": {
              "version_added": false
            }
          },
          "status": {
            "experimental": true,
            "standard_track": false,
            "deprecated": true
          }
        }
      },
      "contentDocument": {
        "__compat": {
          "mdn_url": "https://developer.mozilla.org/docs/Web/API/HTMLIFrameElement/contentDocument",
          "support": {
            "chrome": {
              "version_added": "1"
            },
            "chrome_android": {
              "version_added": "18"
            },
            "edge": {
              "version_added": "12"
            },
            "firefox": {
              "version_added": "1"
            },
            "firefox_android": {
              "version_added": "4"
            },
            "ie": {
              "version_added": "8"
            },
            "opera": {
              "version_added": "≤12.1"
            },
            "opera_android": {
              "version_added": "≤12.1"
            },
            "safari": {
              "version_added": "3"
            },
            "safari_ios": {
              "version_added": "1"
            },
            "samsunginternet_android": {
              "version_added": "1.0"
            },
            "webview_android": {
              "version_added": "1"
            }
          },
          "status": {
            "experimental": false,
            "standard_track": true,
            "deprecated": false
          }
        }
      },
      "contentWindow": {
        "__compat": {
          "mdn_url": "https://developer.mozilla.org/docs/Web/API/HTMLIFrameElement/contentWindow",
          "support": {
            "chrome": {
              "version_added": "1"
            },
            "chrome_android": {
              "version_added": "18"
            },
            "edge": {
              "version_added": "12"
            },
            "firefox": {
              "version_added": "1"
            },
            "firefox_android": {
              "version_added": "4"
            },
            "ie": {
              "version_added": "5.5"
            },
            "opera": {
              "version_added": "8"
            },
            "opera_android": {
              "version_added": "10.1"
            },
            "safari": {
              "version_added": "3"
            },
            "safari_ios": {
              "version_added": "1"
            },
            "samsunginternet_android": {
              "version_added": "1.0"
            },
            "webview_android": {
              "version_added": "1"
            }
          },
          "status": {
            "experimental": false,
            "standard_track": true,
            "deprecated": false
          }
        }
      },
      "csp": {
        "__compat": {
          "mdn_url": "https://developer.mozilla.org/docs/Web/API/HTMLIFrameElement/csp",
          "support": {
            "chrome": {
              "version_added": "61"
            },
            "chrome_android": {
              "version_added": "61"
            },
            "edge": {
              "version_added": "79"
            },
            "firefox": {
              "version_added": false
            },
            "firefox_android": {
              "version_added": false
            },
            "ie": {
              "version_added": false
            },
            "opera": {
              "version_added": "48"
            },
            "opera_android": {
              "version_added": "45"
            },
            "safari": {
              "version_added": false
            },
            "safari_ios": {
              "version_added": false
            },
            "samsunginternet_android": {
              "version_added": "8.0"
            },
            "webview_android": {
              "version_added": "61"
            }
          },
          "status": {
            "experimental": true,
            "standard_track": true,
            "deprecated": false
          }
        }
      },
      "featurePolicy": {
        "__compat": {
          "mdn_url": "https://developer.mozilla.org/docs/Web/API/HTMLIFrameElement/featurePolicy",
          "support": {
            "chrome": [
              {
                "version_added": "74"
              },
              {
                "version_added": "73",
                "version_removed": "74",
                "flags": [
                  {
                    "type": "preference",
                    "name": "#enable-experimental-productivity-features",
                    "value_to_set": "Enabled"
                  }
                ]
              },
              {
                "version_added": "69",
                "version_removed": "73",
                "alternative_name": "policy",
                "flags": [
                  {
                    "type": "preference",
                    "name": "#enable-experimental-productivity-features",
                    "value_to_set": "Enabled"
                  }
                ]
              }
            ],
            "chrome_android": [
              {
                "version_added": "74"
              },
              {
                "version_added": "73",
                "version_removed": "74",
                "flags": [
                  {
                    "type": "preference",
                    "name": "#enable-experimental-productivity-features",
                    "value_to_set": "Enabled"
                  }
                ]
              },
              {
                "version_added": "69",
                "version_removed": "73",
                "alternative_name": "policy",
                "flags": [
                  {
                    "type": "preference",
                    "name": "#enable-experimental-productivity-features",
                    "value_to_set": "Enabled"
                  }
                ]
              }
            ],
            "edge": {
              "version_added": "79"
            },
            "firefox": [
              {
                "version_added": "69",
                "flags": [
                  {
                    "type": "preference",
                    "name": "dom.security.featurePolicy.webidl.enabled",
                    "value_to_set": "true"
                  }
                ]
              },
              {
                "version_added": "65",
                "version_removed": "69",
                "alternative_name": "policy",
                "flags": [
                  {
                    "type": "preference",
                    "name": "dom.security.featurePolicy.webidl.enabled",
                    "value_to_set": "true"
                  }
                ]
              }
            ],
            "firefox_android": {
              "version_added": "65",
              "alternative_name": "policy",
              "flags": [
                {
                  "type": "preference",
                  "name": "dom.security.featurePolicy.webidl.enabled",
                  "value_to_set": "true"
                }
              ]
            },
            "ie": {
              "version_added": false
            },
            "opera": [
              {
                "version_added": "62"
              },
              {
                "version_added": "60",
                "version_removed": "62",
                "flags": [
                  {
                    "type": "preference",
                    "name": "#enable-experimental-productivity-features",
                    "value_to_set": "Enabled"
                  }
                ]
              },
              {
                "version_added": "56",
                "version_removed": "60",
                "alternative_name": "policy",
                "flags": [
                  {
                    "type": "preference",
                    "name": "#enable-experimental-productivity-features",
                    "value_to_set": "Enabled"
                  }
                ]
              }
            ],
            "opera_android": {
              "version_added": "48",
              "alternative_name": "policy",
              "flags": [
                {
                  "type": "preference",
                  "name": "#enable-experimental-productivity-features",
                  "value_to_set": "Enabled"
                }
              ]
            },
            "safari": {
              "version_added": false
            },
            "safari_ios": {
              "version_added": false
            },
            "samsunginternet_android": {
              "version_added": "11.0"
            },
            "webview_android": {
              "version_added": "74"
            }
          },
          "status": {
            "experimental": true,
            "standard_track": true,
            "deprecated": false
          }
        }
      },
      "frameBorder": {
        "__compat": {
          "mdn_url": "https://developer.mozilla.org/docs/Web/API/HTMLIFrameElement/frameBorder",
          "support": {
            "chrome": {
              "version_added": "1"
            },
            "chrome_android": {
              "version_added": "18"
            },
            "edge": {
              "version_added": "12"
            },
            "firefox": {
              "version_added": "1"
            },
            "firefox_android": {
              "version_added": "4"
            },
            "ie": {
              "version_added": "5.5"
            },
            "opera": {
              "version_added": "≤12.1"
            },
            "opera_android": {
              "version_added": "≤12.1"
            },
            "safari": {
              "version_added": "3"
            },
            "safari_ios": {
              "version_added": "1"
            },
            "samsunginternet_android": {
              "version_added": "1.0"
            },
            "webview_android": {
              "version_added": "1"
            }
          },
          "status": {
            "experimental": false,
            "standard_track": true,
            "deprecated": true
          }
        }
      },
      "getSVGDocument": {
        "__compat": {
          "support": {
            "chrome": {
              "version_added": "1"
            },
            "chrome_android": {
              "version_added": "18"
            },
            "edge": {
              "version_added": "12"
            },
            "firefox": {
              "version_added": "3.5"
            },
            "firefox_android": {
              "version_added": "4"
            },
            "ie": {
              "version_added": "9"
            },
            "opera": {
              "version_added": "≤12.1"
            },
            "opera_android": {
              "version_added": "≤12.1"
            },
            "safari": {
              "version_added": "3.1"
            },
            "safari_ios": {
              "version_added": "2"
            },
            "samsunginternet_android": {
              "version_added": "1.0"
            },
            "webview_android": {
              "version_added": "1"
            }
          },
          "status": {
            "experimental": false,
            "standard_track": true,
            "deprecated": false
          }
        }
      },
      "height": {
        "__compat": {
          "mdn_url": "https://developer.mozilla.org/docs/Web/API/HTMLIFrameElement/height",
          "support": {
            "chrome": {
              "version_added": "1"
            },
            "chrome_android": {
              "version_added": "18"
            },
            "edge": {
              "version_added": "12"
            },
            "firefox": {
              "version_added": "1"
            },
            "firefox_android": {
              "version_added": "4"
            },
            "ie": {
              "version_added": "5.5"
            },
            "opera": {
              "version_added": "≤12.1"
            },
            "opera_android": {
              "version_added": "≤12.1"
            },
            "safari": {
              "version_added": "3"
            },
            "safari_ios": {
              "version_added": "1"
            },
            "samsunginternet_android": {
              "version_added": "1.0"
            },
            "webview_android": {
              "version_added": "1"
            }
          },
          "status": {
            "experimental": false,
            "standard_track": true,
            "deprecated": false
          }
        }
      },
      "loading": {
        "__compat": {
          "support": {
            "chrome": {
              "version_added": "77"
            },
            "chrome_android": {
              "version_added": "77"
            },
            "edge": {
              "version_added": "79"
            },
            "firefox": {
              "version_added": false
            },
            "firefox_android": {
              "version_added": false
            },
            "ie": {
              "version_added": false
            },
            "opera": {
              "version_added": "60"
            },
            "opera_android": {
              "version_added": "55"
            },
            "safari": {
              "version_added": false,
              "notes": "See <a href='https://webkit.org/b/196698'>bug 196698</a>"
            },
            "safari_ios": {
              "version_added": false,
              "notes": "See <a href='https://webkit.org/b/196698'>bug 196698</a>"
            },
            "samsunginternet_android": {
              "version_added": "12.0"
            },
            "webview_android": {
              "version_added": "77"
            }
          },
          "status": {
            "experimental": false,
            "standard_track": true,
            "deprecated": false
          }
        }
      },
      "longDesc": {
        "__compat": {
          "mdn_url": "https://developer.mozilla.org/docs/Web/API/HTMLIFrameElement/longDesc",
          "support": {
            "chrome": {
              "version_added": "1"
            },
            "chrome_android": {
              "version_added": "18"
            },
            "edge": {
              "version_added": "12"
            },
            "firefox": {
              "version_added": "1"
            },
            "firefox_android": {
              "version_added": "4"
            },
            "ie": {
              "version_added": "6"
            },
            "opera": {
              "version_added": "≤12.1"
            },
            "opera_android": {
              "version_added": "≤12.1"
            },
            "safari": {
              "version_added": "3"
            },
            "safari_ios": {
              "version_added": "1"
            },
            "samsunginternet_android": {
              "version_added": "1.0"
            },
            "webview_android": {
              "version_added": "1"
            }
          },
          "status": {
            "experimental": false,
            "standard_track": true,
            "deprecated": true
          }
        }
      },
      "marginHeight": {
        "__compat": {
          "mdn_url": "https://developer.mozilla.org/docs/Web/API/HTMLIFrameElement/marginHeight",
          "support": {
            "chrome": {
              "version_added": "1"
            },
            "chrome_android": {
              "version_added": "18"
            },
            "edge": {
              "version_added": "12"
            },
            "firefox": {
              "version_added": "1"
            },
            "firefox_android": {
              "version_added": "4"
            },
            "ie": {
              "version_added": "5.5"
            },
            "opera": {
              "version_added": "≤12.1"
            },
            "opera_android": {
              "version_added": "≤12.1"
            },
            "safari": {
              "version_added": "3"
            },
            "safari_ios": {
              "version_added": "1"
            },
            "samsunginternet_android": {
              "version_added": "1.0"
            },
            "webview_android": {
              "version_added": "1"
            }
          },
          "status": {
            "experimental": false,
            "standard_track": true,
            "deprecated": true
          }
        }
      },
      "marginWidth": {
        "__compat": {
          "mdn_url": "https://developer.mozilla.org/docs/Web/API/HTMLIFrameElement/marginWidth",
          "support": {
            "chrome": {
              "version_added": "1"
            },
            "chrome_android": {
              "version_added": "18"
            },
            "edge": {
              "version_added": "12"
            },
            "firefox": {
              "version_added": "1"
            },
            "firefox_android": {
              "version_added": "4"
            },
            "ie": {
              "version_added": "5.5"
            },
            "opera": {
              "version_added": "≤12.1"
            },
            "opera_android": {
              "version_added": "≤12.1"
            },
            "safari": {
              "version_added": "3"
            },
            "safari_ios": {
              "version_added": "1"
            },
            "samsunginternet_android": {
              "version_added": "1.0"
            },
            "webview_android": {
              "version_added": "1"
            }
          },
          "status": {
            "experimental": false,
            "standard_track": true,
            "deprecated": true
          }
        }
      },
      "name": {
        "__compat": {
          "mdn_url": "https://developer.mozilla.org/docs/Web/API/HTMLIFrameElement/name",
          "support": {
            "chrome": {
              "version_added": "1"
            },
            "chrome_android": {
              "version_added": "18"
            },
            "edge": {
              "version_added": "12"
            },
            "firefox": {
              "version_added": "1"
            },
            "firefox_android": {
              "version_added": "4"
            },
            "ie": {
              "version_added": "5.5"
            },
            "opera": {
              "version_added": "≤12.1"
            },
            "opera_android": {
              "version_added": "≤12.1"
            },
            "safari": {
              "version_added": "3"
            },
            "safari_ios": {
              "version_added": "1"
            },
            "samsunginternet_android": {
              "version_added": "1.0"
            },
            "webview_android": {
              "version_added": "1"
            }
          },
          "status": {
            "experimental": false,
            "standard_track": true,
            "deprecated": false
          }
        }
      },
      "referrerPolicy": {
        "__compat": {
          "mdn_url": "https://developer.mozilla.org/docs/Web/API/HTMLIFrameElement/referrerPolicy",
          "support": {
            "chrome": {
              "version_added": "53"
            },
            "chrome_android": {
              "version_added": "53"
            },
            "edge": {
              "version_added": "79"
            },
            "firefox": {
              "version_added": "50"
            },
            "firefox_android": {
              "version_added": "50"
            },
            "ie": {
              "version_added": false
            },
            "opera": {
              "version_added": "38"
            },
            "opera_android": {
              "version_added": "41"
            },
            "safari": {
              "version_added": "14"
            },
            "safari_ios": {
              "version_added": "14"
            },
            "samsunginternet_android": {
              "version_added": "6.0"
            },
            "webview_android": {
              "version_added": "53"
            }
          },
          "status": {
            "experimental": false,
            "standard_track": true,
            "deprecated": false
          }
        }
      },
      "sandbox": {
        "__compat": {
          "support": {
            "chrome": {
              "version_added": "5",
              "notes": "Before Chrome 50, this property returned the deprecated child <code>DOMSettableTokenList</code> instead of <code>DOMTokenList</code>."
            },
            "chrome_android": {
              "version_added": "18",
              "notes": "Before Chrome 50, this property returned the deprecated child <code>DOMSettableTokenList</code> instead of <code>DOMTokenList</code>."
            },
            "edge": {
              "version_added": "12"
            },
            "firefox": {
              "version_added": "17",
              "notes": "Previously, the type of <code>sandbox</code> was a <code>DOMString</code> instead of a <code>DOMSettableTokenList</code>. This has been fixed with Firefox 29. Other browsers may still implement the property as <code>DOMString</code> since it was a late change in the specification."
            },
            "firefox_android": {
              "version_added": "17",
              "notes": "Previously, the type of <code>sandbox</code> was a <code>DOMString</code> instead of a <code>DOMSettableTokenList</code>. This has been fixed with Firefox 29. Other browsers may still implement the property as <code>DOMString</code> since it was a late change in the specification."
            },
            "ie": {
              "version_added": "10"
            },
            "opera": {
              "version_added": "15",
              "notes": "Before Opera 37, this property returned the deprecated child <code>DOMSettableTokenList</code> instead of <code>DOMTokenList</code>."
            },
            "opera_android": {
              "version_added": "14",
              "notes": "Before Opera 37, this property returned the deprecated child <code>DOMSettableTokenList</code> instead of <code>DOMTokenList</code>."
            },
            "safari": {
              "version_added": "5"
            },
            "safari_ios": {
              "version_added": "4"
            },
            "samsunginternet_android": {
              "version_added": "1.0",
              "notes": "Before Samsung Internet 5.0, this property returned the deprecated child <code>DOMSettableTokenList</code> instead of <code>DOMTokenList</code>."
            },
            "webview_android": {
              "version_added": "1",
              "notes": "Before WebView 50, this property returned the deprecated child <code>DOMSettableTokenList</code> instead of <code>DOMTokenList</code>."
            }
          },
          "status": {
            "experimental": false,
            "standard_track": true,
            "deprecated": false
          }
        }
      },
      "scrolling": {
        "__compat": {
          "mdn_url": "https://developer.mozilla.org/docs/Web/API/HTMLIFrameElement/scrolling",
          "support": {
            "chrome": {
              "version_added": "1"
            },
            "chrome_android": {
              "version_added": "18"
            },
            "edge": {
              "version_added": "12"
            },
            "firefox": {
              "version_added": "1"
            },
            "firefox_android": {
              "version_added": "4"
            },
            "ie": {
              "version_added": "5.5"
            },
            "opera": {
              "version_added": "≤12.1"
            },
            "opera_android": {
              "version_added": "≤12.1"
            },
            "safari": {
              "version_added": "3"
            },
            "safari_ios": {
              "version_added": "1"
            },
            "samsunginternet_android": {
              "version_added": "1.0"
            },
            "webview_android": {
              "version_added": "1"
            }
          },
          "status": {
            "experimental": false,
            "standard_track": true,
            "deprecated": true
          }
        }
      },
      "src": {
        "__compat": {
          "mdn_url": "https://developer.mozilla.org/docs/Web/API/HTMLIFrameElement/src",
          "support": {
            "chrome": {
              "version_added": "1"
            },
            "chrome_android": {
              "version_added": "18"
            },
            "edge": {
              "version_added": "12"
            },
            "firefox": {
              "version_added": "1"
            },
            "firefox_android": {
              "version_added": "4"
            },
            "ie": {
              "version_added": "5.5"
            },
            "opera": {
              "version_added": "≤12.1"
            },
            "opera_android": {
              "version_added": "≤12.1"
            },
            "safari": {
              "version_added": "3"
            },
            "safari_ios": {
              "version_added": "1"
            },
            "samsunginternet_android": {
              "version_added": "1.0"
            },
            "webview_android": {
              "version_added": "1"
            }
          },
          "status": {
            "experimental": false,
            "standard_track": true,
            "deprecated": false
          }
        }
      },
      "srcdoc": {
        "__compat": {
          "support": {
            "chrome": {
              "version_added": "20"
            },
            "chrome_android": {
              "version_added": "25"
            },
            "edge": {
              "version_added": "79"
            },
            "firefox": {
              "version_added": "25"
            },
            "firefox_android": {
              "version_added": "25"
            },
            "ie": {
              "version_added": false
            },
            "opera": {
              "version_added": "15"
            },
            "opera_android": {
              "version_added": "14"
            },
            "safari": {
              "version_added": "6"
            },
            "safari_ios": {
              "version_added": "6"
            },
            "samsunginternet_android": {
              "version_added": "1.5"
            },
            "webview_android": {
              "version_added": "≤37"
            }
          },
          "status": {
            "experimental": false,
            "standard_track": true,
            "deprecated": false
          }
        }
      },
      "width": {
        "__compat": {
          "mdn_url": "https://developer.mozilla.org/docs/Web/API/HTMLIFrameElement/width",
          "support": {
            "chrome": {
              "version_added": "1"
            },
            "chrome_android": {
              "version_added": "18"
            },
            "edge": {
              "version_added": "12"
            },
            "firefox": {
              "version_added": "1"
            },
            "firefox_android": {
              "version_added": "4"
            },
            "ie": {
              "version_added": "5.5"
            },
            "opera": {
              "version_added": "≤12.1"
            },
            "opera_android": {
              "version_added": "≤12.1"
            },
            "safari": {
              "version_added": "3"
            },
            "safari_ios": {
              "version_added": "1"
            },
            "samsunginternet_android": {
              "version_added": "1.0"
            },
            "webview_android": {
              "version_added": "1"
            }
          },
          "status": {
            "experimental": false,
            "standard_track": true,
            "deprecated": false
          }
        }
      }
    }
  }
}
