{
  "api": {
    "IDBKeyRange": {
      "__compat": {
        "mdn_url": "https://developer.mozilla.org/docs/Web/API/IDBKeyRange",
        "support": {
          "chrome": [
            {
              "version_added": "24"
            },
            {
              "version_added": "23",
              "version_removed": "57",
              "prefix": "webkit"
            }
          ],
          "chrome_android": {
            "version_added": true
          },
          "edge": {
            "version_added": "12"
          },
          "firefox": [
            {
              "version_added": "16"
            },
            {
              "version_added": "10",
              "version_removed": "16",
              "prefix": "moz"
            }
          ],
          "firefox_android": {
            "version_added": "22"
          },
          "ie": {
            "version_added": "10",
            "partial_implementation": true
          },
          "opera": {
            "version_added": "15"
          },
          "opera_android": {
            "version_added": "14"
          },
          "safari": {
            "version_added": "7"
          },
          "safari_ios": {
            "version_added": "8"
          },
          "samsunginternet_android": {
            "version_added": true
          },
          "webview_android": {
            "version_added": true
          }
        },
        "status": {
          "experimental": false,
          "standard_track": true,
          "deprecated": false
        }
      },
      "bound": {
        "__compat": {
          "mdn_url": "https://developer.mozilla.org/docs/Web/API/IDBKeyRange/bound",
          "support": {
            "chrome": {
              "version_added": "23"
            },
            "chrome_android": {
              "version_added": true
            },
            "edge": {
              "version_added": "12"
            },
            "firefox": {
              "version_added": "10"
            },
            "firefox_android": {
              "version_added": "22"
            },
            "ie": {
              "version_added": "10",
              "partial_implementation": true
            },
            "opera": {
              "version_added": "15"
            },
            "opera_android": {
              "version_added": "14"
            },
            "safari": {
              "version_added": "7"
            },
            "safari_ios": {
              "version_added": "8"
            },
            "samsunginternet_android": {
              "version_added": true
            },
            "webview_android": {
              "version_added": true
            }
          },
          "status": {
            "experimental": false,
            "standard_track": true,
            "deprecated": false
          }
        }
      },
      "includes": {
        "__compat": {
          "mdn_url": "https://developer.mozilla.org/docs/Web/API/IDBKeyRange/includes",
          "support": {
            "chrome": {
              "version_added": "52"
            },
            "chrome_android": {
              "version_added": "52"
            },
            "edge": {
              "version_added": "≤18"
            },
            "firefox": {
              "version_added": "47"
            },
            "firefox_android": {
              "version_added": true
            },
            "ie": {
              "version_added": false
            },
            "opera": {
              "version_added": "39"
            },
            "opera_android": {
              "version_added": "41"
            },
            "safari": {
              "version_added": "10.1"
            },
            "safari_ios": {
              "version_added": "10.3"
            },
            "samsunginternet_android": {
              "version_added": "6.0"
            },
            "webview_android": {
              "version_added": "52"
            }
          },
          "status": {
            "experimental": false,
            "standard_track": true,
            "deprecated": false
          }
        }
      },
      "lower": {
        "__compat": {
          "mdn_url": "https://developer.mozilla.org/docs/Web/API/IDBKeyRange/lower",
          "support": {
            "chrome": {
              "version_added": "23"
            },
            "chrome_android": {
              "version_added": true
            },
            "edge": {
              "version_added": "12"
            },
            "firefox": {
              "version_added": "10"
            },
            "firefox_android": {
              "version_added": "22"
            },
            "ie": {
              "version_added": "10",
              "partial_implementation": true
            },
            "opera": {
              "version_added": "15"
            },
            "opera_android": {
              "version_added": "14"
            },
            "safari": {
              "version_added": "7"
            },
            "safari_ios": {
              "version_added": "8"
            },
            "samsunginternet_android": {
              "version_added": true
            },
            "webview_android": {
              "version_added": true
            }
          },
          "status": {
            "experimental": false,
            "standard_track": true,
            "deprecated": false
          }
        }
      },
      "lowerBound": {
        "__compat": {
          "mdn_url": "https://developer.mozilla.org/docs/Web/API/IDBKeyRange/lowerBound",
          "support": {
            "chrome": {
              "version_added": "23"
            },
            "chrome_android": {
              "version_added": true
            },
            "edge": {
              "version_added": "12"
            },
            "firefox": {
              "version_added": "10"
            },
            "firefox_android": {
              "version_added": "22"
            },
            "ie": {
              "version_added": "10",
              "partial_implementation": true
            },
            "opera": {
              "version_added": "15"
            },
            "opera_android": {
              "version_added": "14"
            },
            "safari": {
              "version_added": "7"
            },
            "safari_ios": {
              "version_added": "8"
            },
            "samsunginternet_android": {
              "version_added": true
            },
            "webview_android": {
              "version_added": true
            }
          },
          "status": {
            "experimental": false,
            "standard_track": true,
            "deprecated": false
          }
        }
      },
      "lowerOpen": {
        "__compat": {
          "mdn_url": "https://developer.mozilla.org/docs/Web/API/IDBKeyRange/lowerOpen",
          "support": {
            "chrome": {
              "version_added": "23"
            },
            "chrome_android": {
              "version_added": true
            },
            "edge": {
              "version_added": "12"
            },
            "firefox": {
              "version_added": "10"
            },
            "firefox_android": {
              "version_added": "22"
            },
            "ie": {
              "version_added": "10",
              "partial_implementation": true
            },
            "opera": {
              "version_added": "15"
            },
            "opera_android": {
              "version_added": "14"
            },
            "safari": {
              "version_added": "7"
            },
            "safari_ios": {
              "version_added": "8"
            },
            "samsunginternet_android": {
              "version_added": true
            },
            "webview_android": {
              "version_added": true
            }
          },
          "status": {
            "experimental": false,
            "standard_track": true,
            "deprecated": false
          }
        }
      },
      "only": {
        "__compat": {
          "mdn_url": "https://developer.mozilla.org/docs/Web/API/IDBKeyRange/only",
          "support": {
            "chrome": {
              "version_added": "23"
            },
            "chrome_android": {
              "version_added": true
            },
            "edge": {
              "version_added": "12"
            },
            "firefox": {
              "version_added": "10"
            },
            "firefox_android": {
              "version_added": "22"
            },
            "ie": {
              "version_added": "10",
              "partial_implementation": true
            },
            "opera": {
              "version_added": "15"
            },
            "opera_android": {
              "version_added": "14"
            },
            "safari": {
              "version_added": "7"
            },
            "safari_ios": {
              "version_added": "8"
            },
            "samsunginternet_android": {
              "version_added": true
            },
            "webview_android": {
              "version_added": true
            }
          },
          "status": {
            "experimental": false,
            "standard_track": true,
            "deprecated": false
          }
        }
      },
      "upper": {
        "__compat": {
          "mdn_url": "https://developer.mozilla.org/docs/Web/API/IDBKeyRange/upper",
          "support": {
            "chrome": {
              "version_added": "23"
            },
            "chrome_android": {
              "version_added": true
            },
            "edge": {
              "version_added": "12"
            },
            "firefox": {
              "version_added": "10"
            },
            "firefox_android": {
              "version_added": "22"
            },
            "ie": {
              "version_added": "10",
              "partial_implementation": true
            },
            "opera": {
              "version_added": "15"
            },
            "opera_android": {
              "version_added": "14"
            },
            "safari": {
              "version_added": "7"
            },
            "safari_ios": {
              "version_added": "8"
            },
            "samsunginternet_android": {
              "version_added": true
            },
            "webview_android": {
              "version_added": true
            }
          },
          "status": {
            "experimental": false,
            "standard_track": true,
            "deprecated": false
          }
        }
      },
      "upperBound": {
        "__compat": {
          "mdn_url": "https://developer.mozilla.org/docs/Web/API/IDBKeyRange/upperBound",
          "support": {
            "chrome": {
              "version_added": "23"
            },
            "chrome_android": {
              "version_added": true
            },
            "edge": {
              "version_added": "12"
            },
            "firefox": {
              "version_added": "10"
            },
            "firefox_android": {
              "version_added": "22"
            },
            "ie": {
              "version_added": "10",
              "partial_implementation": true
            },
            "opera": {
              "version_added": "15"
            },
            "opera_android": {
              "version_added": "14"
            },
            "safari": {
              "version_added": "7"
            },
            "safari_ios": {
              "version_added": "8"
            },
            "samsunginternet_android": {
              "version_added": true
            },
            "webview_android": {
              "version_added": true
            }
          },
          "status": {
            "experimental": false,
            "standard_track": true,
            "deprecated": false
          }
        }
      },
      "upperOpen": {
        "__compat": {
          "mdn_url": "https://developer.mozilla.org/docs/Web/API/IDBKeyRange/upperOpen",
          "support": {
            "chrome": {
              "version_added": "23"
            },
            "chrome_android": {
              "version_added": true
            },
            "edge": {
              "version_added": "12"
            },
            "firefox": {
              "version_added": "10"
            },
            "firefox_android": {
              "version_added": "22"
            },
            "ie": {
              "version_added": "10",
              "partial_implementation": true
            },
            "opera": {
              "version_added": "15"
            },
            "opera_android": {
              "version_added": "14"
            },
            "safari": {
              "version_added": "7"
            },
            "safari_ios": {
              "version_added": "8"
            },
            "samsunginternet_android": {
              "version_added": true
            },
            "webview_android": {
              "version_added": true
            }
          },
          "status": {
            "experimental": false,
            "standard_track": true,
            "deprecated": false
          }
        }
      },
      "worker_support": {
        "__compat": {
          "description": "Available in workers",
          "support": {
            "chrome": {
              "version_added": true
            },
            "chrome_android": {
              "version_added": true
            },
            "edge": {
              "version_added": "≤18"
            },
            "firefox": {
              "version_added": "37"
            },
            "firefox_android": {
              "version_added": "37"
            },
            "ie": {
              "version_added": null
            },
            "opera": {
              "version_added": true
            },
            "opera_android": {
              "version_added": true
            },
            "safari": {
              "version_added": null
            },
            "safari_ios": {
              "version_added": null
            },
            "samsunginternet_android": {
              "version_added": true
            },
            "webview_android": {
              "version_added": true
            }
          },
          "status": {
            "experimental": false,
            "standard_track": true,
            "deprecated": false
          }
        }
      }
    }
  }
}
