{
  "api": {
    "KHR_parallel_shader_compile": {
      "__compat": {
        "mdn_url": "https://developer.mozilla.org/docs/Web/API/KHR_parallel_shader_compile",
        "support": {
          "chrome": {
            "version_added": "76"
          },
          "chrome_android": {
            "version_added": "76"
          },
          "edge": {
            "version_added": "79"
          },
          "firefox": {
            "version_added": "80"
          },
          "firefox_android": {
            "version_added": false
          },
          "ie": {
            "version_added": false
          },
          "opera": {
            "version_added": "63"
          },
          "opera_android": {
            "version_added": null
          },
          "safari": {
            "version_added": false
          },
          "safari_ios": {
            "version_added": false
          },
          "samsunginternet_android": {
            "version_added": "12.0"
          },
          "webview_android": {
            "version_added": "76"
          }
        },
        "status": {
          "experimental": false,
          "standard_track": true,
          "deprecated": false
        }
      }
    }
  }
}
