{
  "api": {
    "LargestContentfulPaint": {
      "__compat": {
        "mdn_url": "https://developer.mozilla.org/docs/Web/API/LargestContentfulPaint",
        "support": {
          "chrome": {
            "version_added": "77"
          },
          "chrome_android": {
            "version_added": "77"
          },
          "edge": {
            "version_added": "80"
          },
          "firefox": {
            "version_added": false
          },
          "firefox_android": {
            "version_added": false
          },
          "ie": {
            "version_added": false
          },
          "opera": {
            "version_added": true
          },
          "opera_android": {
            "version_added": true
          },
          "safari": {
            "version_added": false
          },
          "safari_ios": {
            "version_added": false
          },
          "samsunginternet_android": {
            "version_added": "12.0"
          },
          "webview_android": {
            "version_added": "77"
          }
        },
        "status": {
          "experimental": true,
          "standard_track": true,
          "deprecated": false
        }
      },
      "element": {
        "__compat": {
          "mdn_url": "https://developer.mozilla.org/docs/Web/API/LargestContentfulPaint/element",
          "support": {
            "chrome": {
              "version_added": "77"
            },
            "chrome_android": {
              "version_added": "77"
            },
            "edge": {
              "version_added": "80"
            },
            "firefox": {
              "version_added": false
            },
            "firefox_android": {
              "version_added": false
            },
            "ie": {
              "version_added": false
            },
            "opera": {
              "version_added": true
            },
            "opera_android": {
              "version_added": true
            },
            "safari": {
              "version_added": false
            },
            "safari_ios": {
              "version_added": false
            },
            "samsunginternet_android": {
              "version_added": "12.0"
            },
            "webview_android": {
              "version_added": "77"
            }
          },
          "status": {
            "experimental": true,
            "standard_track": true,
            "deprecated": false
          }
        }
      },
      "id": {
        "__compat": {
          "mdn_url": "https://developer.mozilla.org/docs/Web/API/LargestContentfulPaint/id",
          "support": {
            "chrome": {
              "version_added": "77"
            },
            "chrome_android": {
              "version_added": "77"
            },
            "edge": {
              "version_added": "80"
            },
            "firefox": {
              "version_added": false
            },
            "firefox_android": {
              "version_added": false
            },
            "ie": {
              "version_added": false
            },
            "opera": {
              "version_added": true
            },
            "opera_android": {
              "version_added": true
            },
            "safari": {
              "version_added": false
            },
            "safari_ios": {
              "version_added": false
            },
            "samsunginternet_android": {
              "version_added": "12.0"
            },
            "webview_android": {
              "version_added": "77"
            }
          },
          "status": {
            "experimental": true,
            "standard_track": true,
            "deprecated": false
          }
        }
      },
      "loadTime": {
        "__compat": {
          "mdn_url": "https://developer.mozilla.org/docs/Web/API/LargestContentfulPaint/loadTime",
          "support": {
            "chrome": {
              "version_added": "77"
            },
            "chrome_android": {
              "version_added": "77"
            },
            "edge": {
              "version_added": "80"
            },
            "firefox": {
              "version_added": false
            },
            "firefox_android": {
              "version_added": false
            },
            "ie": {
              "version_added": false
            },
            "opera": {
              "version_added": true
            },
            "opera_android": {
              "version_added": true
            },
            "safari": {
              "version_added": false
            },
            "safari_ios": {
              "version_added": false
            },
            "samsunginternet_android": {
              "version_added": "12.0"
            },
            "webview_android": {
              "version_added": "77"
            }
          },
          "status": {
            "experimental": true,
            "standard_track": true,
            "deprecated": false
          }
        }
      },
      "renderTime": {
        "__compat": {
          "mdn_url": "https://developer.mozilla.org/docs/Web/API/LargestContentfulPaint/renderTime",
          "support": {
            "chrome": {
              "version_added": "77"
            },
            "chrome_android": {
              "version_added": "77"
            },
            "edge": {
              "version_added": "80"
            },
            "firefox": {
              "version_added": false
            },
            "firefox_android": {
              "version_added": false
            },
            "ie": {
              "version_added": false
            },
            "opera": {
              "version_added": true
            },
            "opera_android": {
              "version_added": true
            },
            "safari": {
              "version_added": false
            },
            "safari_ios": {
              "version_added": false
            },
            "samsunginternet_android": {
              "version_added": "12.0"
            },
            "webview_android": {
              "version_added": "77"
            }
          },
          "status": {
            "experimental": true,
            "standard_track": true,
            "deprecated": false
          }
        }
      },
      "size": {
        "__compat": {
          "mdn_url": "https://developer.mozilla.org/docs/Web/API/LargestContentfulPaint/size",
          "support": {
            "chrome": {
              "version_added": "77"
            },
            "chrome_android": {
              "version_added": "77"
            },
            "edge": {
              "version_added": "80"
            },
            "firefox": {
              "version_added": false
            },
            "firefox_android": {
              "version_added": false
            },
            "ie": {
              "version_added": false
            },
            "opera": {
              "version_added": true
            },
            "opera_android": {
              "version_added": true
            },
            "safari": {
              "version_added": false
            },
            "safari_ios": {
              "version_added": false
            },
            "samsunginternet_android": {
              "version_added": "12.0"
            },
            "webview_android": {
              "version_added": "77"
            }
          },
          "status": {
            "experimental": true,
            "standard_track": true,
            "deprecated": false
          }
        }
      },
      "toJSON": {
        "__compat": {
          "mdn_url": "https://developer.mozilla.org/docs/Web/API/LargestContentfulPaint/toJSON",
          "support": {
            "chrome": {
              "version_added": "77"
            },
            "chrome_android": {
              "version_added": "77"
            },
            "edge": {
              "version_added": "80"
            },
            "firefox": {
              "version_added": false
            },
            "firefox_android": {
              "version_added": false
            },
            "ie": {
              "version_added": false
            },
            "opera": {
              "version_added": true
            },
            "opera_android": {
              "version_added": true
            },
            "safari": {
              "version_added": false
            },
            "safari_ios": {
              "version_added": false
            },
            "samsunginternet_android": {
              "version_added": "12.0"
            },
            "webview_android": {
              "version_added": "77"
            }
          },
          "status": {
            "experimental": true,
            "standard_track": true,
            "deprecated": false
          }
        }
      },
      "url": {
        "__compat": {
          "mdn_url": "https://developer.mozilla.org/docs/Web/API/LargestContentfulPaint/url",
          "support": {
            "chrome": {
              "version_added": "77"
            },
            "chrome_android": {
              "version_added": "77"
            },
            "edge": {
              "version_added": "80"
            },
            "firefox": {
              "version_added": false
            },
            "firefox_android": {
              "version_added": false
            },
            "ie": {
              "version_added": false
            },
            "opera": {
              "version_added": true
            },
            "opera_android": {
              "version_added": true
            },
            "safari": {
              "version_added": false
            },
            "safari_ios": {
              "version_added": false
            },
            "samsunginternet_android": {
              "version_added": "12.0"
            },
            "webview_android": {
              "version_added": "77"
            }
          },
          "status": {
            "experimental": true,
            "standard_track": true,
            "deprecated": false
          }
        }
      }
    }
  }
}
