{
  "api": {
    "LayoutShift": {
      "__compat": {
        "mdn_url": "https://developer.mozilla.org/docs/Web/API/LayoutShift",
        "support": {
          "chrome": {
            "version_added": "77"
          },
          "chrome_android": {
            "version_added": "77"
          },
          "edge": {
            "version_added": "80"
          },
          "firefox": {
            "version_added": false
          },
          "firefox_android": {
            "version_added": false
          },
          "ie": {
            "version_added": false
          },
          "opera": {
            "version_added": true
          },
          "opera_android": {
            "version_added": true
          },
          "safari": {
            "version_added": false
          },
          "safari_ios": {
            "version_added": false
          },
          "samsunginternet_android": {
            "version_added": "12.0"
          },
          "webview_android": {
            "version_added": "77"
          }
        },
        "status": {
          "experimental": true,
          "standard_track": true,
          "deprecated": false
        }
      },
      "hadRecentInput": {
        "__compat": {
          "mdn_url": "https://developer.mozilla.org/docs/Web/API/LayoutShift/hadRecentInput",
          "support": {
            "chrome": {
              "version_added": "77"
            },
            "chrome_android": {
              "version_added": "77"
            },
            "edge": {
              "version_added": "80"
            },
            "firefox": {
              "version_added": false
            },
            "firefox_android": {
              "version_added": false
            },
            "ie": {
              "version_added": false
            },
            "opera": {
              "version_added": true
            },
            "opera_android": {
              "version_added": true
            },
            "safari": {
              "version_added": false
            },
            "safari_ios": {
              "version_added": false
            },
            "samsunginternet_android": {
              "version_added": "12.0"
            },
            "webview_android": {
              "version_added": "77"
            }
          },
          "status": {
            "experimental": true,
            "standard_track": true,
            "deprecated": false
          }
        }
      },
      "lastInputTime": {
        "__compat": {
          "mdn_url": "https://developer.mozilla.org/docs/Web/API/LayoutShift/lastInputTime",
          "support": {
            "chrome": {
              "version_added": "77"
            },
            "chrome_android": {
              "version_added": "77"
            },
            "edge": {
              "version_added": "80"
            },
            "firefox": {
              "version_added": false
            },
            "firefox_android": {
              "version_added": false
            },
            "ie": {
              "version_added": false
            },
            "opera": {
              "version_added": true
            },
            "opera_android": {
              "version_added": true
            },
            "safari": {
              "version_added": false
            },
            "safari_ios": {
              "version_added": false
            },
            "samsunginternet_android": {
              "version_added": "12.0"
            },
            "webview_android": {
              "version_added": "77"
            }
          },
          "status": {
            "experimental": true,
            "standard_track": true,
            "deprecated": false
          }
        }
      },
      "sources": {
        "__compat": {
          "support": {
            "chrome": {
              "version_added": "84"
            },
            "chrome_android": {
              "version_added": "84"
            },
            "edge": {
              "version_added": "84"
            },
            "firefox": {
              "version_added": false
            },
            "firefox_android": {
              "version_added": false
            },
            "ie": {
              "version_added": false
            },
            "opera": {
              "version_added": "70"
            },
            "opera_android": {
              "version_added": "60"
            },
            "safari": {
              "version_added": false
            },
            "safari_ios": {
              "version_added": false
            },
            "samsunginternet_android": {
              "version_added": false
            },
            "webview_android": {
              "version_added": "84"
            }
          },
          "status": {
            "experimental": true,
            "standard_track": true,
            "deprecated": false
          }
        }
      },
      "toJSON": {
        "__compat": {
          "mdn_url": "https://developer.mozilla.org/docs/Web/API/LayoutShift/toJSON",
          "support": {
            "chrome": {
              "version_added": "77"
            },
            "chrome_android": {
              "version_added": "77"
            },
            "edge": {
              "version_added": "80"
            },
            "firefox": {
              "version_added": false
            },
            "firefox_android": {
              "version_added": false
            },
            "ie": {
              "version_added": false
            },
            "opera": {
              "version_added": true
            },
            "opera_android": {
              "version_added": true
            },
            "safari": {
              "version_added": false
            },
            "safari_ios": {
              "version_added": false
            },
            "samsunginternet_android": {
              "version_added": "12.0"
            },
            "webview_android": {
              "version_added": "77"
            }
          },
          "status": {
            "experimental": true,
            "standard_track": true,
            "deprecated": false
          }
        }
      },
      "value": {
        "__compat": {
          "mdn_url": "https://developer.mozilla.org/docs/Web/API/LayoutShift/value",
          "support": {
            "chrome": {
              "version_added": "77"
            },
            "chrome_android": {
              "version_added": "77"
            },
            "edge": {
              "version_added": "80"
            },
            "firefox": {
              "version_added": false
            },
            "firefox_android": {
              "version_added": false
            },
            "ie": {
              "version_added": false
            },
            "opera": {
              "version_added": true
            },
            "opera_android": {
              "version_added": true
            },
            "safari": {
              "version_added": false
            },
            "safari_ios": {
              "version_added": false
            },
            "samsunginternet_android": {
              "version_added": "12.0"
            },
            "webview_android": {
              "version_added": "77"
            }
          },
          "status": {
            "experimental": true,
            "standard_track": true,
            "deprecated": false
          }
        }
      }
    }
  }
}
