{
  "api": {
    "LinkStyle": {
      "__compat": {
        "mdn_url": "https://developer.mozilla.org/docs/Web/API/LinkStyle",
        "support": {
          "chrome": {
            "version_added": null
          },
          "chrome_android": {
            "version_added": null
          },
          "edge": {
            "version_added": "≤18"
          },
          "firefox": {
            "version_added": null
          },
          "firefox_android": {
            "version_added": null
          },
          "ie": {
            "version_added": null
          },
          "opera": {
            "version_added": null
          },
          "opera_android": {
            "version_added": null
          },
          "safari": {
            "version_added": null
          },
          "safari_ios": {
            "version_added": null
          },
          "samsunginternet_android": {
            "version_added": null
          },
          "webview_android": {
            "version_added": null
          }
        },
        "status": {
          "experimental": true,
          "standard_track": true,
          "deprecated": false
        }
      },
      "sheet": {
        "__compat": {
          "mdn_url": "https://developer.mozilla.org/docs/Web/API/LinkStyle/sheet",
          "support": {
            "chrome": {
              "version_added": null
            },
            "chrome_android": {
              "version_added": null
            },
            "edge": {
              "version_added": null
            },
            "firefox": {
              "version_added": null
            },
            "firefox_android": {
              "version_added": null
            },
            "ie": {
              "version_added": null
            },
            "opera": {
              "version_added": null
            },
            "opera_android": {
              "version_added": null
            },
            "safari": {
              "version_added": null
            },
            "safari_ios": {
              "version_added": null
            },
            "samsunginternet_android": {
              "version_added": null
            },
            "webview_android": {
              "version_added": null
            }
          },
          "status": {
            "experimental": true,
            "standard_track": true,
            "deprecated": false
          }
        }
      }
    }
  }
}
