{
  "api": {
    "Magnetometer": {
      "__compat": {
        "mdn_url": "https://developer.mozilla.org/docs/Web/API/Magnetometer",
        "support": {
          "chrome": {
            "version_added": "56",
            "flags": [
              {
                "type": "preference",
                "name": "#enable-experimental-web-platform-features",
                "value_to_set": "Enabled"
              }
            ]
          },
          "chrome_android": {
            "version_added": "56",
            "flags": [
              {
                "type": "preference",
                "name": "#enable-experimental-web-platform-features",
                "value_to_set": "Enabled"
              }
            ]
          },
          "edge": {
            "version_added": "79",
            "flags": [
              {
                "type": "preference",
                "name": "#enable-experimental-web-platform-features",
                "value_to_set": "Enabled"
              }
            ]
          },
          "firefox": {
            "version_added": false
          },
          "firefox_android": {
            "version_added": false
          },
          "ie": {
            "version_added": false
          },
          "opera": {
            "version_added": "43",
            "flags": [
              {
                "type": "preference",
                "name": "#enable-experimental-web-platform-features",
                "value_to_set": "Enabled"
              }
            ]
          },
          "opera_android": {
            "version_added": "43",
            "flags": [
              {
                "type": "preference",
                "name": "#enable-experimental-web-platform-features",
                "value_to_set": "Enabled"
              }
            ]
          },
          "safari": {
            "version_added": false
          },
          "safari_ios": {
            "version_added": false
          },
          "samsunginternet_android": {
            "version_added": false
          },
          "webview_android": {
            "version_added": false
          }
        },
        "status": {
          "experimental": false,
          "standard_track": true,
          "deprecated": false
        }
      },
      "Magnetometer": {
        "__compat": {
          "mdn_url": "https://developer.mozilla.org/docs/Web/API/Magnetometer/Magnetometer",
          "description": "<code>Magnetometer()</code> constructor",
          "support": {
            "chrome": {
              "version_added": "56"
            },
            "chrome_android": {
              "version_added": "56"
            },
            "edge": {
              "version_added": "79"
            },
            "firefox": {
              "version_added": false
            },
            "firefox_android": {
              "version_added": false
            },
            "ie": {
              "version_added": false
            },
            "opera": {
              "version_added": "43"
            },
            "opera_android": {
              "version_added": "43"
            },
            "safari": {
              "version_added": false
            },
            "safari_ios": {
              "version_added": false
            },
            "samsunginternet_android": {
              "version_added": false
            },
            "webview_android": {
              "version_added": false
            }
          },
          "status": {
            "experimental": false,
            "standard_track": true,
            "deprecated": false
          }
        }
      },
      "x": {
        "__compat": {
          "mdn_url": "https://developer.mozilla.org/docs/Web/API/Magnetometer/x",
          "support": {
            "chrome": {
              "version_added": "56"
            },
            "chrome_android": {
              "version_added": "56"
            },
            "edge": {
              "version_added": "79"
            },
            "firefox": {
              "version_added": false
            },
            "firefox_android": {
              "version_added": false
            },
            "ie": {
              "version_added": false
            },
            "opera": {
              "version_added": "43"
            },
            "opera_android": {
              "version_added": "43"
            },
            "safari": {
              "version_added": false
            },
            "safari_ios": {
              "version_added": false
            },
            "samsunginternet_android": {
              "version_added": false
            },
            "webview_android": {
              "version_added": false
            }
          },
          "status": {
            "experimental": false,
            "standard_track": true,
            "deprecated": false
          }
        }
      },
      "y": {
        "__compat": {
          "mdn_url": "https://developer.mozilla.org/docs/Web/API/Magnetometer/y",
          "support": {
            "chrome": {
              "version_added": "56"
            },
            "chrome_android": {
              "version_added": "56"
            },
            "edge": {
              "version_added": "79"
            },
            "firefox": {
              "version_added": false
            },
            "firefox_android": {
              "version_added": false
            },
            "ie": {
              "version_added": false
            },
            "opera": {
              "version_added": "43"
            },
            "opera_android": {
              "version_added": "43"
            },
            "safari": {
              "version_added": false
            },
            "safari_ios": {
              "version_added": false
            },
            "samsunginternet_android": {
              "version_added": false
            },
            "webview_android": {
              "version_added": false
            }
          },
          "status": {
            "experimental": false,
            "standard_track": true,
            "deprecated": false
          }
        }
      },
      "z": {
        "__compat": {
          "mdn_url": "https://developer.mozilla.org/docs/Web/API/Magnetometer/z",
          "support": {
            "chrome": {
              "version_added": "56"
            },
            "chrome_android": {
              "version_added": "56"
            },
            "edge": {
              "version_added": "79"
            },
            "firefox": {
              "version_added": false
            },
            "firefox_android": {
              "version_added": false
            },
            "ie": {
              "version_added": false
            },
            "opera": {
              "version_added": "43"
            },
            "opera_android": {
              "version_added": "43"
            },
            "safari": {
              "version_added": false
            },
            "safari_ios": {
              "version_added": false
            },
            "samsunginternet_android": {
              "version_added": false
            },
            "webview_android": {
              "version_added": false
            }
          },
          "status": {
            "experimental": false,
            "standard_track": true,
            "deprecated": false
          }
        }
      }
    }
  }
}
