{
  "api": {
    "MediaQueryList": {
      "__compat": {
        "mdn_url": "https://developer.mozilla.org/docs/Web/API/MediaQueryList",
        "support": {
          "chrome": {
            "version_added": "9"
          },
          "chrome_android": {
            "version_added": "18"
          },
          "edge": {
            "version_added": "12"
          },
          "firefox": {
            "version_added": "6"
          },
          "firefox_android": {
            "version_added": "6"
          },
          "ie": {
            "version_added": "10"
          },
          "opera": {
            "version_added": "12.1"
          },
          "opera_android": {
            "version_added": true
          },
          "safari": {
            "version_added": "5.1",
            "notes": "Prior to Safari 14, <code>MediaQueryList</code> is based on <code>EventTarget</code>, so you must use <code>addListener()</code> and <code>removeListener()</code> to observe media query lists."
          },
          "safari_ios": {
            "version_added": "5",
            "notes": "Prior to Safari 14, <code>MediaQueryList</code> is based on <code>EventTarget</code>, so you must use <code>addListener()</code> and <code>removeListener()</code> to observe media query lists."
          },
          "samsunginternet_android": {
            "version_added": "1.0"
          },
          "webview_android": {
            "version_added": "≤37"
          }
        },
        "status": {
          "experimental": false,
          "standard_track": true,
          "deprecated": false
        }
      },
      "EventListener_objects": {
        "__compat": {
          "description": "<code>EventListener</code> objects as parameters",
          "support": {
            "chrome": {
              "version_added": "45"
            },
            "chrome_android": {
              "version_added": "45"
            },
            "edge": {
              "version_added": "≤79"
            },
            "firefox": {
              "version_added": "55"
            },
            "firefox_android": {
              "version_added": "55"
            },
            "ie": {
              "version_added": false
            },
            "opera": {
              "version_added": false
            },
            "opera_android": {
              "version_added": false
            },
            "safari": {
              "version_added": "14"
            },
            "safari_ios": {
              "version_added": "14"
            },
            "samsunginternet_android": {
              "version_added": "5.0"
            },
            "webview_android": {
              "version_added": "45"
            }
          },
          "status": {
            "experimental": false,
            "standard_track": true,
            "deprecated": false
          }
        }
      },
      "EventTarget_inheritance": {
        "__compat": {
          "description": "<code>MediaQueryList</code> inherits <code>EventTarget</code>",
          "support": {
            "chrome": {
              "version_added": "45"
            },
            "chrome_android": {
              "version_added": "45"
            },
            "edge": {
              "version_added": "16"
            },
            "firefox": {
              "version_added": "55"
            },
            "firefox_android": {
              "version_added": "55"
            },
            "ie": {
              "version_added": false
            },
            "opera": {
              "version_added": true
            },
            "opera_android": {
              "version_added": true
            },
            "safari": {
              "version_added": "14"
            },
            "safari_ios": {
              "version_added": "14"
            },
            "samsunginternet_android": {
              "version_added": "5.0"
            },
            "webview_android": {
              "version_added": "45"
            }
          },
          "status": {
            "experimental": false,
            "standard_track": true,
            "deprecated": false
          }
        }
      },
      "addListener": {
        "__compat": {
          "mdn_url": "https://developer.mozilla.org/docs/Web/API/MediaQueryList/addListener",
          "description": "<code>addListener()</code>",
          "support": {
            "chrome": {
              "version_added": "9"
            },
            "chrome_android": {
              "version_added": "18"
            },
            "edge": {
              "version_added": "12"
            },
            "firefox": {
              "version_added": "6"
            },
            "firefox_android": {
              "version_added": "6"
            },
            "ie": {
              "version_added": "10"
            },
            "opera": {
              "version_added": "12.1"
            },
            "opera_android": {
              "version_added": true
            },
            "safari": {
              "version_added": "5.1",
              "notes": "Prior to Safari 14, <code>MediaQueryList</code> is based on <code>EventTarget</code>, so you must use <code>addListener()</code> and <code>removeListener()</code> to observe media query lists."
            },
            "safari_ios": {
              "version_added": "5",
              "notes": "Prior to Safari 14, <code>MediaQueryList</code> is based on <code>EventTarget</code>, so you must use <code>addListener()</code> and <code>removeListener()</code> to observe media query lists."
            },
            "samsunginternet_android": {
              "version_added": "1.0"
            },
            "webview_android": {
              "version_added": "≤37"
            }
          },
          "status": {
            "experimental": false,
            "standard_track": true,
            "deprecated": true
          }
        }
      },
      "matches": {
        "__compat": {
          "mdn_url": "https://developer.mozilla.org/docs/Web/API/MediaQueryList/matches",
          "support": {
            "chrome": {
              "version_added": "9"
            },
            "chrome_android": {
              "version_added": "18"
            },
            "edge": {
              "version_added": "12"
            },
            "firefox": {
              "version_added": "6"
            },
            "firefox_android": {
              "version_added": "6"
            },
            "ie": {
              "version_added": "10"
            },
            "opera": {
              "version_added": "12.1"
            },
            "opera_android": {
              "version_added": true
            },
            "safari": {
              "version_added": "5.1"
            },
            "safari_ios": {
              "version_added": "5"
            },
            "samsunginternet_android": {
              "version_added": "1.0"
            },
            "webview_android": {
              "version_added": "≤37"
            }
          },
          "status": {
            "experimental": false,
            "standard_track": true,
            "deprecated": false
          }
        }
      },
      "media": {
        "__compat": {
          "mdn_url": "https://developer.mozilla.org/docs/Web/API/MediaQueryList/media",
          "support": {
            "chrome": {
              "version_added": "9"
            },
            "chrome_android": {
              "version_added": "18"
            },
            "edge": {
              "version_added": "12"
            },
            "firefox": {
              "version_added": "6"
            },
            "firefox_android": {
              "version_added": "6"
            },
            "ie": {
              "version_added": "10"
            },
            "opera": {
              "version_added": "12.1"
            },
            "opera_android": {
              "version_added": true
            },
            "safari": {
              "version_added": "5.1"
            },
            "safari_ios": {
              "version_added": "5"
            },
            "samsunginternet_android": {
              "version_added": "1.0"
            },
            "webview_android": {
              "version_added": "≤37"
            }
          },
          "status": {
            "experimental": false,
            "standard_track": true,
            "deprecated": false
          }
        }
      },
      "onchange": {
        "__compat": {
          "mdn_url": "https://developer.mozilla.org/docs/Web/API/MediaQueryList/onchange",
          "support": {
            "chrome": {
              "version_added": "45"
            },
            "chrome_android": {
              "version_added": "45"
            },
            "edge": {
              "version_added": "79"
            },
            "firefox": {
              "version_added": "55"
            },
            "firefox_android": {
              "version_added": "55"
            },
            "ie": {
              "version_added": false
            },
            "opera": {
              "version_added": true
            },
            "opera_android": {
              "version_added": true
            },
            "safari": {
              "version_added": "14"
            },
            "safari_ios": {
              "version_added": "14"
            },
            "samsunginternet_android": {
              "version_added": "5.0"
            },
            "webview_android": {
              "version_added": "45"
            }
          },
          "status": {
            "experimental": false,
            "standard_track": true,
            "deprecated": false
          }
        }
      },
      "removeListener": {
        "__compat": {
          "mdn_url": "https://developer.mozilla.org/docs/Web/API/MediaQueryList/removeListener",
          "description": "<code>removeListener()</code>",
          "support": {
            "chrome": {
              "version_added": "9"
            },
            "chrome_android": {
              "version_added": "18"
            },
            "edge": {
              "version_added": "12"
            },
            "firefox": {
              "version_added": "6"
            },
            "firefox_android": {
              "version_added": "6"
            },
            "ie": {
              "version_added": "10"
            },
            "opera": {
              "version_added": "12.1"
            },
            "opera_android": {
              "version_added": true
            },
            "safari": {
              "version_added": "5.1",
              "notes": "Prior to Safari 14, <code>MediaQueryList</code> is based on <code>EventTarget</code>, so you must use <code>addListener()</code> and <code>removeListener()</code> to observe media query lists."
            },
            "safari_ios": {
              "version_added": "5",
              "notes": "Prior to Safari 14, <code>MediaQueryList</code> is based on <code>EventTarget</code>, so you must use <code>addListener()</code> and <code>removeListener()</code> to observe media query lists."
            },
            "samsunginternet_android": {
              "version_added": "1.0"
            },
            "webview_android": {
              "version_added": "≤37"
            }
          },
          "status": {
            "experimental": false,
            "standard_track": true,
            "deprecated": true
          }
        }
      }
    }
  }
}
