{
  "api": {
    "MediaStreamConstraints": {
      "__compat": {
        "mdn_url": "https://developer.mozilla.org/docs/Web/API/MediaStreamConstraints",
        "support": {
          "chrome": {
            "version_added": "53"
          },
          "chrome_android": {
            "version_added": "53"
          },
          "edge": {
            "version_added": "≤79"
          },
          "firefox": {
            "version_added": "38"
          },
          "firefox_android": {
            "version_added": "38"
          },
          "ie": {
            "version_added": false
          },
          "opera": {
            "version_added": true
          },
          "opera_android": {
            "version_added": true
          },
          "safari": {
            "version_added": null
          },
          "safari_ios": {
            "version_added": null
          },
          "samsunginternet_android": {
            "version_added": "6.0"
          },
          "webview_android": {
            "version_added": "53"
          }
        },
        "status": {
          "experimental": false,
          "standard_track": true,
          "deprecated": false
        }
      },
      "audio": {
        "__compat": {
          "mdn_url": "https://developer.mozilla.org/docs/Web/API/MediaStreamConstraints/audio",
          "support": {
            "chrome": {
              "version_added": true
            },
            "chrome_android": {
              "version_added": true
            },
            "edge": {
              "version_added": "≤79"
            },
            "firefox": {
              "version_added": "38"
            },
            "firefox_android": {
              "version_added": "38"
            },
            "ie": {
              "version_added": false
            },
            "opera": {
              "version_added": true
            },
            "opera_android": {
              "version_added": true
            },
            "safari": {
              "version_added": null
            },
            "safari_ios": {
              "version_added": null
            },
            "samsunginternet_android": {
              "version_added": true
            },
            "webview_android": {
              "version_added": true
            }
          },
          "status": {
            "experimental": false,
            "standard_track": true,
            "deprecated": false
          }
        }
      },
      "video": {
        "__compat": {
          "mdn_url": "https://developer.mozilla.org/docs/Web/API/MediaStreamConstraints/video",
          "support": {
            "chrome": {
              "version_added": true
            },
            "chrome_android": {
              "version_added": true
            },
            "edge": {
              "version_added": "≤79"
            },
            "firefox": {
              "version_added": "38"
            },
            "firefox_android": {
              "version_added": "38"
            },
            "ie": {
              "version_added": false
            },
            "opera": {
              "version_added": true
            },
            "opera_android": {
              "version_added": true
            },
            "safari": {
              "version_added": null
            },
            "safari_ios": {
              "version_added": null
            },
            "samsunginternet_android": {
              "version_added": true
            },
            "webview_android": {
              "version_added": true
            }
          },
          "status": {
            "experimental": false,
            "standard_track": true,
            "deprecated": false
          }
        }
      }
    }
  }
}
