{
  "api": {
    "MediaCapabilities": {
      "__compat": {
        "mdn_url": "https://developer.mozilla.org/docs/Web/API/MediaCapabilities",
        "support": {
          "chrome": {
            "version_added": "66"
          },
          "chrome_android": {
            "version_added": "66"
          },
          "edge": {
            "version_added": "79"
          },
          "firefox": {
            "version_added": "63"
          },
          "firefox_android": {
            "version_added": "63"
          },
          "ie": {
            "version_added": false
          },
          "opera": {
            "version_added": "55"
          },
          "opera_android": {
            "version_added": "48"
          },
          "safari": {
            "version_added": "13"
          },
          "safari_ios": {
            "version_added": "13"
          },
          "samsunginternet_android": {
            "version_added": "9.0"
          },
          "webview_android": {
            "version_added": "66"
          }
        },
        "status": {
          "experimental": true,
          "standard_track": true,
          "deprecated": false
        }
      },
      "decodingInfo": {
        "__compat": {
          "mdn_url": "https://developer.mozilla.org/docs/Web/API/MediaCapabilities/decodingInfo",
          "support": {
            "chrome": {
              "version_added": "66"
            },
            "chrome_android": {
              "version_added": "66"
            },
            "edge": {
              "version_added": "79"
            },
            "firefox": {
              "version_added": "63"
            },
            "firefox_android": {
              "version_added": "63"
            },
            "ie": {
              "version_added": false
            },
            "opera": {
              "version_added": "55"
            },
            "opera_android": {
              "version_added": "48"
            },
            "safari": {
              "version_added": "13"
            },
            "safari_ios": {
              "version_added": "13"
            },
            "samsunginternet_android": {
              "version_added": "9.0"
            },
            "webview_android": {
              "version_added": "66"
            }
          },
          "status": {
            "experimental": true,
            "standard_track": true,
            "deprecated": false
          }
        }
      },
      "encodingInfo": {
        "__compat": {
          "mdn_url": "https://developer.mozilla.org/docs/Web/API/MediaCapabilities/encodingInfo",
          "support": {
            "chrome": {
              "version_added": "67",
              "flags": [
                {
                  "type": "preference",
                  "name": "chrome://flags/#enable-experimental-web-platform-features",
                  "value_to_set": "enabled"
                }
              ]
            },
            "chrome_android": {
              "version_added": "67",
              "flags": [
                {
                  "type": "preference",
                  "name": "chrome://flags/#enable-experimental-web-platform-features",
                  "value_to_set": "enabled"
                }
              ]
            },
            "edge": {
              "version_added": "≤79",
              "flags": [
                {
                  "type": "preference",
                  "name": "chrome://flags/#enable-experimental-web-platform-features",
                  "value_to_set": "enabled"
                }
              ]
            },
            "firefox": {
              "version_added": "63"
            },
            "firefox_android": {
              "version_added": "63"
            },
            "ie": {
              "version_added": false
            },
            "opera": {
              "version_added": null
            },
            "opera_android": {
              "version_added": null
            },
            "safari": {
              "version_added": false
            },
            "safari_ios": {
              "version_added": false
            },
            "samsunginternet_android": {
              "version_added": false
            },
            "webview_android": {
              "version_added": false
            }
          },
          "status": {
            "experimental": true,
            "standard_track": true,
            "deprecated": false
          }
        }
      }
    }
  }
}
