{
  "api": {
    "MediaQueryListEvent": {
      "__compat": {
        "mdn_url": "https://developer.mozilla.org/docs/Web/API/MediaQueryListEvent",
        "support": {
          "chrome": {
            "version_added": "39"
          },
          "chrome_android": {
            "version_added": "39"
          },
          "edge": {
            "version_added": "79"
          },
          "firefox": {
            "version_added": "55"
          },
          "firefox_android": {
            "version_added": "55"
          },
          "ie": {
            "version_added": false
          },
          "opera": {
            "version_added": "26"
          },
          "opera_android": {
            "version_added": "26"
          },
          "safari": {
            "version_added": "14"
          },
          "safari_ios": {
            "version_added": "14"
          },
          "samsunginternet_android": {
            "version_added": "4.0"
          },
          "webview_android": {
            "version_added": "39"
          }
        },
        "status": {
          "experimental": false,
          "standard_track": true,
          "deprecated": false
        }
      },
      "MediaQueryListEvent": {
        "__compat": {
          "mdn_url": "https://developer.mozilla.org/docs/Web/API/MediaQueryListEvent/MediaQueryListEvent",
          "description": "<code>MediaQueryListEvent()</code> constructor",
          "support": {
            "chrome": {
              "version_added": "39"
            },
            "chrome_android": {
              "version_added": "39"
            },
            "edge": {
              "version_added": "79"
            },
            "firefox": {
              "version_added": "55"
            },
            "firefox_android": {
              "version_added": "55"
            },
            "ie": {
              "version_added": false
            },
            "opera": {
              "version_added": "26"
            },
            "opera_android": {
              "version_added": "26"
            },
            "safari": {
              "version_added": "14"
            },
            "safari_ios": {
              "version_added": "14"
            },
            "samsunginternet_android": {
              "version_added": "4.0"
            },
            "webview_android": {
              "version_added": "39"
            }
          },
          "status": {
            "experimental": false,
            "standard_track": true,
            "deprecated": false
          }
        }
      },
      "matches": {
        "__compat": {
          "mdn_url": "https://developer.mozilla.org/docs/Web/API/MediaQueryListEvent/matches",
          "support": {
            "chrome": {
              "version_added": "39"
            },
            "chrome_android": {
              "version_added": "39"
            },
            "edge": {
              "version_added": "79"
            },
            "firefox": {
              "version_added": "55"
            },
            "firefox_android": {
              "version_added": "55"
            },
            "ie": {
              "version_added": false
            },
            "opera": {
              "version_added": "26"
            },
            "opera_android": {
              "version_added": "26"
            },
            "safari": {
              "version_added": "14"
            },
            "safari_ios": {
              "version_added": "14"
            },
            "samsunginternet_android": {
              "version_added": "4.0"
            },
            "webview_android": {
              "version_added": "39"
            }
          },
          "status": {
            "experimental": false,
            "standard_track": true,
            "deprecated": false
          }
        }
      },
      "media": {
        "__compat": {
          "mdn_url": "https://developer.mozilla.org/docs/Web/API/MediaQueryListEvent/media",
          "support": {
            "chrome": {
              "version_added": "39"
            },
            "chrome_android": {
              "version_added": "39"
            },
            "edge": {
              "version_added": "79"
            },
            "firefox": {
              "version_added": "55"
            },
            "firefox_android": {
              "version_added": "55"
            },
            "ie": {
              "version_added": false
            },
            "opera": {
              "version_added": "26"
            },
            "opera_android": {
              "version_added": "26"
            },
            "safari": {
              "version_added": "14"
            },
            "safari_ios": {
              "version_added": "14"
            },
            "samsunginternet_android": {
              "version_added": "4.0"
            },
            "webview_android": {
              "version_added": "39"
            }
          },
          "status": {
            "experimental": false,
            "standard_track": true,
            "deprecated": false
          }
        }
      }
    }
  }
}
