{
  "api": {
    "MediaKeySystemAccess": {
      "__compat": {
        "mdn_url": "https://developer.mozilla.org/docs/Web/API/MediaKeySystemAccess",
        "support": {
          "chrome": {
            "version_added": "42"
          },
          "chrome_android": {
            "version_added": "42"
          },
          "edge": {
            "version_added": "13"
          },
          "firefox": {
            "version_added": "38"
          },
          "firefox_android": {
            "version_added": "38"
          },
          "ie": {
            "version_added": false
          },
          "opera": {
            "version_added": true
          },
          "opera_android": {
            "version_added": true
          },
          "safari": {
            "version_added": "12.1"
          },
          "safari_ios": {
            "version_added": "12.2"
          },
          "samsunginternet_android": {
            "version_added": "4.0"
          },
          "webview_android": {
            "version_added": "43"
          }
        },
        "status": {
          "experimental": true,
          "standard_track": true,
          "deprecated": false
        }
      },
      "createMediaKeys": {
        "__compat": {
          "mdn_url": "https://developer.mozilla.org/docs/Web/API/MediaKeySystemAccess/createMediaKeys",
          "support": {
            "chrome": {
              "version_added": "42"
            },
            "chrome_android": {
              "version_added": "42"
            },
            "edge": {
              "version_added": "13"
            },
            "firefox": {
              "version_added": "38"
            },
            "firefox_android": {
              "version_added": "38"
            },
            "ie": {
              "version_added": false
            },
            "opera": {
              "version_added": true
            },
            "opera_android": {
              "version_added": true
            },
            "safari": {
              "version_added": "12.1"
            },
            "safari_ios": {
              "version_added": "12.2"
            },
            "samsunginternet_android": {
              "version_added": "4.0"
            },
            "webview_android": {
              "version_added": "43"
            }
          },
          "status": {
            "experimental": true,
            "standard_track": true,
            "deprecated": false
          }
        }
      },
      "getConfiguration": {
        "__compat": {
          "mdn_url": "https://developer.mozilla.org/docs/Web/API/MediaKeySystemAccess/getConfiguration",
          "support": {
            "chrome": {
              "version_added": "42"
            },
            "chrome_android": {
              "version_added": "42"
            },
            "edge": {
              "version_added": "13"
            },
            "firefox": {
              "version_added": "43"
            },
            "firefox_android": {
              "version_added": "43"
            },
            "ie": {
              "version_added": false
            },
            "opera": {
              "version_added": true
            },
            "opera_android": {
              "version_added": true
            },
            "safari": {
              "version_added": "12.1"
            },
            "safari_ios": {
              "version_added": "12.2"
            },
            "samsunginternet_android": {
              "version_added": "4.0"
            },
            "webview_android": {
              "version_added": "43"
            }
          },
          "status": {
            "experimental": true,
            "standard_track": true,
            "deprecated": false
          }
        }
      },
      "keySystem": {
        "__compat": {
          "mdn_url": "https://developer.mozilla.org/docs/Web/API/MediaKeySystemAccess/keySystem",
          "support": {
            "chrome": {
              "version_added": "42"
            },
            "chrome_android": {
              "version_added": "42"
            },
            "edge": {
              "version_added": "13"
            },
            "firefox": {
              "version_added": "38"
            },
            "firefox_android": {
              "version_added": "38"
            },
            "ie": {
              "version_added": false
            },
            "opera": {
              "version_added": true
            },
            "opera_android": {
              "version_added": true
            },
            "safari": {
              "version_added": "12.1"
            },
            "safari_ios": {
              "version_added": "12.2"
            },
            "samsunginternet_android": {
              "version_added": "4.0"
            },
            "webview_android": {
              "version_added": "43"
            }
          },
          "status": {
            "experimental": true,
            "standard_track": true,
            "deprecated": false
          }
        }
      }
    }
  }
}
