{
  "api": {
    "MediaSessionAction": {
      "__compat": {
        "mdn_url": "https://developer.mozilla.org/docs/Web/API/MediaSessionAction",
        "description": "Media Session action types",
        "support": {
          "chrome": {
            "version_added": "73"
          },
          "chrome_android": {
            "version_added": "57"
          },
          "edge": {
            "version_added": "≤79"
          },
          "firefox": [
            {
              "version_added": "82"
            },
            {
              "version_added": "71",
              "flags": [
                {
                  "type": "preference",
                  "name": "dom.media.mediasession.enabled",
                  "value_to_set": "true"
                }
              ]
            }
          ],
          "firefox_android": {
            "version_added": "82",
            "partial_implementation": true,
            "notes": "Firefox exposes the API, but does not provide a corresponding user-facing media control interface."
          },
          "ie": {
            "version_added": null
          },
          "opera": {
            "version_added": false
          },
          "opera_android": {
            "version_added": false
          },
          "safari": {
            "version_added": false
          },
          "safari_ios": {
            "version_added": false
          },
          "samsunginternet_android": {
            "version_added": "7.0"
          },
          "webview_android": {
            "version_added": false
          }
        },
        "status": {
          "experimental": true,
          "standard_track": true,
          "deprecated": false
        }
      },
      "nexttrack": {
        "__compat": {
          "mdn_url": "https://developer.mozilla.org/docs/Web/API/MediaSessionAction#nexttrack",
          "support": {
            "chrome": {
              "version_added": "73"
            },
            "chrome_android": {
              "version_added": "57"
            },
            "edge": {
              "version_added": "≤79"
            },
            "firefox": [
              {
                "version_added": "82"
              },
              {
                "version_added": "71",
                "flags": [
                  {
                    "type": "preference",
                    "name": "dom.media.mediasession.enabled",
                    "value_to_set": "true"
                  }
                ]
              }
            ],
            "firefox_android": {
              "version_added": "82",
              "partial_implementation": true,
              "notes": "Firefox exposes the API, but does not provide a corresponding user-facing media control interface."
            },
            "ie": {
              "version_added": null
            },
            "opera": {
              "version_added": false
            },
            "opera_android": {
              "version_added": false
            },
            "safari": {
              "version_added": false
            },
            "safari_ios": {
              "version_added": false
            },
            "samsunginternet_android": {
              "version_added": "7.0"
            },
            "webview_android": {
              "version_added": false
            }
          },
          "status": {
            "experimental": false,
            "standard_track": true,
            "deprecated": false
          }
        }
      },
      "pause": {
        "__compat": {
          "mdn_url": "https://developer.mozilla.org/docs/Web/API/MediaSessionAction#pause",
          "support": {
            "chrome": {
              "version_added": "73"
            },
            "chrome_android": {
              "version_added": "57"
            },
            "edge": {
              "version_added": "≤79"
            },
            "firefox": [
              {
                "version_added": "82"
              },
              {
                "version_added": "71",
                "flags": [
                  {
                    "type": "preference",
                    "name": "dom.media.mediasession.enabled",
                    "value_to_set": "true"
                  }
                ]
              }
            ],
            "firefox_android": {
              "version_added": "82",
              "partial_implementation": true,
              "notes": "Firefox exposes the API, but does not provide a corresponding user-facing media control interface."
            },
            "ie": {
              "version_added": null
            },
            "opera": {
              "version_added": false
            },
            "opera_android": {
              "version_added": false
            },
            "safari": {
              "version_added": false
            },
            "safari_ios": {
              "version_added": false
            },
            "samsunginternet_android": {
              "version_added": "7.0"
            },
            "webview_android": {
              "version_added": false
            }
          },
          "status": {
            "experimental": false,
            "standard_track": true,
            "deprecated": false
          }
        }
      },
      "play": {
        "__compat": {
          "mdn_url": "https://developer.mozilla.org/docs/Web/API/MediaSessionAction#play",
          "support": {
            "chrome": {
              "version_added": "73"
            },
            "chrome_android": {
              "version_added": "57"
            },
            "edge": {
              "version_added": "≤79"
            },
            "firefox": [
              {
                "version_added": "82"
              },
              {
                "version_added": "71",
                "flags": [
                  {
                    "type": "preference",
                    "name": "dom.media.mediasession.enabled",
                    "value_to_set": "true"
                  }
                ]
              }
            ],
            "firefox_android": {
              "version_added": "82",
              "partial_implementation": true,
              "notes": "Firefox exposes the API, but does not provide a corresponding user-facing media control interface."
            },
            "ie": {
              "version_added": null
            },
            "opera": {
              "version_added": false
            },
            "opera_android": {
              "version_added": false
            },
            "safari": {
              "version_added": false
            },
            "safari_ios": {
              "version_added": false
            },
            "samsunginternet_android": {
              "version_added": "7.0"
            },
            "webview_android": {
              "version_added": false
            }
          },
          "status": {
            "experimental": false,
            "standard_track": true,
            "deprecated": false
          }
        }
      },
      "previoustrack": {
        "__compat": {
          "mdn_url": "https://developer.mozilla.org/docs/Web/API/MediaSessionAction#previoustrack",
          "support": {
            "chrome": {
              "version_added": "73"
            },
            "chrome_android": {
              "version_added": "57"
            },
            "edge": {
              "version_added": "≤79"
            },
            "firefox": [
              {
                "version_added": "82"
              },
              {
                "version_added": "71",
                "flags": [
                  {
                    "type": "preference",
                    "name": "dom.media.mediasession.enabled",
                    "value_to_set": "true"
                  }
                ]
              }
            ],
            "firefox_android": {
              "version_added": "82",
              "partial_implementation": true,
              "notes": "Firefox exposes the API, but does not provide a corresponding user-facing media control interface."
            },
            "ie": {
              "version_added": null
            },
            "opera": {
              "version_added": false
            },
            "opera_android": {
              "version_added": false
            },
            "safari": {
              "version_added": false
            },
            "safari_ios": {
              "version_added": false
            },
            "samsunginternet_android": {
              "version_added": "7.0"
            },
            "webview_android": {
              "version_added": false
            }
          },
          "status": {
            "experimental": false,
            "standard_track": true,
            "deprecated": false
          }
        }
      },
      "seekbackward": {
        "__compat": {
          "mdn_url": "https://developer.mozilla.org/docs/Web/API/MediaSessionAction#seekbackward",
          "support": {
            "chrome": {
              "version_added": "73"
            },
            "chrome_android": {
              "version_added": "57"
            },
            "edge": {
              "version_added": "≤79"
            },
            "firefox": [
              {
                "version_added": "82"
              },
              {
                "version_added": "71",
                "flags": [
                  {
                    "type": "preference",
                    "name": "dom.media.mediasession.enabled",
                    "value_to_set": "true"
                  }
                ]
              }
            ],
            "firefox_android": {
              "version_added": "82",
              "partial_implementation": true,
              "notes": "Firefox exposes the API, but does not provide a corresponding user-facing media control interface."
            },
            "ie": {
              "version_added": null
            },
            "opera": {
              "version_added": false
            },
            "opera_android": {
              "version_added": false
            },
            "safari": {
              "version_added": false
            },
            "safari_ios": {
              "version_added": false
            },
            "samsunginternet_android": {
              "version_added": "7.0"
            },
            "webview_android": {
              "version_added": false
            }
          },
          "status": {
            "experimental": false,
            "standard_track": true,
            "deprecated": false
          }
        }
      },
      "seekforward": {
        "__compat": {
          "mdn_url": "https://developer.mozilla.org/docs/Web/API/MediaSessionAction#seekforward",
          "support": {
            "chrome": {
              "version_added": "73"
            },
            "chrome_android": {
              "version_added": "57"
            },
            "edge": {
              "version_added": "≤79"
            },
            "firefox": [
              {
                "version_added": "82"
              },
              {
                "version_added": "71",
                "flags": [
                  {
                    "type": "preference",
                    "name": "dom.media.mediasession.enabled",
                    "value_to_set": "true"
                  }
                ]
              }
            ],
            "firefox_android": {
              "version_added": "82",
              "partial_implementation": true,
              "notes": "Firefox exposes the API, but does not provide a corresponding user-facing media control interface."
            },
            "ie": {
              "version_added": null
            },
            "opera": {
              "version_added": false
            },
            "opera_android": {
              "version_added": false
            },
            "safari": {
              "version_added": false
            },
            "safari_ios": {
              "version_added": false
            },
            "samsunginternet_android": {
              "version_added": "7.0"
            },
            "webview_android": {
              "version_added": false
            }
          },
          "status": {
            "experimental": false,
            "standard_track": true,
            "deprecated": false
          }
        }
      },
      "seekto": {
        "__compat": {
          "mdn_url": "https://developer.mozilla.org/docs/Web/API/MediaSessionAction#seekto",
          "support": {
            "chrome": {
              "version_added": "77"
            },
            "chrome_android": {
              "version_added": "77"
            },
            "edge": {
              "version_added": "≤79"
            },
            "firefox": [
              {
                "version_added": "82"
              },
              {
                "version_added": "71",
                "flags": [
                  {
                    "type": "preference",
                    "name": "dom.media.mediasession.enabled",
                    "value_to_set": "true"
                  }
                ]
              }
            ],
            "firefox_android": {
              "version_added": "82",
              "partial_implementation": true,
              "notes": "Firefox exposes the API, but does not provide a corresponding user-facing media control interface."
            },
            "ie": {
              "version_added": null
            },
            "opera": {
              "version_added": false
            },
            "opera_android": {
              "version_added": false
            },
            "safari": {
              "version_added": false
            },
            "safari_ios": {
              "version_added": false
            },
            "samsunginternet_android": {
              "version_added": "7.0"
            },
            "webview_android": {
              "version_added": false
            }
          },
          "status": {
            "experimental": false,
            "standard_track": true,
            "deprecated": false
          }
        }
      },
      "skipad": {
        "__compat": {
          "mdn_url": "https://developer.mozilla.org/docs/Web/API/MediaSessionAction#skipad",
          "support": {
            "chrome": {
              "version_added": "73"
            },
            "chrome_android": {
              "version_added": "57"
            },
            "edge": {
              "version_added": "≤79"
            },
            "firefox": [
              {
                "version_added": "82"
              },
              {
                "version_added": "71",
                "flags": [
                  {
                    "type": "preference",
                    "name": "dom.media.mediasession.enabled",
                    "value_to_set": "true"
                  }
                ]
              }
            ],
            "firefox_android": {
              "version_added": "82",
              "partial_implementation": true,
              "notes": "Firefox exposes the API, but does not provide a corresponding user-facing media control interface."
            },
            "ie": {
              "version_added": null
            },
            "opera": {
              "version_added": false
            },
            "opera_android": {
              "version_added": false
            },
            "safari": {
              "version_added": false
            },
            "safari_ios": {
              "version_added": false
            },
            "samsunginternet_android": {
              "version_added": "7.0"
            },
            "webview_android": {
              "version_added": false
            }
          },
          "status": {
            "experimental": false,
            "standard_track": true,
            "deprecated": false
          }
        }
      },
      "stop": {
        "__compat": {
          "mdn_url": "https://developer.mozilla.org/docs/Web/API/MediaSessionAction#stop",
          "support": {
            "chrome": {
              "version_added": "73"
            },
            "chrome_android": {
              "version_added": "57"
            },
            "edge": {
              "version_added": "≤79"
            },
            "firefox": [
              {
                "version_added": "82"
              },
              {
                "version_added": "71",
                "flags": [
                  {
                    "type": "preference",
                    "name": "dom.media.mediasession.enabled",
                    "value_to_set": "true"
                  }
                ]
              }
            ],
            "firefox_android": {
              "version_added": "82",
              "partial_implementation": true,
              "notes": "Firefox exposes the API, but does not provide a corresponding user-facing media control interface."
            },
            "ie": {
              "version_added": null
            },
            "opera": {
              "version_added": false
            },
            "opera_android": {
              "version_added": false
            },
            "safari": {
              "version_added": false
            },
            "safari_ios": {
              "version_added": false
            },
            "samsunginternet_android": {
              "version_added": "7.0"
            },
            "webview_android": {
              "version_added": false
            }
          },
          "status": {
            "experimental": false,
            "standard_track": true,
            "deprecated": false
          }
        }
      }
    }
  }
}
