{
  "api": {
    "MediaDeviceInfo": {
      "__compat": {
        "mdn_url": "https://developer.mozilla.org/docs/Web/API/MediaDeviceInfo",
        "support": {
          "chrome": {
            "version_added": "55"
          },
          "chrome_android": {
            "version_added": "55"
          },
          "edge": {
            "version_added": "12"
          },
          "firefox": {
            "version_added": "39"
          },
          "firefox_android": {
            "version_added": "39"
          },
          "ie": {
            "version_added": false
          },
          "opera": {
            "version_added": "42"
          },
          "opera_android": {
            "version_added": "42"
          },
          "safari": {
            "version_added": "11"
          },
          "safari_ios": {
            "version_added": "11"
          },
          "samsunginternet_android": {
            "version_added": "6.0"
          },
          "webview_android": {
            "version_added": "55"
          }
        },
        "status": {
          "experimental": false,
          "standard_track": true,
          "deprecated": false
        }
      },
      "deviceId": {
        "__compat": {
          "mdn_url": "https://developer.mozilla.org/docs/Web/API/MediaDeviceInfo/deviceId",
          "support": {
            "chrome": {
              "version_added": "55"
            },
            "chrome_android": {
              "version_added": "55"
            },
            "edge": {
              "version_added": "12"
            },
            "firefox": {
              "version_added": "39"
            },
            "firefox_android": {
              "version_added": "39"
            },
            "ie": {
              "version_added": false
            },
            "opera": {
              "version_added": "42"
            },
            "opera_android": {
              "version_added": "42"
            },
            "safari": {
              "version_added": "11"
            },
            "safari_ios": {
              "version_added": "11"
            },
            "samsunginternet_android": {
              "version_added": "6.0"
            },
            "webview_android": {
              "version_added": "55"
            }
          },
          "status": {
            "experimental": false,
            "standard_track": true,
            "deprecated": false
          }
        }
      },
      "groupId": {
        "__compat": {
          "mdn_url": "https://developer.mozilla.org/docs/Web/API/MediaDeviceInfo/groupId",
          "support": {
            "chrome": {
              "version_added": "55"
            },
            "chrome_android": {
              "version_added": "55"
            },
            "edge": {
              "version_added": "12"
            },
            "firefox": {
              "version_added": "39",
              "notes": "Prior to Firefox 67, related devices are not actually grouped together by <code>groupId</code>."
            },
            "firefox_android": {
              "version_added": "39",
              "notes": "Prior to Firefox 67, related devices are not actually grouped together by <code>groupId</code>."
            },
            "ie": {
              "version_added": false
            },
            "opera": {
              "version_added": "42"
            },
            "opera_android": {
              "version_added": "42"
            },
            "safari": {
              "version_added": "11"
            },
            "safari_ios": {
              "version_added": "11"
            },
            "samsunginternet_android": {
              "version_added": "6.0"
            },
            "webview_android": {
              "version_added": "55"
            }
          },
          "status": {
            "experimental": false,
            "standard_track": true,
            "deprecated": false
          }
        }
      },
      "kind": {
        "__compat": {
          "mdn_url": "https://developer.mozilla.org/docs/Web/API/MediaDeviceInfo/kind",
          "support": {
            "chrome": {
              "version_added": "55"
            },
            "chrome_android": {
              "version_added": "55"
            },
            "edge": {
              "version_added": "12"
            },
            "firefox": {
              "version_added": "39"
            },
            "firefox_android": {
              "version_added": "39"
            },
            "ie": {
              "version_added": false
            },
            "opera": {
              "version_added": "42"
            },
            "opera_android": {
              "version_added": "42"
            },
            "safari": {
              "version_added": "11"
            },
            "safari_ios": {
              "version_added": "11"
            },
            "samsunginternet_android": {
              "version_added": "6.0"
            },
            "webview_android": {
              "version_added": "55"
            }
          },
          "status": {
            "experimental": false,
            "standard_track": true,
            "deprecated": false
          }
        }
      },
      "label": {
        "__compat": {
          "mdn_url": "https://developer.mozilla.org/docs/Web/API/MediaDeviceInfo/label",
          "support": {
            "chrome": {
              "version_added": "55"
            },
            "chrome_android": {
              "version_added": "55"
            },
            "edge": {
              "version_added": "12"
            },
            "firefox": {
              "version_added": "39"
            },
            "firefox_android": {
              "version_added": "39"
            },
            "ie": {
              "version_added": false
            },
            "opera": {
              "version_added": "42"
            },
            "opera_android": {
              "version_added": "42"
            },
            "safari": {
              "version_added": "11"
            },
            "safari_ios": {
              "version_added": "11"
            },
            "samsunginternet_android": {
              "version_added": "6.0"
            },
            "webview_android": {
              "version_added": "55"
            }
          },
          "status": {
            "experimental": false,
            "standard_track": true,
            "deprecated": false
          }
        }
      },
      "toJSON": {
        "__compat": {
          "mdn_url": "https://developer.mozilla.org/docs/Web/API/MediaDeviceInfo/toJSON",
          "description": "<code>toJSON()</code>",
          "support": {
            "chrome": {
              "version_added": "55"
            },
            "chrome_android": {
              "version_added": "55"
            },
            "edge": {
              "version_added": "18"
            },
            "firefox": {
              "version_added": "42"
            },
            "firefox_android": {
              "version_added": "42"
            },
            "ie": {
              "version_added": false
            },
            "opera": {
              "version_added": "42"
            },
            "opera_android": {
              "version_added": "42"
            },
            "safari": {
              "version_added": "11"
            },
            "safari_ios": {
              "version_added": "11"
            },
            "samsunginternet_android": {
              "version_added": "6.0"
            },
            "webview_android": {
              "version_added": "55"
            }
          },
          "status": {
            "experimental": false,
            "standard_track": true,
            "deprecated": false
          }
        }
      }
    }
  }
}
