{
  "api": {
    "MediaKeyStatusMap": {
      "__compat": {
        "mdn_url": "https://developer.mozilla.org/docs/Web/API/MediaKeyStatusMap",
        "support": {
          "chrome": {
            "version_added": "42"
          },
          "chrome_android": {
            "version_added": "42"
          },
          "edge": {
            "version_added": "13"
          },
          "firefox": {
            "version_added": "38"
          },
          "firefox_android": {
            "version_added": "38"
          },
          "ie": {
            "version_added": false
          },
          "opera": {
            "version_added": "29"
          },
          "opera_android": {
            "version_added": "29"
          },
          "safari": {
            "version_added": "12.1"
          },
          "safari_ios": {
            "version_added": "12.2"
          },
          "samsunginternet_android": {
            "version_added": "4.0"
          },
          "webview_android": {
            "version_added": "43"
          }
        },
        "status": {
          "experimental": true,
          "standard_track": true,
          "deprecated": false
        }
      },
      "entries": {
        "__compat": {
          "mdn_url": "https://developer.mozilla.org/docs/Web/API/MediaKeyStatusMap/entries",
          "support": {
            "chrome": {
              "version_added": "42"
            },
            "chrome_android": {
              "version_added": "42"
            },
            "edge": {
              "version_added": "16"
            },
            "firefox": {
              "version_added": "38"
            },
            "firefox_android": {
              "version_added": "38"
            },
            "ie": {
              "version_added": false
            },
            "opera": {
              "version_added": "29"
            },
            "opera_android": {
              "version_added": "29"
            },
            "safari": {
              "version_added": "12.1"
            },
            "safari_ios": {
              "version_added": "12.2"
            },
            "samsunginternet_android": {
              "version_added": "4.0"
            },
            "webview_android": {
              "version_added": "43"
            }
          },
          "status": {
            "experimental": true,
            "standard_track": true,
            "deprecated": false
          }
        }
      },
      "forEach": {
        "__compat": {
          "mdn_url": "https://developer.mozilla.org/docs/Web/API/MediaKeyStatusMap/forEach",
          "support": {
            "chrome": {
              "version_added": "42"
            },
            "chrome_android": {
              "version_added": "42"
            },
            "edge": {
              "version_added": "13"
            },
            "firefox": {
              "version_added": "47"
            },
            "firefox_android": {
              "version_added": "47"
            },
            "ie": {
              "version_added": false
            },
            "opera": {
              "version_added": "29"
            },
            "opera_android": {
              "version_added": "29"
            },
            "safari": {
              "version_added": "12.1"
            },
            "safari_ios": {
              "version_added": "12.2"
            },
            "samsunginternet_android": {
              "version_added": "4.0"
            },
            "webview_android": {
              "version_added": "43"
            }
          },
          "status": {
            "experimental": true,
            "standard_track": true,
            "deprecated": false
          }
        }
      },
      "get": {
        "__compat": {
          "mdn_url": "https://developer.mozilla.org/docs/Web/API/MediaKeyStatusMap/get",
          "support": {
            "chrome": {
              "version_added": "42"
            },
            "chrome_android": {
              "version_added": "42"
            },
            "edge": {
              "version_added": "13"
            },
            "firefox": {
              "version_added": "45"
            },
            "firefox_android": {
              "version_added": "45"
            },
            "ie": {
              "version_added": false
            },
            "opera": {
              "version_added": "29"
            },
            "opera_android": {
              "version_added": "29"
            },
            "safari": {
              "version_added": "12.1"
            },
            "safari_ios": {
              "version_added": "12.2"
            },
            "samsunginternet_android": {
              "version_added": "4.0"
            },
            "webview_android": {
              "version_added": "43"
            }
          },
          "status": {
            "experimental": true,
            "standard_track": true,
            "deprecated": false
          }
        }
      },
      "has": {
        "__compat": {
          "mdn_url": "https://developer.mozilla.org/docs/Web/API/MediaKeyStatusMap/has",
          "support": {
            "chrome": {
              "version_added": "42"
            },
            "chrome_android": {
              "version_added": "42"
            },
            "edge": {
              "version_added": "13"
            },
            "firefox": {
              "version_added": "45"
            },
            "firefox_android": {
              "version_added": "45"
            },
            "ie": {
              "version_added": false
            },
            "opera": {
              "version_added": "29"
            },
            "opera_android": {
              "version_added": "29"
            },
            "safari": {
              "version_added": "12.1"
            },
            "safari_ios": {
              "version_added": "12.2"
            },
            "samsunginternet_android": {
              "version_added": "4.0"
            },
            "webview_android": {
              "version_added": "43"
            }
          },
          "status": {
            "experimental": true,
            "standard_track": true,
            "deprecated": false
          }
        }
      },
      "keys": {
        "__compat": {
          "mdn_url": "https://developer.mozilla.org/docs/Web/API/MediaKeyStatusMap/keys",
          "support": {
            "chrome": {
              "version_added": "42"
            },
            "chrome_android": {
              "version_added": "42"
            },
            "edge": {
              "version_added": "16"
            },
            "firefox": {
              "version_added": "38"
            },
            "firefox_android": {
              "version_added": "38"
            },
            "ie": {
              "version_added": false
            },
            "opera": {
              "version_added": "29"
            },
            "opera_android": {
              "version_added": "29"
            },
            "safari": {
              "version_added": "12.1"
            },
            "safari_ios": {
              "version_added": "12.2"
            },
            "samsunginternet_android": {
              "version_added": "4.0"
            },
            "webview_android": {
              "version_added": "43"
            }
          },
          "status": {
            "experimental": true,
            "standard_track": true,
            "deprecated": false
          }
        }
      },
      "size": {
        "__compat": {
          "mdn_url": "https://developer.mozilla.org/docs/Web/API/MediaKeyStatusMap/size",
          "support": {
            "chrome": {
              "version_added": "42"
            },
            "chrome_android": {
              "version_added": "42"
            },
            "edge": {
              "version_added": "13"
            },
            "firefox": {
              "version_added": "38"
            },
            "firefox_android": {
              "version_added": "38"
            },
            "ie": {
              "version_added": false
            },
            "opera": {
              "version_added": "29"
            },
            "opera_android": {
              "version_added": "29"
            },
            "safari": {
              "version_added": "12.1"
            },
            "safari_ios": {
              "version_added": "12.2"
            },
            "samsunginternet_android": {
              "version_added": "4.0"
            },
            "webview_android": {
              "version_added": "43"
            }
          },
          "status": {
            "experimental": true,
            "standard_track": true,
            "deprecated": false
          }
        }
      },
      "values": {
        "__compat": {
          "mdn_url": "https://developer.mozilla.org/docs/Web/API/MediaKeyStatusMap/values",
          "support": {
            "chrome": {
              "version_added": "42"
            },
            "chrome_android": {
              "version_added": "42"
            },
            "edge": {
              "version_added": "16"
            },
            "firefox": {
              "version_added": "38"
            },
            "firefox_android": {
              "version_added": "38"
            },
            "ie": {
              "version_added": false
            },
            "opera": {
              "version_added": "29"
            },
            "opera_android": {
              "version_added": "29"
            },
            "safari": {
              "version_added": "12.1"
            },
            "safari_ios": {
              "version_added": "12.2"
            },
            "samsunginternet_android": {
              "version_added": "4.0"
            },
            "webview_android": {
              "version_added": "43"
            }
          },
          "status": {
            "experimental": true,
            "standard_track": true,
            "deprecated": false
          }
        }
      },
      "@@iterator": {
        "__compat": {
          "support": {
            "chrome": {
              "version_added": "42"
            },
            "chrome_android": {
              "version_added": "42"
            },
            "edge": {
              "version_added": "16"
            },
            "firefox": {
              "version_added": "45"
            },
            "firefox_android": {
              "version_added": "45"
            },
            "ie": {
              "version_added": false
            },
            "opera": {
              "version_added": "29"
            },
            "opera_android": {
              "version_added": "29"
            },
            "safari": {
              "version_added": "12.1"
            },
            "safari_ios": {
              "version_added": "12.2"
            },
            "samsunginternet_android": {
              "version_added": "4.0"
            },
            "webview_android": {
              "version_added": "43"
            }
          },
          "status": {
            "experimental": true,
            "standard_track": true,
            "deprecated": false
          }
        }
      }
    }
  }
}
