{
  "api": {
    "MIDIMessageEvent": {
      "__compat": {
        "mdn_url": "https://developer.mozilla.org/docs/Web/API/MIDIMessageEvent",
        "support": {
          "chrome": {
            "version_added": "43"
          },
          "chrome_android": {
            "version_added": "43"
          },
          "edge": {
            "version_added": "≤79"
          },
          "firefox": {
            "version_added": null
          },
          "firefox_android": {
            "version_added": null
          },
          "ie": {
            "version_added": false
          },
          "opera": {
            "version_added": "30"
          },
          "opera_android": {
            "version_added": "30"
          },
          "safari": {
            "version_added": false
          },
          "safari_ios": {
            "version_added": false
          },
          "samsunginternet_android": {
            "version_added": "4.0"
          },
          "webview_android": {
            "version_added": false
          }
        },
        "status": {
          "experimental": true,
          "standard_track": true,
          "deprecated": false
        }
      },
      "MIDIMessageEvent": {
        "__compat": {
          "mdn_url": "https://developer.mozilla.org/docs/Web/API/MIDIMessageEvent/MIDIMessageEvent",
          "description": "<code>MIDIMessageEvent()</code> constructor",
          "support": {
            "chrome": {
              "version_added": "43"
            },
            "chrome_android": {
              "version_added": "43"
            },
            "edge": {
              "version_added": "≤79"
            },
            "firefox": {
              "version_added": null
            },
            "firefox_android": {
              "version_added": null
            },
            "ie": {
              "version_added": false
            },
            "opera": {
              "version_added": "30"
            },
            "opera_android": {
              "version_added": "30"
            },
            "safari": {
              "version_added": false
            },
            "safari_ios": {
              "version_added": false
            },
            "samsunginternet_android": {
              "version_added": "4.0"
            },
            "webview_android": {
              "version_added": false
            }
          },
          "status": {
            "experimental": true,
            "standard_track": true,
            "deprecated": false
          }
        }
      },
      "data": {
        "__compat": {
          "mdn_url": "https://developer.mozilla.org/docs/Web/API/MIDIMessageEvent/data",
          "support": {
            "chrome": {
              "version_added": "43"
            },
            "chrome_android": {
              "version_added": "43"
            },
            "edge": {
              "version_added": "≤79"
            },
            "firefox": {
              "version_added": null
            },
            "firefox_android": {
              "version_added": null
            },
            "ie": {
              "version_added": false
            },
            "opera": {
              "version_added": "30"
            },
            "opera_android": {
              "version_added": "30"
            },
            "safari": {
              "version_added": false
            },
            "safari_ios": {
              "version_added": false
            },
            "samsunginternet_android": {
              "version_added": "4.0"
            },
            "webview_android": {
              "version_added": false
            }
          },
          "status": {
            "experimental": true,
            "standard_track": true,
            "deprecated": false
          }
        }
      }
    }
  }
}
