{
  "api": {
    "MouseScrollEvent": {
      "__compat": {
        "mdn_url": "https://developer.mozilla.org/docs/Web/API/MouseScrollEvent",
        "support": {
          "chrome": {
            "version_added": false
          },
          "chrome_android": {
            "version_added": false
          },
          "edge": {
            "version_added": false
          },
          "firefox": {
            "version_added": "3.5"
          },
          "firefox_android": {
            "version_added": "4"
          },
          "ie": {
            "version_added": false
          },
          "opera": {
            "version_added": false
          },
          "opera_android": {
            "version_added": false
          },
          "safari": {
            "version_added": false
          },
          "safari_ios": {
            "version_added": false
          },
          "samsunginternet_android": {
            "version_added": false
          },
          "webview_android": {
            "version_added": false
          }
        },
        "status": {
          "experimental": false,
          "standard_track": false,
          "deprecated": true
        }
      }
    }
  }
}
