{
  "api": {
    "NavigatorOnLine": {
      "__compat": {
        "mdn_url": "https://developer.mozilla.org/docs/Web/API/NavigatorOnLine",
        "support": {
          "chrome": {
            "version_added": "1"
          },
          "chrome_android": {
            "version_added": "18"
          },
          "edge": {
            "version_added": "12"
          },
          "firefox": {
            "version_added": "1.5"
          },
          "firefox_android": {
            "version_added": "4"
          },
          "ie": {
            "version_added": "4"
          },
          "opera": {
            "version_added": "3"
          },
          "opera_android": {
            "version_added": "10.1"
          },
          "safari": {
            "version_added": "4"
          },
          "safari_ios": {
            "version_added": "3.2"
          },
          "samsunginternet_android": {
            "version_added": "1.0"
          },
          "webview_android": {
            "version_added": "1"
          }
        },
        "status": {
          "experimental": false,
          "standard_track": true,
          "deprecated": false
        }
      },
      "onLine": {
        "__compat": {
          "mdn_url": "https://developer.mozilla.org/docs/Web/API/NavigatorOnLine/onLine",
          "support": {
            "chrome": {
              "version_added": "1",
              "notes": "Earlier versions of Chrome incorrectly return true when a tab is first opened, but it starts reporting the correct connectivity status after the first network event. Windows: 11, Mac: 14, Chrome OS: 13, Linux: Always returns <code>true</code>. For history, see <a href='https://crbug.com/7469'>crbug.com/7469</a>."
            },
            "chrome_android": {
              "version_added": "18"
            },
            "edge": {
              "version_added": "12"
            },
            "firefox": {
              "version_added": "1.5",
              "notes": "Since Firefox 4 the browser returns <code>true</code> when 'Work Offline' mode is disabled and <code>false</code> when it is enabled, regardless of actual connectivity. Since Firefox 41, on OS X and Windows, the returned values follow the actual network connectivity, unless 'Work offline' mode is selected (where it will always return <code>false</code>)."
            },
            "firefox_android": {
              "version_added": "4"
            },
            "ie": {
              "version_added": "4",
              "notes": "in Internet Explorer 8 'online' and 'offline' events are raised on the <code>document.body</code>; under IE 9 they are raised on both <code>document.body</code> and <code>window</code>."
            },
            "opera": {
              "version_added": "3",
              "notes": "From Opera 11.1 until Opera 12.1, the browser returns <code>true</code> when 'Work Offline' mode is disabled and <code>false</code> when it is enabled, regardless of actual connectivity."
            },
            "opera_android": {
              "version_added": "10.1",
              "notes": "From Opera 11.1 until Opera 12.1, the browser returns <code>true</code> when 'Work Offline' mode is disabled and <code>false</code> when it is enabled, regardless of actual connectivity."
            },
            "safari": {
              "version_added": "4"
            },
            "safari_ios": {
              "version_added": "3.2"
            },
            "samsunginternet_android": {
              "version_added": "1.0"
            },
            "webview_android": {
              "version_added": "1",
              "notes": "Faulty in a WebView component, see Issue <a href='http://code.google.com/p/android/issues/detail?id=16760'>bug 16760</a>."
            }
          },
          "status": {
            "experimental": false,
            "standard_track": true,
            "deprecated": false
          }
        }
      }
    }
  }
}
