{
  "api": {
    "NavigatorLanguage": {
      "__compat": {
        "mdn_url": "https://developer.mozilla.org/docs/Web/API/NavigatorLanguage",
        "support": {
          "chrome": {
            "version_added": "1"
          },
          "chrome_android": {
            "version_added": "18"
          },
          "edge": {
            "version_added": "12"
          },
          "firefox": {
            "version_added": "1"
          },
          "firefox_android": {
            "version_added": "4"
          },
          "ie": {
            "version_added": "11"
          },
          "opera": {
            "version_added": "4"
          },
          "opera_android": {
            "version_added": "10.1"
          },
          "safari": {
            "version_added": "1"
          },
          "safari_ios": {
            "version_added": "1"
          },
          "samsunginternet_android": {
            "version_added": "1.0"
          },
          "webview_android": {
            "version_added": "1"
          }
        },
        "status": {
          "experimental": false,
          "standard_track": true,
          "deprecated": false
        }
      },
      "language": {
        "__compat": {
          "mdn_url": "https://developer.mozilla.org/docs/Web/API/NavigatorLanguage/language",
          "support": {
            "chrome": {
              "version_added": "1"
            },
            "chrome_android": {
              "version_added": "18"
            },
            "edge": {
              "version_added": "12"
            },
            "firefox": {
              "version_added": "1",
              "notes": "Prior to Firefox 4, this property's value was also part of the user agent string, as reported by <code>navigator.userAgent</code>. Starting in Firefox 5, this property's value is based on the value of the <code>Accept-Language</code> <a href='https://developer.mozilla.org/docs/Web/HTTP/Headers'>HTTP header</a>."
            },
            "firefox_android": {
              "version_added": "4"
            },
            "ie": {
              "version_added": "11",
              "notes": "Closest available (non-standard) properties are <code>userLanguage</code> and <code>browserLanguage</code>."
            },
            "opera": {
              "version_added": "4"
            },
            "opera_android": {
              "version_added": "10.1"
            },
            "safari": {
              "version_added": "1"
            },
            "safari_ios": {
              "version_added": "1"
            },
            "samsunginternet_android": {
              "version_added": "1.0"
            },
            "webview_android": {
              "version_added": "1"
            }
          },
          "status": {
            "experimental": false,
            "standard_track": true,
            "deprecated": false
          }
        }
      },
      "languages": {
        "__compat": {
          "mdn_url": "https://developer.mozilla.org/docs/Web/API/NavigatorLanguage/languages",
          "support": {
            "chrome": {
              "version_added": "37",
              "notes": "Before Chrome 65, <code>navigator.languages[0]</code> is not guaranteed to equal <code>navigator.language</code>."
            },
            "chrome_android": {
              "version_added": "37",
              "notes": "Before Chrome 65, <code>navigator.languages[0]</code> is not guaranteed to equal <code>navigator.language</code>."
            },
            "edge": {
              "version_added": "16"
            },
            "firefox": {
              "version_added": "32",
              "notes": "In Firefox, the <code>navigator.languages</code> property's value is taken from the <code>intl.accept_languages</code> preference."
            },
            "firefox_android": {
              "version_added": "32",
              "notes": "In Firefox, the <code>navigator.languages</code> property's value is taken from the <code>intl.accept_languages</code> preference."
            },
            "ie": {
              "version_added": false,
              "notes": "Closest available (non-standard) properties are <code>userLanguage</code> and <code>browserLanguage</code>."
            },
            "opera": {
              "version_added": "24"
            },
            "opera_android": {
              "version_added": "24"
            },
            "safari": {
              "version_added": "10.1"
            },
            "safari_ios": {
              "version_added": "10.3"
            },
            "samsunginternet_android": {
              "version_added": "3.0"
            },
            "webview_android": {
              "version_added": "37",
              "notes": "Before version 65, <code>navigator.languages[0]</code> is not guaranteed to equal <code>navigator.language</code>."
            }
          },
          "status": {
            "experimental": true,
            "standard_track": true,
            "deprecated": false
          }
        }
      }
    }
  }
}
