{
  "api": {
    "NavigatorConcurrentHardware": {
      "__compat": {
        "mdn_url": "https://developer.mozilla.org/docs/Web/API/NavigatorConcurrentHardware",
        "support": {
          "chrome": {
            "version_added": "37"
          },
          "chrome_android": {
            "version_added": "37"
          },
          "edge": {
            "version_added": "15"
          },
          "firefox": {
            "version_added": "48"
          },
          "firefox_android": {
            "version_added": "48"
          },
          "ie": {
            "version_added": false
          },
          "opera": {
            "version_added": "24"
          },
          "opera_android": {
            "version_added": "24"
          },
          "safari": {
            "version_added": "10.1",
            "version_removed": "11"
          },
          "safari_ios": {
            "version_added": "10.3",
            "version_removed": "11"
          },
          "samsunginternet_android": {
            "version_added": "3.0"
          },
          "webview_android": {
            "version_added": "37"
          }
        },
        "status": {
          "experimental": false,
          "standard_track": true,
          "deprecated": false
        }
      },
      "hardwareConcurrency": {
        "__compat": {
          "mdn_url": "https://developer.mozilla.org/docs/Web/API/NavigatorConcurrentHardware/hardwareConcurrency",
          "support": {
            "chrome": {
              "version_added": "37"
            },
            "chrome_android": {
              "version_added": "37"
            },
            "edge": {
              "version_added": "15"
            },
            "firefox": {
              "version_added": "48"
            },
            "firefox_android": {
              "version_added": "48"
            },
            "ie": {
              "version_added": false
            },
            "opera": {
              "version_added": "24"
            },
            "opera_android": {
              "version_added": "24"
            },
            "safari": {
              "version_added": "10.1",
              "version_removed": "11"
            },
            "safari_ios": {
              "version_added": "10.3",
              "version_removed": "11"
            },
            "samsunginternet_android": {
              "version_added": "3.0"
            },
            "webview_android": {
              "version_added": "37"
            }
          },
          "status": {
            "experimental": false,
            "standard_track": true,
            "deprecated": false
          }
        }
      }
    }
  }
}
