{
  "api": {
    "Navigator": {
      "__compat": {
        "mdn_url": "https://developer.mozilla.org/docs/Web/API/Navigator",
        "support": {
          "chrome": {
            "version_added": "1"
          },
          "chrome_android": {
            "version_added": "18"
          },
          "edge": {
            "version_added": "12"
          },
          "firefox": {
            "version_added": "1"
          },
          "firefox_android": {
            "version_added": "4"
          },
          "ie": {
            "version_added": "4"
          },
          "opera": {
            "version_added": "3"
          },
          "opera_android": {
            "version_added": "10.1"
          },
          "safari": {
            "version_added": "1"
          },
          "safari_ios": {
            "version_added": "1"
          },
          "samsunginternet_android": {
            "version_added": "1.0"
          },
          "webview_android": {
            "version_added": "1"
          }
        },
        "status": {
          "experimental": false,
          "standard_track": true,
          "deprecated": false
        }
      },
      "activeVRDisplays": {
        "__compat": {
          "mdn_url": "https://developer.mozilla.org/docs/Web/API/Navigator/activeVRDisplays",
          "support": {
            "chrome": {
              "version_added": false
            },
            "chrome_android": {
              "version_added": "79",
              "version_removed": "80",
              "notes": "Supported only by Google Daydream."
            },
            "edge": {
              "version_added": "15",
              "version_removed": "79",
              "notes": "WebVR content requires a Windows Mixed Reality headset or the Windows Mixed Reality Portal Simulator."
            },
            "firefox": [
              {
                "version_added": "55",
                "notes": "Windows support was enabled in Firefox 55."
              },
              {
                "version_added": "64",
                "notes": "macOS support was enabled in Firefox 64."
              }
            ],
            "firefox_android": {
              "version_added": "55"
            },
            "ie": {
              "version_added": false
            },
            "opera": {
              "version_added": false
            },
            "opera_android": {
              "version_added": false
            },
            "safari": {
              "version_added": false
            },
            "safari_ios": {
              "version_added": false
            },
            "samsunginternet_android": {
              "version_added": "12.0",
              "version_removed": "13.0",
              "notes": "Supported only by Google Daydream."
            },
            "webview_android": {
              "version_added": false
            }
          },
          "status": {
            "experimental": true,
            "standard_track": true,
            "deprecated": true
          }
        },
        "secure_context_required": {
          "__compat": {
            "description": "Secure context required",
            "support": {
              "chrome": {
                "version_added": false
              },
              "chrome_android": {
                "version_added": "79",
                "version_removed": "80"
              },
              "edge": {
                "version_added": false
              },
              "firefox": {
                "version_added": "73"
              },
              "firefox_android": {
                "version_added": false
              },
              "ie": {
                "version_added": false
              },
              "opera": {
                "version_added": false
              },
              "opera_android": {
                "version_added": false
              },
              "safari": {
                "version_added": false
              },
              "safari_ios": {
                "version_added": false
              },
              "samsunginternet_android": {
                "version_added": "12.0",
                "version_removed": "13.0"
              },
              "webview_android": {
                "version_added": "79",
                "version_removed": "80"
              }
            },
            "status": {
              "experimental": true,
              "standard_track": true,
              "deprecated": true
            }
          }
        }
      },
      "authentication": {
        "__compat": {
          "mdn_url": "https://developer.mozilla.org/docs/Web/API/Navigator/authentication",
          "support": {
            "chrome": {
              "version_added": "67",
              "flags": [
                {
                  "name": "WebAuth",
                  "type": "preference"
                }
              ]
            },
            "chrome_android": {
              "version_added": "67",
              "flags": [
                {
                  "name": "WebAuth",
                  "type": "preference"
                }
              ]
            },
            "edge": {
              "version_added": "79",
              "flags": [
                {
                  "name": "WebAuth",
                  "type": "preference"
                }
              ]
            },
            "firefox": {
              "version_added": false
            },
            "firefox_android": {
              "version_added": false
            },
            "ie": {
              "version_added": false
            },
            "opera": {
              "version_added": null
            },
            "opera_android": {
              "version_added": null
            },
            "safari": {
              "version_added": false
            },
            "safari_ios": {
              "version_added": false
            },
            "samsunginternet_android": {
              "version_added": false
            },
            "webview_android": {
              "version_added": false
            }
          },
          "status": {
            "experimental": false,
            "standard_track": true,
            "deprecated": false
          }
        }
      },
      "battery": {
        "__compat": {
          "mdn_url": "https://developer.mozilla.org/docs/Web/API/Navigator/battery",
          "support": {
            "chrome": {
              "version_added": "20",
              "version_removed": "29",
              "prefix": "webkit"
            },
            "chrome_android": {
              "version_added": false
            },
            "edge": {
              "version_added": false
            },
            "firefox": [
              {
                "version_added": "16",
                "version_removed": "50",
                "notes": [
                  "Removed in favor of <code>navigator.getBattery()</code>.",
                  "The Battery API was supported on Android, Windows, and Linux with UPower installed. Support for macOS was available starting with Firefox 18."
                ]
              },
              {
                "version_added": "11",
                "version_removed": "16",
                "prefix": "moz"
              },
              {
                "version_added": "10",
                "version_removed": "16",
                "flags": [
                  {
                    "type": "preference",
                    "name": "dom.battery.enabled",
                    "value_to_set": "true"
                  }
                ]
              }
            ],
            "firefox_android": [
              {
                "version_added": "16",
                "version_removed": "50",
                "notes": [
                  "Removed in favor of <code>navigator.getBattery()</code>.",
                  "The Battery API was supported on Android, Windows, and Linux with UPower installed. Support for macOS was available starting with Firefox 18."
                ]
              },
              {
                "version_added": "14",
                "version_removed": "16",
                "prefix": "moz"
              },
              {
                "version_added": "10",
                "version_removed": "16",
                "flags": [
                  {
                    "type": "preference",
                    "name": "dom.battery.enabled",
                    "value_to_set": "true"
                  }
                ]
              }
            ],
            "ie": {
              "version_added": false
            },
            "opera": {
              "version_added": false
            },
            "opera_android": {
              "version_added": false
            },
            "safari": {
              "version_added": false
            },
            "safari_ios": {
              "version_added": false
            },
            "samsunginternet_android": {
              "version_added": false
            },
            "webview_android": {
              "version_added": false
            }
          },
          "status": {
            "experimental": false,
            "standard_track": true,
            "deprecated": true
          }
        }
      },
      "bluetooth": {
        "__compat": {
          "support": {
            "chrome": {
              "version_added": "70"
            },
            "chrome_android": {
              "version_added": "70"
            },
            "edge": {
              "version_added": "79"
            },
            "firefox": {
              "version_added": false
            },
            "firefox_android": {
              "version_added": false
            },
            "ie": {
              "version_added": false
            },
            "opera": {
              "version_added": "57"
            },
            "opera_android": {
              "version_added": "49"
            },
            "safari": {
              "version_added": false
            },
            "safari_ios": {
              "version_added": false
            },
            "samsunginternet_android": {
              "version_added": "10.0"
            },
            "webview_android": {
              "version_added": "70"
            }
          },
          "status": {
            "experimental": true,
            "standard_track": false,
            "deprecated": false
          }
        }
      },
      "buildID": {
        "__compat": {
          "mdn_url": "https://developer.mozilla.org/docs/Web/API/Navigator/buildID",
          "support": {
            "chrome": {
              "version_added": false
            },
            "chrome_android": {
              "version_added": false
            },
            "edge": {
              "version_added": false
            },
            "firefox": [
              {
                "version_added": "64",
                "notes": "Returns a fixed timestamp as a privacy measure - <code>20181001000000</code>."
              },
              {
                "version_added": "2"
              }
            ],
            "firefox_android": [
              {
                "version_added": "64",
                "notes": "Returns a fixed timestamp as a privacy measure - <code>20181001000000</code>."
              },
              {
                "version_added": true
              }
            ],
            "ie": {
              "version_added": false
            },
            "opera": {
              "version_added": null
            },
            "opera_android": {
              "version_added": null
            },
            "safari": {
              "version_added": null
            },
            "safari_ios": {
              "version_added": null
            },
            "samsunginternet_android": {
              "version_added": false
            },
            "webview_android": {
              "version_added": false
            }
          },
          "status": {
            "experimental": false,
            "standard_track": false,
            "deprecated": false
          }
        }
      },
      "canShare": {
        "__compat": {
          "mdn_url": "https://developer.mozilla.org/docs/Web/API/Navigator/canShare",
          "support": {
            "chrome": {
              "version_added": false
            },
            "chrome_android": {
              "version_added": "75"
            },
            "edge": {
              "version_added": false
            },
            "firefox": {
              "version_added": false
            },
            "firefox_android": {
              "version_added": false
            },
            "ie": {
              "version_added": false
            },
            "opera": {
              "version_added": false
            },
            "opera_android": {
              "version_added": false
            },
            "safari": {
              "version_added": false
            },
            "safari_ios": {
              "version_added": false
            },
            "samsunginternet_android": {
              "version_added": "11.0"
            },
            "webview_android": {
              "version_added": false
            }
          },
          "status": {
            "experimental": true,
            "standard_track": false,
            "deprecated": false
          }
        }
      },
      "clearAppBadge": {
        "__compat": {
          "support": {
            "chrome": {
              "version_added": "81"
            },
            "chrome_android": {
              "version_added": "81"
            },
            "edge": {
              "version_added": "81"
            },
            "firefox": {
              "version_added": false
            },
            "firefox_android": {
              "version_added": false
            },
            "ie": {
              "version_added": false
            },
            "opera": {
              "version_added": false
            },
            "opera_android": {
              "version_added": "58"
            },
            "safari": {
              "version_added": false
            },
            "safari_ios": {
              "version_added": false
            },
            "samsunginternet_android": {
              "version_added": "13.0"
            },
            "webview_android": {
              "version_added": "81"
            }
          },
          "status": {
            "experimental": true,
            "standard_track": false,
            "deprecated": false
          }
        }
      },
      "clipboard": {
        "__compat": {
          "mdn_url": "https://developer.mozilla.org/docs/Web/API/Navigator/clipboard",
          "support": {
            "chrome": {
              "version_added": "66"
            },
            "chrome_android": {
              "version_added": "66"
            },
            "edge": {
              "version_added": "79"
            },
            "firefox": {
              "version_added": "63"
            },
            "firefox_android": {
              "version_added": "63"
            },
            "ie": {
              "version_added": false
            },
            "opera": {
              "version_added": "53"
            },
            "opera_android": {
              "version_added": "47"
            },
            "safari": {
              "version_added": "13.1"
            },
            "safari_ios": {
              "version_added": "13.4"
            },
            "samsunginternet_android": {
              "version_added": "9.0"
            },
            "webview_android": {
              "version_added": "66"
            }
          },
          "status": {
            "experimental": false,
            "standard_track": true,
            "deprecated": false
          }
        }
      },
      "connection": {
        "__compat": {
          "mdn_url": "https://developer.mozilla.org/docs/Web/API/Navigator/connection",
          "support": {
            "chrome": {
              "version_added": "61"
            },
            "chrome_android": {
              "version_added": "38"
            },
            "edge": {
              "version_added": "79"
            },
            "firefox": {
              "version_added": true,
              "flags": [
                {
                  "type": "preference",
                  "name": "dom.netinfo.enabled",
                  "value_to_set": "true"
                }
              ]
            },
            "firefox_android": {
              "version_added": "14",
              "notes": "The Network API is enabled by default. Can be disabled using the <code>dom.netinfo.enabled</code> preference."
            },
            "ie": {
              "version_added": false
            },
            "opera": {
              "version_added": true
            },
            "opera_android": {
              "version_added": "37"
            },
            "safari": {
              "version_added": false
            },
            "safari_ios": {
              "version_added": false
            },
            "samsunginternet_android": {
              "version_added": "3.0"
            },
            "webview_android": {
              "version_added": "50"
            }
          },
          "status": {
            "experimental": true,
            "standard_track": true,
            "deprecated": false
          }
        }
      },
      "contacts": {
        "__compat": {
          "mdn_url": "https://developer.mozilla.org/docs/Web/API/Navigator/contacts",
          "support": {
            "chrome": {
              "version_added": false
            },
            "chrome_android": {
              "version_added": "80"
            },
            "edge": {
              "version_added": false
            },
            "firefox": {
              "version_added": false
            },
            "firefox_android": {
              "version_added": false
            },
            "ie": {
              "version_added": false
            },
            "opera": {
              "version_added": false
            },
            "opera_android": {
              "version_added": "57"
            },
            "safari": {
              "version_added": false
            },
            "safari_ios": {
              "version_added": false
            },
            "samsunginternet_android": {
              "version_added": "13.0"
            },
            "webview_android": {
              "version_added": "80"
            }
          },
          "status": {
            "experimental": true,
            "standard_track": false,
            "deprecated": false
          }
        }
      },
      "cookieEnabled": {
        "__compat": {
          "mdn_url": "https://developer.mozilla.org/docs/Web/API/Navigator/cookieEnabled",
          "support": {
            "chrome": {
              "version_added": "1"
            },
            "chrome_android": {
              "version_added": "18"
            },
            "edge": {
              "version_added": "12"
            },
            "firefox": {
              "version_added": "1",
              "notes": "Prior to Firefox 8, <code>navigator.cookieEnabled</code> would report the wrong result if a site exception was in place for the page on which the check was performed. This has been fixed."
            },
            "firefox_android": {
              "version_added": "4",
              "notes": "Prior to Firefox 8, <code>navigator.cookieEnabled</code> would report the wrong result if a site exception was in place for the page on which the check was performed. This has been fixed."
            },
            "ie": {
              "version_added": "4"
            },
            "opera": {
              "version_added": "≤12.1"
            },
            "opera_android": {
              "version_added": "≤12.1"
            },
            "safari": {
              "version_added": "1"
            },
            "safari_ios": {
              "version_added": "1"
            },
            "samsunginternet_android": {
              "version_added": "1.0"
            },
            "webview_android": {
              "version_added": "1"
            }
          },
          "status": {
            "experimental": false,
            "standard_track": true,
            "deprecated": false
          }
        }
      },
      "credentials": {
        "__compat": {
          "mdn_url": "https://developer.mozilla.org/docs/Web/API/Navigator/credentials",
          "support": {
            "chrome": {
              "version_added": "51"
            },
            "chrome_android": {
              "version_added": "51"
            },
            "edge": {
              "version_added": "18"
            },
            "firefox": {
              "version_added": "61"
            },
            "firefox_android": {
              "version_added": "61"
            },
            "ie": {
              "version_added": false
            },
            "opera": {
              "version_added": "38"
            },
            "opera_android": {
              "version_added": "41"
            },
            "safari": {
              "version_added": "13"
            },
            "safari_ios": {
              "version_added": "13"
            },
            "samsunginternet_android": {
              "version_added": "5.0"
            },
            "webview_android": {
              "version_added": "51"
            }
          },
          "status": {
            "experimental": true,
            "standard_track": true,
            "deprecated": false
          }
        }
      },
      "deviceMemory": {
        "__compat": {
          "mdn_url": "https://developer.mozilla.org/docs/Web/API/Navigator/deviceMemory",
          "support": {
            "chrome": {
              "version_added": "63"
            },
            "chrome_android": {
              "version_added": "63"
            },
            "edge": {
              "version_added": "79"
            },
            "firefox": {
              "version_added": false
            },
            "firefox_android": {
              "version_added": false
            },
            "ie": {
              "version_added": false
            },
            "opera": {
              "version_added": "50"
            },
            "opera_android": {
              "version_added": "46"
            },
            "safari": {
              "version_added": false
            },
            "safari_ios": {
              "version_added": false
            },
            "samsunginternet_android": {
              "version_added": "8.0"
            },
            "webview_android": {
              "version_added": "63"
            }
          },
          "status": {
            "experimental": true,
            "standard_track": true,
            "deprecated": false
          }
        }
      },
      "doNotTrack": {
        "__compat": {
          "mdn_url": "https://developer.mozilla.org/docs/Web/API/Navigator/doNotTrack",
          "support": {
            "chrome": {
              "version_added": "23"
            },
            "chrome_android": {
              "version_added": true
            },
            "edge": {
              "version_added": "17",
              "notes": "Edge prior to version 17 implemented <code>window.doNotTrack</code>."
            },
            "firefox": {
              "version_added": "9",
              "notes": "Prior to Firefox 32, <code>navigator.doNotTrack</code> would report values of <code>yes</code> and <code>no</code> rather than <code>1</code> and <code>0</code>."
            },
            "firefox_android": {
              "version_added": "9",
              "notes": "Prior to Firefox 32, <code>navigator.doNotTrack</code> would report values of <code>yes</code> and <code>no</code> rather than <code>1</code> and <code>0</code>."
            },
            "ie": {
              "version_added": "9",
              "version_removed": "11",
              "prefix": "ms",
              "notes": "For IE11 and subsequent versions, use <code>window.doNotTrack</code>"
            },
            "opera": {
              "version_added": "12"
            },
            "opera_android": {
              "version_added": null
            },
            "safari": {
              "version_added": "5.1",
              "version_removed": "7",
              "notes": "Safari 7.1.3+ uses <code>window.doNotTrack</code> rather than <code>navigator.doNotTrack</code>."
            },
            "safari_ios": {
              "version_added": null
            },
            "samsunginternet_android": {
              "version_added": true
            },
            "webview_android": {
              "version_added": "≤37"
            }
          },
          "status": {
            "experimental": true,
            "standard_track": true,
            "deprecated": false
          }
        }
      },
      "geolocation": {
        "__compat": {
          "mdn_url": "https://developer.mozilla.org/docs/Web/API/Navigator/geolocation",
          "support": {
            "chrome": {
              "version_added": "5"
            },
            "chrome_android": {
              "version_added": "18"
            },
            "edge": {
              "version_added": "12"
            },
            "firefox": {
              "version_added": "3.5"
            },
            "firefox_android": {
              "version_added": "4"
            },
            "ie": {
              "version_added": "9"
            },
            "opera": {
              "version_added": "10.6"
            },
            "opera_android": {
              "version_added": "11"
            },
            "safari": {
              "version_added": "5"
            },
            "safari_ios": {
              "version_added": "4.2"
            },
            "samsunginternet_android": {
              "version_added": "1.0"
            },
            "webview_android": {
              "version_added": "≤37"
            }
          },
          "status": {
            "experimental": false,
            "standard_track": true,
            "deprecated": false
          }
        },
        "secure_context_required": {
          "__compat": {
            "description": "Secure context required",
            "support": {
              "chrome": {
                "version_added": "47"
              },
              "chrome_android": {
                "version_added": "47"
              },
              "edge": {
                "version_added": "≤79"
              },
              "firefox": {
                "version_added": "55"
              },
              "firefox_android": {
                "version_added": "55"
              },
              "ie": {
                "version_added": false
              },
              "opera": {
                "version_added": true
              },
              "opera_android": {
                "version_added": true
              },
              "safari": {
                "version_added": true
              },
              "safari_ios": {
                "version_added": true
              },
              "samsunginternet_android": {
                "version_added": "5.0"
              },
              "webview_android": {
                "version_added": "47"
              }
            },
            "status": {
              "experimental": false,
              "standard_track": true,
              "deprecated": false
            }
          }
        }
      },
      "getBattery": {
        "__compat": {
          "mdn_url": "https://developer.mozilla.org/docs/Web/API/Navigator/getBattery",
          "support": {
            "chrome": {
              "version_added": "38"
            },
            "chrome_android": {
              "version_added": "38"
            },
            "edge": {
              "version_added": "79"
            },
            "firefox": {
              "version_added": "43",
              "version_removed": "52",
              "notes": "From Firefox 52 onwards, the Battery Status API is only available in chrome/privileged code."
            },
            "firefox_android": {
              "version_added": "43",
              "version_removed": "52",
              "notes": "From Firefox 52 onwards, the Battery Status API is only available in chrome/privileged code."
            },
            "ie": {
              "version_added": false
            },
            "opera": {
              "version_added": "25"
            },
            "opera_android": {
              "version_added": "25"
            },
            "safari": {
              "version_added": false
            },
            "safari_ios": {
              "version_added": false
            },
            "samsunginternet_android": {
              "version_added": "3.0"
            },
            "webview_android": {
              "version_added": "38"
            }
          },
          "status": {
            "experimental": false,
            "standard_track": true,
            "deprecated": true
          }
        }
      },
      "getGamepads": {
        "__compat": {
          "mdn_url": "https://developer.mozilla.org/docs/Web/API/Navigator/getGamepads",
          "support": {
            "chrome": [
              {
                "version_added": "35"
              },
              {
                "version_added": "21",
                "prefix": "webkit"
              }
            ],
            "chrome_android": [
              {
                "version_added": "35"
              },
              {
                "version_added": "25",
                "prefix": "webkit"
              }
            ],
            "edge": {
              "version_added": "12"
            },
            "firefox": {
              "version_added": "29"
            },
            "firefox_android": {
              "version_added": false
            },
            "ie": {
              "version_added": false
            },
            "opera": [
              {
                "version_added": "22"
              },
              {
                "version_added": "15",
                "prefix": "webkit"
              }
            ],
            "opera_android": [
              {
                "version_added": "22"
              },
              {
                "version_added": "14",
                "prefix": "webkit"
              }
            ],
            "safari": {
              "version_added": "10.1"
            },
            "safari_ios": {
              "version_added": "10.3"
            },
            "samsunginternet_android": [
              {
                "version_added": "3.0"
              },
              {
                "prefix": "webkit",
                "version_added": "1.5"
              }
            ],
            "webview_android": [
              {
                "version_added": "37"
              },
              {
                "version_added": "≤37",
                "prefix": "webkit"
              }
            ]
          },
          "status": {
            "experimental": true,
            "standard_track": true,
            "deprecated": false
          }
        }
      },
      "getInstalledRelatedApps": {
        "__compat": {
          "support": {
            "chrome": [
              {
                "version_added": "85",
                "partial_implementation": true,
                "notes": "Only supported on Windows. Resolves with an empty array on other platforms."
              },
              {
                "version_added": "80",
                "version_removed": "85",
                "partial_implementation": true,
                "notes": "Always resolves with an empty array."
              }
            ],
            "chrome_android": {
              "version_added": "80"
            },
            "edge": [
              {
                "version_added": "85",
                "partial_implementation": true,
                "notes": "Only supported on Windows. Resolves with an empty array on other platforms."
              },
              {
                "version_added": "80",
                "version_removed": "85",
                "partial_implementation": true,
                "notes": "Always resolves with an empty array."
              }
            ],
            "firefox": {
              "version_added": false
            },
            "firefox_android": {
              "version_added": false
            },
            "ie": {
              "version_added": false
            },
            "opera": [
              {
                "version_added": "71",
                "partial_implementation": true,
                "notes": "Only supported on Windows. Resolves with an empty array on other platforms."
              },
              {
                "version_added": "67",
                "version_removed": "71",
                "partial_implementation": true,
                "notes": "Always resolves with an empty array."
              }
            ],
            "opera_android": {
              "version_added": false
            },
            "safari": {
              "version_added": false
            },
            "safari_ios": {
              "version_added": false
            },
            "samsunginternet_android": {
              "version_added": "13.0"
            },
            "webview_android": {
              "version_added": false
            }
          },
          "status": {
            "experimental": true,
            "standard_track": false,
            "deprecated": false
          }
        }
      },
      "getUserMedia": {
        "__compat": {
          "mdn_url": "https://developer.mozilla.org/docs/Web/API/Navigator/getUserMedia",
          "support": {
            "chrome": [
              {
                "version_added": "53"
              },
              {
                "version_added": "21",
                "prefix": "webkit"
              }
            ],
            "chrome_android": [
              {
                "version_added": "53"
              },
              {
                "version_added": "25",
                "prefix": "webkit"
              }
            ],
            "edge": [
              {
                "version_added": "12"
              },
              {
                "version_added": "79",
                "prefix": "webkit"
              }
            ],
            "firefox": {
              "version_added": "17",
              "prefix": "moz",
              "notes": "The constraint syntax described here is available as of Firefox 38. Earlier versions (32-37) used an outdated constraint syntax, but the syntax described here is available there through the <a href='https://github.com/webrtc/adapter'>adapter.js</a> polyfill."
            },
            "firefox_android": {
              "version_added": "24",
              "prefix": "moz",
              "notes": "The constraint syntax described here is available as of Firefox 38. Earlier versions (32-37) used an outdated constraint syntax, but the syntax described here is available there through the <a href='https://github.com/webrtc/adapter'>adapter.js</a> polyfill."
            },
            "ie": {
              "version_added": false
            },
            "opera": [
              {
                "version_added": "40"
              },
              {
                "version_added": "15",
                "prefix": "webkit"
              },
              {
                "version_added": "12",
                "version_removed": "15"
              }
            ],
            "opera_android": [
              {
                "version_added": "41"
              },
              {
                "version_added": "14",
                "prefix": "webkit"
              },
              {
                "version_added": "12",
                "version_removed": "14"
              }
            ],
            "safari": {
              "version_added": "11",
              "version_removed": "12"
            },
            "safari_ios": {
              "version_added": "11",
              "version_removed": "12"
            },
            "samsunginternet_android": [
              {
                "version_added": "6.0"
              },
              {
                "prefix": "webkit",
                "version_added": "1.5"
              }
            ],
            "webview_android": [
              {
                "version_added": "53"
              },
              {
                "version_added": "40",
                "prefix": "webkit"
              }
            ]
          },
          "status": {
            "experimental": false,
            "standard_track": false,
            "deprecated": true
          }
        }
      },
      "getVRDisplays": {
        "__compat": {
          "mdn_url": "https://developer.mozilla.org/docs/Web/API/Navigator/getVRDisplays",
          "support": {
            "chrome": {
              "version_added": false,
              "notes": "Available on all platforms behind a flag, but currently only works on desktop in an <a href='https://webvr.info/get-chrome/'>experimental version of Chrome</a> (other builds won't return any devices when <code>Navigator.getVRDisplays()</code> is invoked)."
            },
            "chrome_android": {
              "version_added": true,
              "version_removed": "80",
              "notes": "Currently supported only by Google Daydream."
            },
            "edge": {
              "version_added": "15",
              "version_removed": "79"
            },
            "firefox": [
              {
                "version_added": "55",
                "notes": "Windows support was enabled in Firefox 55."
              },
              {
                "version_added": "64",
                "notes": "macOS support was enabled in Firefox 64."
              }
            ],
            "firefox_android": {
              "version_added": "55"
            },
            "ie": {
              "version_added": false
            },
            "opera": {
              "version_added": false
            },
            "opera_android": {
              "version_added": false
            },
            "safari": {
              "version_added": false
            },
            "safari_ios": {
              "version_added": false
            },
            "samsunginternet_android": {
              "version_added": true,
              "version_removed": "13.0",
              "notes": "Currently supported only by Google Daydream."
            },
            "webview_android": {
              "version_added": false
            }
          },
          "status": {
            "experimental": true,
            "standard_track": true,
            "deprecated": true
          }
        }
      },
      "keyboard": {
        "__compat": {
          "mdn_url": "https://developer.mozilla.org/docs/Web/API/Navigator/keyboard",
          "support": {
            "chrome": {
              "version_added": "68"
            },
            "chrome_android": {
              "version_added": false
            },
            "edge": {
              "version_added": "79"
            },
            "firefox": {
              "version_added": false
            },
            "firefox_android": {
              "version_added": false
            },
            "ie": {
              "version_added": false
            },
            "opera": {
              "version_added": "55"
            },
            "opera_android": {
              "version_added": false
            },
            "safari": {
              "version_added": false
            },
            "safari_ios": {
              "version_added": false
            },
            "samsunginternet_android": {
              "version_added": false
            },
            "webview_android": {
              "version_added": "68"
            }
          },
          "status": {
            "experimental": true,
            "standard_track": true,
            "deprecated": false
          }
        }
      },
      "locks": {
        "__compat": {
          "mdn_url": "https://developer.mozilla.org/docs/Web/API/Navigator/locks",
          "support": {
            "chrome": {
              "version_added": "69"
            },
            "chrome_android": {
              "version_added": "69"
            },
            "edge": {
              "version_added": "79"
            },
            "firefox": {
              "version_added": false
            },
            "firefox_android": {
              "version_added": false
            },
            "ie": {
              "version_added": false
            },
            "opera": {
              "version_added": "56"
            },
            "opera_android": {
              "version_added": "48"
            },
            "safari": {
              "version_added": false
            },
            "safari_ios": {
              "version_added": false
            },
            "samsunginternet_android": {
              "version_added": "10.0"
            },
            "webview_android": {
              "version_added": "69"
            }
          },
          "status": {
            "experimental": true,
            "standard_track": true,
            "deprecated": false
          }
        }
      },
      "maxTouchPoints": {
        "__compat": {
          "mdn_url": "https://developer.mozilla.org/docs/Web/API/Navigator/maxTouchPoints",
          "support": {
            "chrome": {
              "version_added": "35"
            },
            "chrome_android": {
              "version_added": "35"
            },
            "edge": {
              "version_added": "12"
            },
            "firefox": [
              {
                "version_added": "59"
              },
              {
                "version_added": "29",
                "flags": [
                  {
                    "type": "preference",
                    "name": "dom.w3c_pointer_events.enabled",
                    "value_to_set": "true"
                  }
                ]
              }
            ],
            "firefox_android": [
              {
                "version_added": "79"
              },
              {
                "version_added": "29",
                "flags": [
                  {
                    "type": "preference",
                    "name": "dom.w3c_pointer_events.enabled",
                    "value_to_set": "true"
                  }
                ],
                "notes": "See <a href='https://bugzil.la/1426786'>bug 1426786</a>."
              }
            ],
            "ie": [
              {
                "version_added": "11"
              },
              {
                "version_added": "10",
                "prefix": "ms"
              }
            ],
            "opera": {
              "version_added": true
            },
            "opera_android": {
              "version_added": true
            },
            "safari": {
              "version_added": "13"
            },
            "safari_ios": {
              "version_added": "13"
            },
            "samsunginternet_android": {
              "version_added": "3.0"
            },
            "webview_android": {
              "version_added": "37"
            }
          },
          "status": {
            "experimental": false,
            "standard_track": true,
            "deprecated": false
          }
        }
      },
      "mediaCapabilities": {
        "__compat": {
          "mdn_url": "https://developer.mozilla.org/docs/Web/API/Navigator/mediaCapabilities",
          "support": {
            "chrome": {
              "version_added": "66"
            },
            "chrome_android": {
              "version_added": "66"
            },
            "edge": {
              "version_added": "79"
            },
            "firefox": {
              "version_added": "63"
            },
            "firefox_android": {
              "version_added": "63"
            },
            "ie": {
              "version_added": false
            },
            "opera": {
              "version_added": "55"
            },
            "opera_android": {
              "version_added": "48"
            },
            "safari": {
              "version_added": "13"
            },
            "safari_ios": {
              "version_added": "13"
            },
            "samsunginternet_android": {
              "version_added": "9.0"
            },
            "webview_android": {
              "version_added": "66"
            }
          },
          "status": {
            "experimental": true,
            "standard_track": true,
            "deprecated": false
          }
        }
      },
      "mediaDevices": {
        "__compat": {
          "mdn_url": "https://developer.mozilla.org/docs/Web/API/Navigator/mediaDevices",
          "support": {
            "chrome": {
              "version_added": "47"
            },
            "chrome_android": {
              "version_added": "47"
            },
            "edge": {
              "version_added": "12"
            },
            "firefox": {
              "version_added": "36"
            },
            "firefox_android": {
              "version_added": "36"
            },
            "ie": {
              "version_added": false
            },
            "opera": {
              "version_added": "34"
            },
            "opera_android": {
              "version_added": "34"
            },
            "safari": {
              "version_added": "11"
            },
            "safari_ios": {
              "version_added": "11"
            },
            "samsunginternet_android": {
              "version_added": "5.0"
            },
            "webview_android": {
              "version_added": "47"
            }
          },
          "status": {
            "experimental": false,
            "standard_track": true,
            "deprecated": false
          }
        },
        "secure_context_required": {
          "__compat": {
            "description": "Secure context required",
            "support": {
              "chrome": {
                "version_added": "74"
              },
              "chrome_android": {
                "version_added": "74"
              },
              "edge": {
                "version_added": "79"
              },
              "firefox": {
                "version_added": "69"
              },
              "firefox_android": {
                "version_added": false
              },
              "ie": {
                "version_added": false
              },
              "opera": {
                "version_added": false
              },
              "opera_android": {
                "version_added": false
              },
              "safari": {
                "version_added": false
              },
              "safari_ios": {
                "version_added": false
              },
              "samsunginternet_android": {
                "version_added": "11.0"
              },
              "webview_android": {
                "version_added": "74"
              }
            },
            "status": {
              "experimental": false,
              "standard_track": true,
              "deprecated": false
            }
          }
        }
      },
      "mediaSession": {
        "__compat": {
          "mdn_url": "https://developer.mozilla.org/docs/Web/API/Navigator/mediaSession",
          "support": {
            "chrome": {
              "version_added": "73"
            },
            "chrome_android": {
              "version_added": "57"
            },
            "edge": {
              "version_added": "79"
            },
            "firefox": [
              {
                "version_added": "82"
              },
              {
                "version_added": "71",
                "flags": [
                  {
                    "type": "preference",
                    "name": "dom.media.mediasession.enabled",
                    "value_to_set": "true"
                  }
                ]
              }
            ],
            "firefox_android": {
              "version_added": "82"
            },
            "ie": {
              "version_added": false
            },
            "opera": {
              "version_added": false
            },
            "opera_android": {
              "version_added": false
            },
            "safari": {
              "version_added": false
            },
            "safari_ios": {
              "version_added": false
            },
            "samsunginternet_android": {
              "version_added": "7.0"
            },
            "webview_android": {
              "version_added": false
            }
          },
          "status": {
            "experimental": true,
            "standard_track": true,
            "deprecated": false
          }
        }
      },
      "mozIsLocallyAvailable": {
        "__compat": {
          "mdn_url": "https://developer.mozilla.org/docs/Web/API/Navigator/mozIsLocallyAvailable",
          "support": {
            "chrome": {
              "version_added": false
            },
            "chrome_android": {
              "version_added": false
            },
            "edge": {
              "version_added": false
            },
            "firefox": {
              "version_added": "3",
              "version_removed": "35"
            },
            "firefox_android": {
              "version_added": "4",
              "version_removed": "35"
            },
            "ie": {
              "version_added": false
            },
            "opera": {
              "version_added": false
            },
            "opera_android": {
              "version_added": false
            },
            "safari": {
              "version_added": false
            },
            "safari_ios": {
              "version_added": false
            },
            "samsunginternet_android": {
              "version_added": false
            },
            "webview_android": {
              "version_added": false
            }
          },
          "status": {
            "experimental": false,
            "standard_track": false,
            "deprecated": true
          }
        }
      },
      "oscpu": {
        "__compat": {
          "mdn_url": "https://developer.mozilla.org/docs/Web/API/Navigator/oscpu",
          "support": {
            "chrome": {
              "version_added": false
            },
            "chrome_android": {
              "version_added": false
            },
            "edge": {
              "version_added": false
            },
            "firefox": {
              "version_added": "1",
              "notes": "The preference <code>\"general.oscpu.override\"</code> can be used to set a value to be returned instead of the true CPU description. The preference setting is ignored for calls made by privileged code, which continue to get the actual CPU description."
            },
            "firefox_android": {
              "version_added": "4",
              "notes": "The preference <code>\"general.oscpu.override\"</code> can be used to set a value to be returned instead of the true CPU description. The preference setting is ignored for calls made by privileged code, which continue to get the actual CPU description."
            },
            "ie": {
              "version_added": false
            },
            "opera": {
              "version_added": false
            },
            "opera_android": {
              "version_added": false
            },
            "safari": {
              "version_added": false
            },
            "safari_ios": {
              "version_added": false
            },
            "samsunginternet_android": {
              "version_added": false
            },
            "webview_android": {
              "version_added": false
            }
          },
          "status": {
            "experimental": false,
            "standard_track": true,
            "deprecated": true
          }
        }
      },
      "permissions": {
        "__compat": {
          "mdn_url": "https://developer.mozilla.org/docs/Web/API/Navigator/permissions",
          "support": {
            "chrome": {
              "version_added": "43"
            },
            "chrome_android": {
              "version_added": "43"
            },
            "edge": {
              "version_added": "79"
            },
            "firefox": {
              "version_added": "46"
            },
            "firefox_android": {
              "version_added": "46"
            },
            "ie": {
              "version_added": false
            },
            "opera": {
              "version_added": true
            },
            "opera_android": {
              "version_added": true
            },
            "safari": {
              "version_added": false
            },
            "safari_ios": {
              "version_added": false
            },
            "samsunginternet_android": {
              "version_added": "4.0"
            },
            "webview_android": {
              "version_added": false,
              "notes": "See <a href='https://crbug.com/490120'>bug 490120</a>"
            }
          },
          "status": {
            "experimental": true,
            "standard_track": true,
            "deprecated": false
          }
        }
      },
      "presentation": {
        "__compat": {
          "mdn_url": "https://developer.mozilla.org/docs/Web/API/Navigator/presentation",
          "support": {
            "chrome": {
              "version_added": "47"
            },
            "chrome_android": {
              "version_added": "47"
            },
            "edge": {
              "version_added": "79"
            },
            "firefox": {
              "version_added": "51",
              "flags": [
                {
                  "type": "preference",
                  "name": "dom.presentation.enabled",
                  "value_to_set": "true"
                }
              ]
            },
            "firefox_android": {
              "version_added": "51",
              "flags": [
                {
                  "type": "preference",
                  "name": "dom.presentation.enabled",
                  "value_to_set": "true"
                }
              ]
            },
            "ie": {
              "version_added": false
            },
            "opera": {
              "version_added": "34"
            },
            "opera_android": {
              "version_added": "34"
            },
            "safari": {
              "version_added": false
            },
            "safari_ios": {
              "version_added": false
            },
            "samsunginternet_android": {
              "version_added": "5.0"
            },
            "webview_android": {
              "version_added": false,
              "notes": "See <a href='https://crbug.com/521319'>bug 521319</a>"
            }
          },
          "status": {
            "experimental": false,
            "standard_track": true,
            "deprecated": false
          }
        }
      },
      "productSub": {
        "__compat": {
          "mdn_url": "https://developer.mozilla.org/docs/Web/API/Navigator/productSub",
          "support": {
            "chrome": {
              "version_added": "1",
              "notes": "Always returns <code>20030107</code>."
            },
            "chrome_android": {
              "version_added": "18",
              "notes": "Always returns <code>20030107</code>."
            },
            "edge": {
              "version_added": "12",
              "notes": "Always returns <code>20030107</code>."
            },
            "firefox": {
              "version_added": "1"
            },
            "firefox_android": {
              "version_added": "4"
            },
            "ie": {
              "version_added": false
            },
            "opera": {
              "version_added": "15",
              "notes": "Always returns <code>20030107</code>."
            },
            "opera_android": {
              "version_added": "14",
              "notes": "Always returns <code>20030107</code>."
            },
            "safari": {
              "version_added": "1",
              "notes": "Always returns <code>20030107</code>."
            },
            "safari_ios": {
              "version_added": "1",
              "notes": "Always returns <code>20030107</code>."
            },
            "samsunginternet_android": {
              "version_added": "1.0",
              "notes": "Always returns <code>20030107</code>."
            },
            "webview_android": {
              "version_added": "1",
              "notes": "Always returns <code>20030107</code>."
            }
          },
          "status": {
            "experimental": false,
            "standard_track": true,
            "deprecated": true
          }
        }
      },
      "registerContentHandler": {
        "__compat": {
          "mdn_url": "https://developer.mozilla.org/docs/Web/API/Navigator/registerContentHandler",
          "support": {
            "chrome": {
              "version_added": "4",
              "version_removed": "6"
            },
            "chrome_android": {
              "version_added": false
            },
            "edge": {
              "version_added": false
            },
            "firefox": {
              "version_added": "2",
              "version_removed": "62"
            },
            "firefox_android": {
              "version_added": null
            },
            "ie": {
              "version_added": false
            },
            "opera": {
              "version_added": "≤12.1",
              "version_removed": "15"
            },
            "opera_android": {
              "version_added": "≤12.1",
              "version_removed": "14"
            },
            "safari": {
              "version_added": null
            },
            "safari_ios": {
              "version_added": null
            },
            "samsunginternet_android": {
              "version_added": false
            },
            "webview_android": {
              "version_added": false
            }
          },
          "status": {
            "experimental": false,
            "standard_track": false,
            "deprecated": true
          }
        }
      },
      "registerProtocolHandler": {
        "__compat": {
          "mdn_url": "https://developer.mozilla.org/docs/Web/API/Navigator/registerProtocolHandler",
          "support": {
            "chrome": {
              "version_added": "13",
              "notes": [
                "Allowed schemes include <code>mailto</code>, <code>mms</code>, <code>nntp</code>, <code>rtsp</code>, and <code>webcal</code>. Custom protocols must be prefixed with <code>web+</code>.",
                "From Chrome 77, the URL parameter only accepts <code>http</code> or <code>https</code> URLs.",
                "The obsolete <code>title</code> argument is required."
              ]
            },
            "chrome_android": {
              "version_added": false
            },
            "edge": {
              "version_added": "79",
              "notes": [
                "Allowed schemes include <code>mailto</code>, <code>mms</code>, <code>nntp</code>, <code>rtsp</code>, and <code>webcal</code>. Custom protocols must be prefixed with <code>web+</code>.",
                "The obsolete <code>title</code> argument is required."
              ]
            },
            "firefox": {
              "version_added": "3"
            },
            "firefox_android": {
              "version_added": false
            },
            "ie": {
              "version_added": false
            },
            "opera": {
              "version_added": "11.6",
              "notes": "The obsolete <code>title</code> argument is required."
            },
            "opera_android": {
              "version_added": false
            },
            "safari": {
              "version_added": false
            },
            "safari_ios": {
              "version_added": false
            },
            "samsunginternet_android": {
              "version_added": false
            },
            "webview_android": {
              "version_added": false
            }
          },
          "status": {
            "experimental": false,
            "standard_track": true,
            "deprecated": false
          }
        },
        "secure_context_required": {
          "__compat": {
            "description": "Secure context required",
            "support": {
              "chrome": {
                "version_added": "80"
              },
              "chrome_android": {
                "version_added": false
              },
              "edge": {
                "version_added": "79"
              },
              "firefox": {
                "version_added": "62"
              },
              "firefox_android": {
                "version_added": false
              },
              "ie": {
                "version_added": false
              },
              "opera": {
                "version_added": "67"
              },
              "opera_android": {
                "version_added": false
              },
              "safari": {
                "version_added": false
              },
              "safari_ios": {
                "version_added": false
              },
              "samsunginternet_android": {
                "version_added": false
              },
              "webview_android": {
                "version_added": false
              }
            },
            "status": {
              "experimental": false,
              "standard_track": true,
              "deprecated": false
            }
          }
        }
      },
      "requestMediaKeySystemAccess": {
        "__compat": {
          "mdn_url": "https://developer.mozilla.org/docs/Web/API/Navigator/requestMediaKeySystemAccess",
          "support": {
            "chrome": {
              "version_added": "42",
              "notes": [
                "The spec requires that the passed <code>supportedConfigurations</code> option contain at least one of <code>audioCapabilities</code> or <code>videoCapabilities</code>, and that said parameters include a codec string.",
                "The function does not exist in insecure contexts. This was not enforced until Chrome 58."
              ]
            },
            "chrome_android": {
              "version_added": "42",
              "notes": [
                "The spec requires that the passed <code>supportedConfigurations</code> option contain at least one of <code>audioCapabilities</code> or <code>videoCapabilities</code>, and that said parameters include a codec string.",
                "The function does not exist in insecure contexts. This was not enforced until Chrome 58."
              ]
            },
            "edge": {
              "version_added": "13"
            },
            "firefox": {
              "version_added": "38",
              "notes": [
                "Starting in Firefox 55, if neither <code>audioCapabilities</code> nor <code>videoCapabilities</code> is specified in <code>supportedConfigurations</code>, a warning is output to the web console.",
                "In addition, starting in Firefox 55, if in <code>supportedConfigurations</code>, either <code>audioCapabilities</code>'s or <code>videoCapabilities</code>'s <code>contentType</code> value doesn't specify a </code>\"codecs\"</code> substring to define allowed codecs within the media wrapper, a warning is output to the web console. See note below table for example and correction.",
                "In the future, if neither <code>audioCapabilities</code> nor <code>videoCapabilities</code> is specified in the <code>supportedConfigurations</code>, a <code>NotSupported</code> exception will be thrown."
              ]
            },
            "firefox_android": {
              "version_added": "38",
              "notes": [
                "Starting in Firefox 55, if neither <code>audioCapabilities</code> nor <code>videoCapabilities</code> is specified in <code>supportedConfigurations</code>, a warning is output to the web console.",
                "In addition, starting in Firefox 55, if in <code>supportedConfigurations</code>, either <code>audioCapabilities</code>'s or <code>videoCapabilities</code>'s <code>contentType</code> value doesn't specify a </code>\"codecs\"</code> substring to define allowed codecs within the media wrapper, a warning is output to the web console. See note below table for example and correction.",
                "In the future, if neither <code>audioCapabilities</code> nor <code>videoCapabilities</code> is specified in the <code>supportedConfigurations</code>, a <code>NotSupported</code> exception will be thrown."
              ]
            },
            "ie": {
              "version_added": false
            },
            "opera": {
              "version_added": "29",
              "notes": [
                "The spec requires that the passed <code>supportedConfigurations</code> option contain at least one of <code>audioCapabilities</code> or <code>videoCapabilities</code>, and that said parameters include a codec string.",
                "The function does not exist in insecure contexts. This was not enforced until Opera 45."
              ]
            },
            "opera_android": {
              "version_added": "29",
              "notes": [
                "The spec requires that the passed <code>supportedConfigurations</code> option contain at least one of <code>audioCapabilities</code> or <code>videoCapabilities</code>, and that said parameters include a codec string.",
                "The function does not exist in insecure contexts. This was not enforced until Opera 45."
              ]
            },
            "safari": {
              "version_added": "13.1"
            },
            "safari_ios": {
              "version_added": "13.4"
            },
            "samsunginternet_android": {
              "version_added": "4.0",
              "notes": [
                "The spec requires that the passed <code>supportedConfigurations</code> option contain at least one of <code>audioCapabilities</code> or <code>videoCapabilities</code>, and that said parameters include a codec string.",
                "The function does not exist in insecure contexts. This was not enforced until Samsung Internet 7.0."
              ]
            },
            "webview_android": {
              "version_added": "43",
              "notes": [
                "The spec requires that the passed <code>supportedConfigurations</code> option contain at least one of <code>audioCapabilities</code> or <code>videoCapabilities</code>, and that said parameters include a codec string.",
                "The function does not exist in insecure contexts. This was not enforced until version 58."
              ]
            }
          },
          "status": {
            "experimental": false,
            "standard_track": true,
            "deprecated": false
          }
        }
      },
      "requestMIDIAccess": {
        "__compat": {
          "support": {
            "chrome": {
              "version_added": "43"
            },
            "chrome_android": {
              "version_added": "43"
            },
            "edge": {
              "version_added": "79"
            },
            "firefox": {
              "version_added": false
            },
            "firefox_android": {
              "version_added": false
            },
            "ie": {
              "version_added": false
            },
            "opera": {
              "version_added": "30"
            },
            "opera_android": {
              "version_added": "30"
            },
            "safari": {
              "version_added": false
            },
            "safari_ios": {
              "version_added": false
            },
            "samsunginternet_android": {
              "version_added": "4.0"
            },
            "webview_android": {
              "version_added": "43"
            }
          },
          "status": {
            "experimental": false,
            "standard_track": true,
            "deprecated": false
          }
        }
      },
      "scheduling": {
        "__compat": {
          "support": {
            "chrome": {
              "version_added": "87"
            },
            "chrome_android": {
              "version_added": "87"
            },
            "edge": {
              "version_added": false
            },
            "firefox": {
              "version_added": false
            },
            "firefox_android": {
              "version_added": false
            },
            "ie": {
              "version_added": false
            },
            "opera": {
              "version_added": false
            },
            "opera_android": {
              "version_added": false
            },
            "safari": {
              "version_added": false
            },
            "safari_ios": {
              "version_added": false
            },
            "samsunginternet_android": {
              "version_added": false
            },
            "webview_android": {
              "version_added": "87"
            }
          },
          "status": {
            "experimental": true,
            "standard_track": false,
            "deprecated": false
          }
        }
      },
      "sendBeacon": {
        "__compat": {
          "mdn_url": "https://developer.mozilla.org/docs/Web/API/Navigator/sendBeacon",
          "support": {
            "chrome": {
              "version_added": "39",
              "notes": "Starting in Chrome 59, this method cannot send a <code>Blob</code> whose type is not CORS safelisted. This is a temporary change until a mitigation can be found for the security issues that this creates. For more information see <a href='https://crbug.com/720283'>Chrome bug 720283</a>."
            },
            "chrome_android": {
              "version_added": "42",
              "notes": "Starting in Chrome 59, this method cannot send a <code>Blob</code> whose type is not CORS safelisted. This is a temporary change until a mitigation can be found for the security issues that this creates. For more information see <a href='https://crbug.com/720283'>Chrome bug 720283</a>."
            },
            "edge": {
              "version_added": "14"
            },
            "firefox": {
              "version_added": "31"
            },
            "firefox_android": {
              "version_added": "31"
            },
            "ie": {
              "version_added": false
            },
            "opera": {
              "version_added": "26",
              "notes": "Starting in Opera 46, this method cannot send a <code>Blob</code> whose type is not CORS safelisted. This is a temporary change until a mitigation can be found for the security issues that this creates. For more information see <a href='https://crbug.com/720283'>Chrome bug 720283</a>."
            },
            "opera_android": {
              "version_added": "26",
              "notes": "Starting in Opera 46, this method cannot send a <code>Blob</code> whose type is not CORS safelisted. This is a temporary change until a mitigation can be found for the security issues that this creates. For more information see <a href='https://crbug.com/720283'>Chrome bug 720283</a>."
            },
            "safari": {
              "version_added": "11.1"
            },
            "safari_ios": {
              "version_added": "11.3"
            },
            "samsunginternet_android": {
              "version_added": "4.0",
              "notes": "Starting in Samsung Internet 7.0, this method cannot send a <code>Blob</code> whose type is not CORS safelisted. This is a temporary change until a mitigation can be found for the security issues that this creates. For more information see <a href='https://crbug.com/720283'>Chrome bug 720283</a>."
            },
            "webview_android": {
              "version_added": "40",
              "notes": "Starting in Chrome 59, this method cannot send a <code>Blob</code> whose type is not CORS safelisted. This is a temporary change until a mitigation can be found for the security issues that this creates. For more information see <a href='https://crbug.com/720283'>Chrome bug 720283</a>."
            }
          },
          "status": {
            "experimental": false,
            "standard_track": true,
            "deprecated": false
          }
        }
      },
      "serviceWorker": {
        "__compat": {
          "mdn_url": "https://developer.mozilla.org/docs/Web/API/Navigator/serviceWorker",
          "support": {
            "chrome": {
              "version_added": "40"
            },
            "chrome_android": {
              "version_added": "40"
            },
            "edge": [
              {
                "version_added": "17"
              },
              {
                "version_added": "16",
                "flags": [
                  {
                    "type": "preference",
                    "name": "Enable service workers"
                  }
                ]
              }
            ],
            "firefox": {
              "version_added": "44",
              "notes": "<a href='https://www.mozilla.org/en-US/firefox/organizations/'>Extended Support Releases (ESR)</a> before Firefox 78 ESR do not support service workers and the Push API."
            },
            "firefox_android": {
              "version_added": "44"
            },
            "ie": {
              "version_added": false
            },
            "opera": {
              "version_added": "27"
            },
            "opera_android": {
              "version_added": "27"
            },
            "safari": {
              "version_added": "11.1"
            },
            "safari_ios": {
              "version_added": "11.3"
            },
            "samsunginternet_android": {
              "version_added": "4.0"
            },
            "webview_android": {
              "version_added": "40"
            }
          },
          "status": {
            "experimental": false,
            "standard_track": true,
            "deprecated": false
          }
        }
      },
      "setAppBadge": {
        "__compat": {
          "support": {
            "chrome": {
              "version_added": "81"
            },
            "chrome_android": {
              "version_added": "81"
            },
            "edge": {
              "version_added": "81"
            },
            "firefox": {
              "version_added": false
            },
            "firefox_android": {
              "version_added": false
            },
            "ie": {
              "version_added": false
            },
            "opera": {
              "version_added": false
            },
            "opera_android": {
              "version_added": "58"
            },
            "safari": {
              "version_added": false
            },
            "safari_ios": {
              "version_added": false
            },
            "samsunginternet_android": {
              "version_added": "13.0"
            },
            "webview_android": {
              "version_added": "81"
            }
          },
          "status": {
            "experimental": true,
            "standard_track": false,
            "deprecated": false
          }
        }
      },
      "share": {
        "__compat": {
          "mdn_url": "https://developer.mozilla.org/docs/Web/API/Navigator/share",
          "support": {
            "chrome": {
              "version_added": false
            },
            "chrome_android": {
              "version_added": "61"
            },
            "edge": {
              "version_added": "81"
            },
            "firefox": {
              "version_added": false
            },
            "firefox_android": {
              "version_added": "79",
              "partial_implementation": true,
              "notes": "Firefox does not support sharing files."
            },
            "ie": {
              "version_added": false
            },
            "opera": {
              "version_added": false
            },
            "opera_android": {
              "version_added": "48"
            },
            "safari": {
              "version_added": "12.1"
            },
            "safari_ios": {
              "version_added": "12.2"
            },
            "samsunginternet_android": {
              "version_added": "8.0"
            },
            "webview_android": {
              "version_added": false
            }
          },
          "status": {
            "experimental": true,
            "standard_track": true,
            "deprecated": false
          }
        }
      },
      "unregisterProtocolHandler": {
        "__compat": {
          "support": {
            "chrome": {
              "version_added": "38"
            },
            "chrome_android": {
              "version_added": false
            },
            "edge": {
              "version_added": "79"
            },
            "firefox": {
              "version_added": false
            },
            "firefox_android": {
              "version_added": false
            },
            "ie": {
              "version_added": false
            },
            "opera": [
              {
                "version_added": "25"
              },
              {
                "version_added": "≤12.1",
                "version_removed": "15"
              }
            ],
            "opera_android": {
              "version_added": false
            },
            "safari": {
              "version_added": false
            },
            "safari_ios": {
              "version_added": false
            },
            "samsunginternet_android": {
              "version_added": false
            },
            "webview_android": {
              "version_added": false
            }
          },
          "status": {
            "experimental": false,
            "standard_track": true,
            "deprecated": false
          }
        }
      },
      "usb": {
        "__compat": {
          "support": {
            "chrome": {
              "version_added": "61"
            },
            "chrome_android": {
              "version_added": "61"
            },
            "edge": {
              "version_added": "79"
            },
            "firefox": {
              "version_added": false
            },
            "firefox_android": {
              "version_added": false
            },
            "ie": {
              "version_added": false
            },
            "opera": {
              "version_added": "48"
            },
            "opera_android": {
              "version_added": "45"
            },
            "safari": {
              "version_added": false
            },
            "safari_ios": {
              "version_added": false
            },
            "samsunginternet_android": {
              "version_added": "8.0"
            },
            "webview_android": {
              "version_added": "61"
            }
          },
          "status": {
            "experimental": true,
            "standard_track": false,
            "deprecated": false
          }
        }
      },
      "vendor": {
        "__compat": {
          "mdn_url": "https://developer.mozilla.org/docs/Web/API/Navigator/vendor",
          "support": {
            "chrome": {
              "version_added": "1"
            },
            "chrome_android": {
              "version_added": "18"
            },
            "edge": {
              "version_added": "12"
            },
            "firefox": {
              "version_added": "1"
            },
            "firefox_android": {
              "version_added": "4"
            },
            "ie": {
              "version_added": "11"
            },
            "opera": {
              "version_added": "15"
            },
            "opera_android": {
              "version_added": "14"
            },
            "safari": {
              "version_added": "1"
            },
            "safari_ios": {
              "version_added": "1"
            },
            "samsunginternet_android": {
              "version_added": "1.0"
            },
            "webview_android": {
              "version_added": "1"
            }
          },
          "status": {
            "experimental": false,
            "standard_track": true,
            "deprecated": false
          }
        }
      },
      "vendorSub": {
        "__compat": {
          "mdn_url": "https://developer.mozilla.org/docs/Web/API/Navigator/vendorSub",
          "support": {
            "chrome": {
              "version_added": "1"
            },
            "chrome_android": {
              "version_added": "18"
            },
            "edge": {
              "version_added": "12"
            },
            "firefox": {
              "version_added": "1"
            },
            "firefox_android": {
              "version_added": "4"
            },
            "ie": {
              "version_added": false
            },
            "opera": {
              "version_added": "15"
            },
            "opera_android": {
              "version_added": "14"
            },
            "safari": {
              "version_added": "3"
            },
            "safari_ios": {
              "version_added": "1"
            },
            "samsunginternet_android": {
              "version_added": "1.0"
            },
            "webview_android": {
              "version_added": "1"
            }
          },
          "status": {
            "experimental": false,
            "standard_track": true,
            "deprecated": true
          }
        }
      },
      "vibrate": {
        "__compat": {
          "mdn_url": "https://developer.mozilla.org/docs/Web/API/Navigator/vibrate",
          "support": {
            "chrome": {
              "version_added": "32"
            },
            "chrome_android": {
              "version_added": "32",
              "notes": [
                "Beginning in Chrome 55, this is not supported in cross-origin iframes.",
                "Beginning in Chrome 60, this method requires a user gesture. Otherwise it returns <code>false</code>."
              ]
            },
            "edge": {
              "version_added": "79"
            },
            "firefox": [
              {
                "version_added": "16",
                "notes": [
                  "Until Firefox 26 included, when the vibration pattern was too long or any of its elements too large, Firefox threw an exception instead of returning <code>false</code> (<a href='https://bugzil.la/884935'>bug 884935</a>).",
                  "From Firefox 32 onwards, when the vibration pattern is too long or any of its elements too large, it returns <code>true</code> but truncates the pattern (<a href='https://bugzil.la/1014581'>bug 1014581</a>).",
                  "Beginning in Firefox 72, this is not supported in cross-origin iframes."
                ]
              },
              {
                "version_added": "11",
                "version_removed": true,
                "prefix": "moz"
              }
            ],
            "firefox_android": [
              {
                "version_added": "79",
                "partial_implementation": true,
                "notes": "Vibration is disabled. If the window is visible, then <code>navigator.vibrate()</code> returns <code>true</code>, but no vibration takes place (regardless of hardware support). See <a href='https://bugzil.la/1591113'>bug 1591113</code>."
              },
              {
                "version_added": "16",
                "version_removed": "79",
                "notes": [
                  "Until Firefox 26 included, when the vibration pattern was too long or any of its elements too large, Firefox threw an exception instead of returning <code>false</code> (<a href='https://bugzil.la/884935'>bug 884935</a>).",
                  "From Firefox 32 onwards, when the vibration pattern is too long or any of its elements too large, it returns <code>true</code> but truncates the pattern (<a href='https://bugzil.la/1014581'>bug 1014581</a>)."
                ]
              },
              {
                "version_added": "14",
                "version_removed": true,
                "prefix": "moz"
              }
            ],
            "ie": {
              "version_added": false
            },
            "opera": {
              "version_added": false
            },
            "opera_android": {
              "version_added": true,
              "notes": "Beginning in Opera 47, this method requires a user gesture. Otherwise it returns <code>false</code>."
            },
            "safari": {
              "version_added": false
            },
            "safari_ios": {
              "version_added": false
            },
            "samsunginternet_android": {
              "version_added": "2.0",
              "notes": [
                "Beginning in Samsung Internet 6.0, this is not supported in cross-origin iframes.",
                "Beginning in Samsung Internet 8.0, this method requires a user gesture. Otherwise it returns <code>false</code>."
              ]
            },
            "webview_android": {
              "version_added": "4.4.3",
              "notes": [
                "Beginning in version 55, this is not supported in cross-origin iframes.",
                "Beginning in version 60, this method requires a user gesture. Otherwise it returns <code>false</code>."
              ]
            }
          },
          "status": {
            "experimental": false,
            "standard_track": true,
            "deprecated": false
          }
        }
      },
      "wakeLock": {
        "__compat": {
          "mdn_url": "https://developer.mozilla.org/docs/Web/API/Navigator/wakeLock",
          "support": {
            "chrome": {
              "version_added": "84"
            },
            "chrome_android": {
              "version_added": "84"
            },
            "edge": {
              "version_added": "84"
            },
            "firefox": {
              "version_added": false
            },
            "firefox_android": {
              "version_added": false
            },
            "ie": {
              "version_added": false
            },
            "opera": {
              "version_added": true
            },
            "opera_android": {
              "version_added": true
            },
            "safari": {
              "version_added": false
            },
            "safari_ios": {
              "version_added": false
            },
            "samsunginternet_android": {
              "version_added": false
            },
            "webview_android": {
              "version_added": "84"
            }
          },
          "status": {
            "experimental": true,
            "standard_track": true,
            "deprecated": false
          }
        }
      },
      "webdriver": {
        "__compat": {
          "mdn_url": "https://developer.mozilla.org/docs/Web/API/Navigator/webdriver",
          "support": {
            "chrome": {
              "version_added": "63"
            },
            "chrome_android": {
              "version_added": "63"
            },
            "edge": {
              "version_added": "12"
            },
            "firefox": {
              "version_added": "60"
            },
            "firefox_android": {
              "version_added": "60"
            },
            "ie": {
              "version_added": "11"
            },
            "opera": {
              "version_added": "50"
            },
            "opera_android": {
              "version_added": "46"
            },
            "safari": {
              "version_added": "10"
            },
            "safari_ios": {
              "version_added": "10"
            },
            "samsunginternet_android": {
              "version_added": "8.0"
            },
            "webview_android": {
              "version_added": false
            }
          },
          "status": {
            "experimental": true,
            "standard_track": true,
            "deprecated": false
          }
        }
      },
      "xr": {
        "__compat": {
          "mdn_url": "https://developer.mozilla.org/docs/Web/API/Navigator/xr",
          "support": {
            "chrome": {
              "version_added": "79"
            },
            "chrome_android": {
              "version_added": "79"
            },
            "edge": {
              "version_added": "79"
            },
            "firefox": {
              "version_added": false
            },
            "firefox_android": {
              "version_added": false
            },
            "ie": {
              "version_added": false
            },
            "opera": {
              "version_added": false
            },
            "opera_android": {
              "version_added": false
            },
            "safari": {
              "version_added": false
            },
            "safari_ios": {
              "version_added": false
            },
            "samsunginternet_android": {
              "version_added": "11.2"
            },
            "webview_android": {
              "version_added": false
            }
          },
          "status": {
            "experimental": true,
            "standard_track": true,
            "deprecated": false
          }
        }
      }
    }
  }
}
