{
  "api": {
    "NDEFRecord": {
      "__compat": {
        "mdn_url": "https://developer.mozilla.org/docs/Web/API/NDEFRecord",
        "support": {
          "chrome": {
            "version_added": false
          },
          "chrome_android": {
            "version_added": "89"
          },
          "edge": {
            "version_added": false
          },
          "firefox": {
            "version_added": false
          },
          "firefox_android": {
            "version_added": false
          },
          "ie": {
            "version_added": false
          },
          "opera": {
            "version_added": false
          },
          "opera_android": {
            "version_added": false
          },
          "safari": {
            "version_added": false
          },
          "safari_ios": {
            "version_added": false
          },
          "samsunginternet_android": {
            "version_added": false
          },
          "webview_android": {
            "version_added": false
          }
        },
        "status": {
          "experimental": true,
          "standard_track": true,
          "deprecated": false
        }
      },
      "NDEFRecord": {
        "__compat": {
          "mdn_url": "https://developer.mozilla.org/docs/Web/API/NDEFRecord/NDEFRecord",
          "description": "<code>NDEFRecord()</code> constructor",
          "support": {
            "chrome": {
              "version_added": false
            },
            "chrome_android": {
              "version_added": "89"
            },
            "edge": {
              "version_added": false
            },
            "firefox": {
              "version_added": false
            },
            "firefox_android": {
              "version_added": false
            },
            "ie": {
              "version_added": false
            },
            "opera": {
              "version_added": false
            },
            "opera_android": {
              "version_added": false
            },
            "safari": {
              "version_added": false
            },
            "safari_ios": {
              "version_added": false
            },
            "samsunginternet_android": {
              "version_added": false
            },
            "webview_android": {
              "version_added": false
            }
          },
          "status": {
            "experimental": true,
            "standard_track": true,
            "deprecated": false
          }
        }
      },
      "data": {
        "__compat": {
          "mdn_url": "https://developer.mozilla.org/docs/Web/API/NDEFRecord/data",
          "support": {
            "chrome": {
              "version_added": false
            },
            "chrome_android": {
              "version_added": "89"
            },
            "edge": {
              "version_added": false
            },
            "firefox": {
              "version_added": false
            },
            "firefox_android": {
              "version_added": false
            },
            "ie": {
              "version_added": false
            },
            "opera": {
              "version_added": false
            },
            "opera_android": {
              "version_added": false
            },
            "safari": {
              "version_added": false
            },
            "safari_ios": {
              "version_added": false
            },
            "samsunginternet_android": {
              "version_added": false
            },
            "webview_android": {
              "version_added": false
            }
          },
          "status": {
            "experimental": true,
            "standard_track": true,
            "deprecated": false
          }
        }
      },
      "encoding": {
        "__compat": {
          "mdn_url": "https://developer.mozilla.org/docs/Web/API/NDEFRecord/encoding",
          "support": {
            "chrome": {
              "version_added": false
            },
            "chrome_android": {
              "version_added": "89"
            },
            "edge": {
              "version_added": false
            },
            "firefox": {
              "version_added": false
            },
            "firefox_android": {
              "version_added": false
            },
            "ie": {
              "version_added": false
            },
            "opera": {
              "version_added": false
            },
            "opera_android": {
              "version_added": false
            },
            "safari": {
              "version_added": false
            },
            "safari_ios": {
              "version_added": false
            },
            "samsunginternet_android": {
              "version_added": false
            },
            "webview_android": {
              "version_added": false
            }
          },
          "status": {
            "experimental": true,
            "standard_track": true,
            "deprecated": false
          }
        }
      },
      "id": {
        "__compat": {
          "mdn_url": "https://developer.mozilla.org/docs/Web/API/NDEFRecord/id",
          "support": {
            "chrome": {
              "version_added": false
            },
            "chrome_android": {
              "version_added": "89"
            },
            "edge": {
              "version_added": false
            },
            "firefox": {
              "version_added": false
            },
            "firefox_android": {
              "version_added": false
            },
            "ie": {
              "version_added": false
            },
            "opera": {
              "version_added": false
            },
            "opera_android": {
              "version_added": false
            },
            "safari": {
              "version_added": false
            },
            "safari_ios": {
              "version_added": false
            },
            "samsunginternet_android": {
              "version_added": false
            },
            "webview_android": {
              "version_added": false
            }
          },
          "status": {
            "experimental": true,
            "standard_track": true,
            "deprecated": false
          }
        }
      },
      "lang": {
        "__compat": {
          "mdn_url": "https://developer.mozilla.org/docs/Web/API/NDEFRecord/lang",
          "support": {
            "chrome": {
              "version_added": false
            },
            "chrome_android": {
              "version_added": "89"
            },
            "edge": {
              "version_added": false
            },
            "firefox": {
              "version_added": false
            },
            "firefox_android": {
              "version_added": false
            },
            "ie": {
              "version_added": false
            },
            "opera": {
              "version_added": false
            },
            "opera_android": {
              "version_added": false
            },
            "safari": {
              "version_added": false
            },
            "safari_ios": {
              "version_added": false
            },
            "samsunginternet_android": {
              "version_added": false
            },
            "webview_android": {
              "version_added": false
            }
          },
          "status": {
            "experimental": true,
            "standard_track": true,
            "deprecated": false
          }
        }
      },
      "mediaType": {
        "__compat": {
          "mdn_url": "https://developer.mozilla.org/docs/Web/API/NDEFRecord/mediaType",
          "support": {
            "chrome": {
              "version_added": false
            },
            "chrome_android": {
              "version_added": "89"
            },
            "edge": {
              "version_added": false
            },
            "firefox": {
              "version_added": false
            },
            "firefox_android": {
              "version_added": false
            },
            "ie": {
              "version_added": false
            },
            "opera": {
              "version_added": false
            },
            "opera_android": {
              "version_added": false
            },
            "safari": {
              "version_added": false
            },
            "safari_ios": {
              "version_added": false
            },
            "samsunginternet_android": {
              "version_added": false
            },
            "webview_android": {
              "version_added": false
            }
          },
          "status": {
            "experimental": true,
            "standard_track": true,
            "deprecated": false
          }
        }
      },
      "recordType": {
        "__compat": {
          "mdn_url": "https://developer.mozilla.org/docs/Web/API/NDEFRecord/recordType",
          "support": {
            "chrome": {
              "version_added": false
            },
            "chrome_android": {
              "version_added": "89"
            },
            "edge": {
              "version_added": false
            },
            "firefox": {
              "version_added": false
            },
            "firefox_android": {
              "version_added": false
            },
            "ie": {
              "version_added": false
            },
            "opera": {
              "version_added": false
            },
            "opera_android": {
              "version_added": false
            },
            "safari": {
              "version_added": false
            },
            "safari_ios": {
              "version_added": false
            },
            "samsunginternet_android": {
              "version_added": false
            },
            "webview_android": {
              "version_added": false
            }
          },
          "status": {
            "experimental": true,
            "standard_track": true,
            "deprecated": false
          }
        }
      },
      "secure_context_required": {
        "__compat": {
          "description": "Secure context required",
          "support": {
            "chrome": {
              "version_added": false
            },
            "chrome_android": {
              "version_added": "89"
            },
            "edge": {
              "version_added": false
            },
            "firefox": {
              "version_added": false
            },
            "firefox_android": {
              "version_added": false
            },
            "ie": {
              "version_added": false
            },
            "opera": {
              "version_added": false
            },
            "opera_android": {
              "version_added": false
            },
            "safari": {
              "version_added": false
            },
            "safari_ios": {
              "version_added": false
            },
            "samsunginternet_android": {
              "version_added": false
            },
            "webview_android": {
              "version_added": false
            }
          },
          "status": {
            "experimental": false,
            "standard_track": true,
            "deprecated": false
          }
        }
      },
      "toRecords": {
        "__compat": {
          "mdn_url": "https://developer.mozilla.org/docs/Web/API/NDEFRecord/toRecords",
          "support": {
            "chrome": {
              "version_added": false
            },
            "chrome_android": {
              "version_added": "89"
            },
            "edge": {
              "version_added": false
            },
            "firefox": {
              "version_added": false
            },
            "firefox_android": {
              "version_added": false
            },
            "ie": {
              "version_added": false
            },
            "opera": {
              "version_added": false
            },
            "opera_android": {
              "version_added": false
            },
            "safari": {
              "version_added": false
            },
            "safari_ios": {
              "version_added": false
            },
            "samsunginternet_android": {
              "version_added": false
            },
            "webview_android": {
              "version_added": false
            }
          },
          "status": {
            "experimental": true,
            "standard_track": true,
            "deprecated": false
          }
        }
      }
    }
  }
}
