{
  "api": {
    "NodeList": {
      "__compat": {
        "mdn_url": "https://developer.mozilla.org/docs/Web/API/NodeList",
        "support": {
          "chrome": {
            "version_added": "1"
          },
          "chrome_android": {
            "version_added": "18"
          },
          "edge": {
            "version_added": "12"
          },
          "firefox": {
            "version_added": "1"
          },
          "firefox_android": {
            "version_added": "4"
          },
          "ie": {
            "version_added": "5"
          },
          "opera": {
            "version_added": "8"
          },
          "opera_android": {
            "version_added": "10.1"
          },
          "safari": {
            "version_added": "1"
          },
          "safari_ios": {
            "version_added": "1"
          },
          "samsunginternet_android": {
            "version_added": "1.0"
          },
          "webview_android": {
            "version_added": "1"
          }
        },
        "status": {
          "experimental": false,
          "standard_track": true,
          "deprecated": false
        }
      },
      "entries": {
        "__compat": {
          "mdn_url": "https://developer.mozilla.org/docs/Web/API/NodeList/entries",
          "support": {
            "chrome": {
              "version_added": "51"
            },
            "chrome_android": {
              "version_added": "51"
            },
            "edge": {
              "version_added": "16"
            },
            "firefox": {
              "version_added": "50"
            },
            "firefox_android": {
              "version_added": "50"
            },
            "ie": {
              "version_added": false
            },
            "opera": {
              "version_added": "38"
            },
            "opera_android": {
              "version_added": null
            },
            "safari": {
              "version_added": "10"
            },
            "safari_ios": {
              "version_added": "10"
            },
            "samsunginternet_android": {
              "version_added": "5.0"
            },
            "webview_android": {
              "version_added": "51"
            }
          },
          "status": {
            "experimental": false,
            "standard_track": true,
            "deprecated": false
          }
        }
      },
      "forEach": {
        "__compat": {
          "mdn_url": "https://developer.mozilla.org/docs/Web/API/NodeList/forEach",
          "support": {
            "chrome": {
              "version_added": "51"
            },
            "chrome_android": {
              "version_added": "51"
            },
            "edge": {
              "version_added": "16"
            },
            "firefox": {
              "version_added": "50"
            },
            "firefox_android": {
              "version_added": "50"
            },
            "ie": {
              "version_added": false
            },
            "opera": {
              "version_added": "38"
            },
            "opera_android": {
              "version_added": "41"
            },
            "safari": {
              "version_added": "10"
            },
            "safari_ios": {
              "version_added": "10"
            },
            "samsunginternet_android": {
              "version_added": "5.0"
            },
            "webview_android": {
              "version_added": "51"
            }
          },
          "status": {
            "experimental": false,
            "standard_track": true,
            "deprecated": false
          }
        }
      },
      "item": {
        "__compat": {
          "mdn_url": "https://developer.mozilla.org/docs/Web/API/NodeList/item",
          "support": {
            "chrome": {
              "version_added": "1"
            },
            "chrome_android": {
              "version_added": true
            },
            "edge": {
              "version_added": "12"
            },
            "firefox": {
              "version_added": "1"
            },
            "firefox_android": {
              "version_added": "4"
            },
            "ie": {
              "version_added": "5"
            },
            "opera": {
              "version_added": true
            },
            "opera_android": {
              "version_added": true
            },
            "safari": {
              "version_added": "1"
            },
            "safari_ios": {
              "version_added": "1"
            },
            "samsunginternet_android": {
              "version_added": true
            },
            "webview_android": {
              "version_added": true
            }
          },
          "status": {
            "experimental": false,
            "standard_track": true,
            "deprecated": false
          }
        }
      },
      "keys": {
        "__compat": {
          "mdn_url": "https://developer.mozilla.org/docs/Web/API/NodeList/keys",
          "support": {
            "chrome": {
              "version_added": "51"
            },
            "chrome_android": {
              "version_added": "51"
            },
            "edge": {
              "version_added": "16"
            },
            "firefox": {
              "version_added": "50"
            },
            "firefox_android": {
              "version_added": "50"
            },
            "ie": {
              "version_added": false
            },
            "opera": {
              "version_added": "38"
            },
            "opera_android": {
              "version_added": null
            },
            "safari": {
              "version_added": "10"
            },
            "safari_ios": {
              "version_added": "10"
            },
            "samsunginternet_android": {
              "version_added": "5.0"
            },
            "webview_android": {
              "version_added": "51"
            }
          },
          "status": {
            "experimental": false,
            "standard_track": true,
            "deprecated": false
          }
        }
      },
      "length": {
        "__compat": {
          "mdn_url": "https://developer.mozilla.org/docs/Web/API/NodeList/length",
          "support": {
            "chrome": {
              "version_added": "1"
            },
            "chrome_android": {
              "version_added": true
            },
            "edge": {
              "version_added": "12"
            },
            "firefox": {
              "version_added": "1"
            },
            "firefox_android": {
              "version_added": "4"
            },
            "ie": {
              "version_added": "5"
            },
            "opera": {
              "version_added": true
            },
            "opera_android": {
              "version_added": true
            },
            "safari": {
              "version_added": true
            },
            "safari_ios": {
              "version_added": true
            },
            "samsunginternet_android": {
              "version_added": true
            },
            "webview_android": {
              "version_added": true
            }
          },
          "status": {
            "experimental": false,
            "standard_track": true,
            "deprecated": false
          }
        }
      },
      "values": {
        "__compat": {
          "mdn_url": "https://developer.mozilla.org/docs/Web/API/NodeList/values",
          "support": {
            "chrome": {
              "version_added": "51"
            },
            "chrome_android": {
              "version_added": "51"
            },
            "edge": {
              "version_added": "16"
            },
            "firefox": {
              "version_added": "50"
            },
            "firefox_android": {
              "version_added": "50"
            },
            "ie": {
              "version_added": false
            },
            "opera": {
              "version_added": "38"
            },
            "opera_android": {
              "version_added": null
            },
            "safari": {
              "version_added": "10"
            },
            "safari_ios": {
              "version_added": "10"
            },
            "samsunginternet_android": {
              "version_added": "5.0"
            },
            "webview_android": {
              "version_added": "51"
            }
          },
          "status": {
            "experimental": false,
            "standard_track": true,
            "deprecated": false
          }
        }
      }
    }
  }
}
