{
  "api": {
    "Node": {
      "__compat": {
        "mdn_url": "https://developer.mozilla.org/docs/Web/API/Node",
        "support": {
          "chrome": {
            "version_added": "1",
            "notes": "WebKit and old versions of Blink incorrectly do not make <code>Node</code> inherit from <code>EventTarget</code>."
          },
          "chrome_android": {
            "version_added": "18",
            "notes": "WebKit and old versions of Blink incorrectly do not make <code>Node</code> inherit from <code>EventTarget</code>."
          },
          "edge": {
            "version_added": "12"
          },
          "firefox": {
            "version_added": "1"
          },
          "firefox_android": {
            "version_added": "4"
          },
          "ie": {
            "version_added": "5"
          },
          "opera": {
            "version_added": "7",
            "notes": "WebKit and old versions of Blink incorrectly do not make <code>Node</code> inherit from <code>EventTarget</code>."
          },
          "opera_android": {
            "version_added": "10.1",
            "notes": "WebKit and old versions of Blink incorrectly do not make <code>Node</code> inherit from <code>EventTarget</code>."
          },
          "safari": {
            "version_added": "1",
            "notes": "WebKit and old versions of Blink incorrectly do not make <code>Node</code> inherit from <code>EventTarget</code>."
          },
          "safari_ios": {
            "version_added": "1",
            "notes": "WebKit and old versions of Blink incorrectly do not make <code>Node</code> inherit from <code>EventTarget</code>."
          },
          "samsunginternet_android": {
            "version_added": "1.0",
            "notes": "WebKit and old versions of Blink incorrectly do not make <code>Node</code> inherit from <code>EventTarget</code>."
          },
          "webview_android": {
            "version_added": "1",
            "notes": "WebKit and old versions of Blink incorrectly do not make <code>Node</code> inherit from <code>EventTarget</code>."
          }
        },
        "status": {
          "experimental": false,
          "standard_track": true,
          "deprecated": false
        }
      },
      "appendChild": {
        "__compat": {
          "mdn_url": "https://developer.mozilla.org/docs/Web/API/Node/appendChild",
          "support": {
            "chrome": {
              "version_added": "1"
            },
            "chrome_android": {
              "version_added": "18"
            },
            "edge": {
              "version_added": "12"
            },
            "firefox": {
              "version_added": "1"
            },
            "firefox_android": {
              "version_added": "4"
            },
            "ie": {
              "version_added": "5"
            },
            "opera": {
              "version_added": "7"
            },
            "opera_android": {
              "version_added": "10.1"
            },
            "safari": {
              "version_added": "1.1"
            },
            "safari_ios": {
              "version_added": "1"
            },
            "samsunginternet_android": {
              "version_added": "1.0"
            },
            "webview_android": {
              "version_added": "1"
            }
          },
          "status": {
            "experimental": false,
            "standard_track": true,
            "deprecated": false
          }
        }
      },
      "baseURI": {
        "__compat": {
          "mdn_url": "https://developer.mozilla.org/docs/Web/API/Node/baseURI",
          "support": {
            "chrome": {
              "version_added": "1"
            },
            "chrome_android": {
              "version_added": "18"
            },
            "edge": {
              "version_added": "12"
            },
            "firefox": {
              "version_added": "1"
            },
            "firefox_android": {
              "version_added": "4"
            },
            "ie": {
              "version_added": false
            },
            "opera": {
              "version_added": "≤12.1"
            },
            "opera_android": {
              "version_added": "≤12.1"
            },
            "safari": {
              "version_added": "7"
            },
            "safari_ios": {
              "version_added": "7"
            },
            "samsunginternet_android": {
              "version_added": "1.0"
            },
            "webview_android": {
              "version_added": "1"
            }
          },
          "status": {
            "experimental": false,
            "standard_track": true,
            "deprecated": false
          }
        }
      },
      "childNodes": {
        "__compat": {
          "mdn_url": "https://developer.mozilla.org/docs/Web/API/Node/childNodes",
          "support": {
            "chrome": {
              "version_added": "1"
            },
            "chrome_android": {
              "version_added": "18"
            },
            "edge": {
              "version_added": "12"
            },
            "firefox": {
              "version_added": "1"
            },
            "firefox_android": {
              "version_added": "4"
            },
            "ie": {
              "version_added": "5"
            },
            "opera": {
              "version_added": "7"
            },
            "opera_android": {
              "version_added": "10.1"
            },
            "safari": {
              "version_added": "1.2"
            },
            "safari_ios": {
              "version_added": "1"
            },
            "samsunginternet_android": {
              "version_added": "1.0"
            },
            "webview_android": {
              "version_added": "1"
            }
          },
          "status": {
            "experimental": false,
            "standard_track": true,
            "deprecated": false
          }
        }
      },
      "cloneNode": {
        "__compat": {
          "mdn_url": "https://developer.mozilla.org/docs/Web/API/Node/cloneNode",
          "support": {
            "chrome": {
              "version_added": "1"
            },
            "chrome_android": {
              "version_added": "18"
            },
            "edge": {
              "version_added": "12"
            },
            "firefox": {
              "version_added": "1"
            },
            "firefox_android": {
              "version_added": "4"
            },
            "ie": {
              "version_added": "6"
            },
            "opera": {
              "version_added": "7"
            },
            "opera_android": {
              "version_added": "10.1"
            },
            "safari": {
              "version_added": "1.1"
            },
            "safari_ios": {
              "version_added": "1"
            },
            "samsunginternet_android": {
              "version_added": "1.0"
            },
            "webview_android": {
              "version_added": "1"
            }
          },
          "status": {
            "experimental": false,
            "standard_track": true,
            "deprecated": false
          }
        },
        "deep_defaults_to_false": {
          "__compat": {
            "description": "<code>deep</code> defaults to <code>false</code>",
            "support": {
              "chrome": {
                "version_added": true
              },
              "chrome_android": {
                "version_added": true
              },
              "edge": {
                "version_added": "12"
              },
              "firefox": [
                {
                  "version_added": "29"
                },
                {
                  "version_added": "13",
                  "version_removed": "29",
                  "partial_implementation": true,
                  "notes": "<code>deep</code> defaults to <code>true</code>."
                },
                {
                  "version_added": false,
                  "notes": "Before Firefox 13, <code>deep</code> was a required parameter."
                }
              ],
              "firefox_android": [
                {
                  "version_added": "29"
                },
                {
                  "version_added": "14",
                  "version_removed": "29",
                  "partial_implementation": true,
                  "notes": "<code>deep</code> defaults to <code>true</code>."
                },
                {
                  "version_added": false,
                  "notes": "Before Firefox 14, <code>deep</code> was a required parameter."
                }
              ],
              "ie": {
                "version_added": true
              },
              "opera": {
                "version_added": true
              },
              "opera_android": {
                "version_added": true
              },
              "safari": {
                "version_added": true
              },
              "safari_ios": {
                "version_added": true
              },
              "samsunginternet_android": {
                "version_added": true
              },
              "webview_android": {
                "version_added": true
              }
            },
            "status": {
              "experimental": false,
              "standard_track": true,
              "deprecated": false
            }
          }
        }
      },
      "compareDocumentPosition": {
        "__compat": {
          "mdn_url": "https://developer.mozilla.org/docs/Web/API/Node/compareDocumentPosition",
          "support": {
            "chrome": {
              "version_added": "1"
            },
            "chrome_android": {
              "version_added": "18"
            },
            "edge": {
              "version_added": "12"
            },
            "firefox": {
              "version_added": "9"
            },
            "firefox_android": {
              "version_added": "9"
            },
            "ie": {
              "version_added": "9",
              "notes": "Only supports <code>contains</code> for elements"
            },
            "opera": {
              "version_added": "≤12.1"
            },
            "opera_android": {
              "version_added": "≤12.1"
            },
            "safari": {
              "version_added": "4"
            },
            "safari_ios": {
              "version_added": "3.2"
            },
            "samsunginternet_android": {
              "version_added": "1.0"
            },
            "webview_android": {
              "version_added": "1"
            }
          },
          "status": {
            "experimental": false,
            "standard_track": true,
            "deprecated": false
          }
        }
      },
      "contains": {
        "__compat": {
          "mdn_url": "https://developer.mozilla.org/docs/Web/API/Node/contains",
          "support": {
            "chrome": {
              "version_added": "16"
            },
            "chrome_android": {
              "version_added": "18"
            },
            "edge": {
              "version_added": "12"
            },
            "firefox": {
              "version_added": "9"
            },
            "firefox_android": {
              "version_added": "9"
            },
            "ie": {
              "version_added": "9",
              "partial_implementation": true,
              "notes": "Only supported for <a href='https://developer.mozilla.org/docs/Web/API/HTMLElement'><code>HTMLElement</code></a>, not all <code>Node</code> objects."
            },
            "opera": {
              "version_added": "7"
            },
            "opera_android": {
              "version_added": "10.1"
            },
            "safari": {
              "version_added": "1.1"
            },
            "safari_ios": {
              "version_added": "1"
            },
            "samsunginternet_android": {
              "version_added": "1.0"
            },
            "webview_android": {
              "version_added": "≤37"
            }
          },
          "status": {
            "experimental": false,
            "standard_track": true,
            "deprecated": false
          }
        }
      },
      "firstChild": {
        "__compat": {
          "mdn_url": "https://developer.mozilla.org/docs/Web/API/Node/firstChild",
          "support": {
            "chrome": {
              "version_added": "1"
            },
            "chrome_android": {
              "version_added": "18"
            },
            "edge": {
              "version_added": "12"
            },
            "firefox": {
              "version_added": "1"
            },
            "firefox_android": {
              "version_added": "4"
            },
            "ie": {
              "version_added": "6"
            },
            "opera": {
              "version_added": "≤12.1"
            },
            "opera_android": {
              "version_added": "≤12.1"
            },
            "safari": {
              "version_added": "7"
            },
            "safari_ios": {
              "version_added": "7"
            },
            "samsunginternet_android": {
              "version_added": "1.0"
            },
            "webview_android": {
              "version_added": "1"
            }
          },
          "status": {
            "experimental": false,
            "standard_track": true,
            "deprecated": false
          }
        }
      },
      "getFeature": {
        "__compat": {
          "mdn_url": "https://developer.mozilla.org/docs/Web/API/Node/getFeature",
          "support": {
            "chrome": {
              "version_added": false
            },
            "chrome_android": {
              "version_added": false
            },
            "edge": {
              "version_added": false
            },
            "firefox": {
              "version_added": false
            },
            "firefox_android": {
              "version_added": false
            },
            "ie": {
              "version_added": false
            },
            "opera": {
              "version_added": "≤12.1",
              "version_removed": "15"
            },
            "opera_android": {
              "version_added": "≤12.1",
              "version_removed": "14"
            },
            "safari": {
              "version_added": false
            },
            "safari_ios": {
              "version_added": false
            },
            "samsunginternet_android": {
              "version_added": false
            },
            "webview_android": {
              "version_added": false
            }
          },
          "status": {
            "experimental": false,
            "standard_track": false,
            "deprecated": true
          }
        }
      },
      "getRootNode": {
        "__compat": {
          "mdn_url": "https://developer.mozilla.org/docs/Web/API/Node/getRootNode",
          "support": {
            "chrome": {
              "version_added": "54"
            },
            "chrome_android": {
              "version_added": "54"
            },
            "edge": {
              "version_added": "79"
            },
            "firefox": {
              "version_added": "53"
            },
            "firefox_android": {
              "version_added": "53"
            },
            "ie": {
              "version_added": false
            },
            "opera": {
              "version_added": "41"
            },
            "opera_android": {
              "version_added": "41"
            },
            "safari": {
              "version_added": "10.1"
            },
            "safari_ios": {
              "version_added": "10.3"
            },
            "samsunginternet_android": {
              "version_added": "6.0"
            },
            "webview_android": {
              "version_added": "54"
            }
          },
          "status": {
            "experimental": false,
            "standard_track": true,
            "deprecated": false
          }
        }
      },
      "getUserData": {
        "__compat": {
          "mdn_url": "https://developer.mozilla.org/docs/Web/API/Node/getUserData",
          "support": {
            "chrome": {
              "version_added": false
            },
            "chrome_android": {
              "version_added": false
            },
            "edge": {
              "version_added": false
            },
            "firefox": {
              "version_added": "1",
              "version_removed": "22"
            },
            "firefox_android": {
              "version_added": "4",
              "version_removed": "22"
            },
            "ie": {
              "version_added": false
            },
            "opera": {
              "version_added": false
            },
            "opera_android": {
              "version_added": false
            },
            "safari": {
              "version_added": false
            },
            "safari_ios": {
              "version_added": false
            },
            "samsunginternet_android": {
              "version_added": false
            },
            "webview_android": {
              "version_added": false
            }
          },
          "status": {
            "experimental": false,
            "standard_track": false,
            "deprecated": true
          }
        }
      },
      "hasAttributes": {
        "__compat": {
          "mdn_url": "https://developer.mozilla.org/docs/Web/API/Node/hasAttributes",
          "support": {
            "chrome": {
              "version_added": "1",
              "version_removed": "27"
            },
            "chrome_android": {
              "version_added": false
            },
            "edge": {
              "version_added": "12",
              "version_removed": "79"
            },
            "firefox": {
              "version_added": false
            },
            "firefox_android": {
              "version_added": false
            },
            "ie": {
              "version_added": "9"
            },
            "opera": {
              "version_added": "≤12.1",
              "version_removed": "15"
            },
            "opera_android": {
              "version_added": "≤12.1",
              "version_removed": "14"
            },
            "safari": {
              "version_added": "1",
              "version_removed": "6.1"
            },
            "safari_ios": {
              "version_added": "1",
              "version_removed": "7"
            },
            "samsunginternet_android": {
              "version_added": false
            },
            "webview_android": {
              "version_added": false
            }
          },
          "status": {
            "experimental": false,
            "standard_track": false,
            "deprecated": true
          }
        }
      },
      "hasChildNodes": {
        "__compat": {
          "mdn_url": "https://developer.mozilla.org/docs/Web/API/Node/hasChildNodes",
          "support": {
            "chrome": {
              "version_added": "1"
            },
            "chrome_android": {
              "version_added": "18"
            },
            "edge": {
              "version_added": "12"
            },
            "firefox": {
              "version_added": "1"
            },
            "firefox_android": {
              "version_added": "4"
            },
            "ie": {
              "version_added": "6"
            },
            "opera": {
              "version_added": "≤12.1"
            },
            "opera_android": {
              "version_added": "≤12.1"
            },
            "safari": {
              "version_added": "1"
            },
            "safari_ios": {
              "version_added": "1"
            },
            "samsunginternet_android": {
              "version_added": "1.0"
            },
            "webview_android": {
              "version_added": "1"
            }
          },
          "status": {
            "experimental": false,
            "standard_track": true,
            "deprecated": false
          }
        }
      },
      "insertBefore": {
        "__compat": {
          "mdn_url": "https://developer.mozilla.org/docs/Web/API/Node/insertBefore",
          "support": {
            "chrome": {
              "version_added": "1"
            },
            "chrome_android": {
              "version_added": "18"
            },
            "edge": {
              "version_added": "12"
            },
            "firefox": {
              "version_added": "3"
            },
            "firefox_android": {
              "version_added": "4"
            },
            "ie": {
              "version_added": "6"
            },
            "opera": {
              "version_added": "7"
            },
            "opera_android": {
              "version_added": "10.1"
            },
            "safari": {
              "version_added": "1.1"
            },
            "safari_ios": {
              "version_added": "1"
            },
            "samsunginternet_android": {
              "version_added": "1.0"
            },
            "webview_android": {
              "version_added": "1"
            }
          },
          "status": {
            "experimental": false,
            "standard_track": true,
            "deprecated": false
          }
        }
      },
      "isConnected": {
        "__compat": {
          "mdn_url": "https://developer.mozilla.org/docs/Web/API/Node/isConnected",
          "support": {
            "chrome": {
              "version_added": "51"
            },
            "chrome_android": {
              "version_added": "51"
            },
            "edge": {
              "version_added": "79"
            },
            "firefox": {
              "version_added": "53"
            },
            "firefox_android": {
              "version_added": "45"
            },
            "ie": {
              "version_added": false
            },
            "opera": {
              "version_added": "38"
            },
            "opera_android": {
              "version_added": "41"
            },
            "safari": {
              "version_added": "10"
            },
            "safari_ios": {
              "version_added": "10"
            },
            "samsunginternet_android": {
              "version_added": "6.0"
            },
            "webview_android": {
              "version_added": "51"
            }
          },
          "status": {
            "experimental": false,
            "standard_track": true,
            "deprecated": false
          }
        }
      },
      "isDefaultNamespace": {
        "__compat": {
          "mdn_url": "https://developer.mozilla.org/docs/Web/API/Node/isDefaultNamespace",
          "support": {
            "chrome": {
              "version_added": "1"
            },
            "chrome_android": {
              "version_added": "18"
            },
            "edge": {
              "version_added": "12"
            },
            "firefox": {
              "version_added": "1"
            },
            "firefox_android": {
              "version_added": "4"
            },
            "ie": {
              "version_added": "9"
            },
            "opera": {
              "version_added": "≤12.1"
            },
            "opera_android": {
              "version_added": "≤12.1"
            },
            "safari": {
              "version_added": "3"
            },
            "safari_ios": {
              "version_added": "1"
            },
            "samsunginternet_android": {
              "version_added": "1.0"
            },
            "webview_android": {
              "version_added": "1"
            }
          },
          "status": {
            "experimental": false,
            "standard_track": true,
            "deprecated": false
          }
        }
      },
      "isEqualNode": {
        "__compat": {
          "mdn_url": "https://developer.mozilla.org/docs/Web/API/Node/isEqualNode",
          "support": {
            "chrome": {
              "version_added": "1"
            },
            "chrome_android": {
              "version_added": "18"
            },
            "edge": {
              "version_added": "12"
            },
            "firefox": {
              "version_added": "2"
            },
            "firefox_android": {
              "version_added": "4"
            },
            "ie": {
              "version_added": "9"
            },
            "opera": {
              "version_added": "≤12.1"
            },
            "opera_android": {
              "version_added": "≤12.1"
            },
            "safari": {
              "version_added": "3"
            },
            "safari_ios": {
              "version_added": "1"
            },
            "samsunginternet_android": {
              "version_added": "1.0"
            },
            "webview_android": {
              "version_added": "1"
            }
          },
          "status": {
            "experimental": false,
            "standard_track": true,
            "deprecated": false
          }
        }
      },
      "isSameNode": {
        "__compat": {
          "mdn_url": "https://developer.mozilla.org/docs/Web/API/Node/isSameNode",
          "support": {
            "chrome": {
              "version_added": "1"
            },
            "chrome_android": {
              "version_added": "18"
            },
            "edge": {
              "version_added": "12"
            },
            "firefox": [
              {
                "version_added": "48"
              },
              {
                "version_added": "1",
                "version_removed": "10"
              }
            ],
            "firefox_android": [
              {
                "version_added": "48"
              },
              {
                "version_added": "4",
                "version_removed": "10"
              }
            ],
            "ie": {
              "version_added": "9"
            },
            "opera": {
              "version_added": "≤12.1"
            },
            "opera_android": {
              "version_added": "≤12.1"
            },
            "safari": {
              "version_added": "3"
            },
            "safari_ios": {
              "version_added": "1"
            },
            "samsunginternet_android": {
              "version_added": "1.0"
            },
            "webview_android": {
              "version_added": "1"
            }
          },
          "status": {
            "experimental": false,
            "standard_track": true,
            "deprecated": false
          }
        }
      },
      "isSupported": {
        "__compat": {
          "mdn_url": "https://developer.mozilla.org/docs/Web/API/Node/isSupported",
          "support": {
            "chrome": {
              "version_added": "1",
              "version_removed": "34"
            },
            "chrome_android": {
              "version_added": "18",
              "version_removed": "34"
            },
            "edge": {
              "version_added": false
            },
            "firefox": {
              "version_added": "1",
              "version_removed": "22"
            },
            "firefox_android": {
              "version_added": "4",
              "version_removed": "22"
            },
            "ie": {
              "version_added": "9"
            },
            "opera": {
              "version_added": "≤12.1",
              "version_removed": "21"
            },
            "opera_android": {
              "version_added": "≤12.1",
              "version_removed": "21"
            },
            "safari": {
              "version_added": "1",
              "version_removed": "10"
            },
            "safari_ios": {
              "version_added": "1",
              "version_removed": "10"
            },
            "samsunginternet_android": {
              "version_added": "1.0",
              "version_removed": "2.0"
            },
            "webview_android": {
              "version_added": "1",
              "version_removed": "37"
            }
          },
          "status": {
            "experimental": false,
            "standard_track": true,
            "deprecated": false
          }
        }
      },
      "lastChild": {
        "__compat": {
          "mdn_url": "https://developer.mozilla.org/docs/Web/API/Node/lastChild",
          "support": {
            "chrome": {
              "version_added": "1"
            },
            "chrome_android": {
              "version_added": "18"
            },
            "edge": {
              "version_added": "12"
            },
            "firefox": {
              "version_added": "1"
            },
            "firefox_android": {
              "version_added": "45"
            },
            "ie": {
              "version_added": "6"
            },
            "opera": {
              "version_added": "≤12.1"
            },
            "opera_android": {
              "version_added": "≤12.1"
            },
            "safari": {
              "version_added": "7"
            },
            "safari_ios": {
              "version_added": "7"
            },
            "samsunginternet_android": {
              "version_added": "1.0"
            },
            "webview_android": {
              "version_added": "1"
            }
          },
          "status": {
            "experimental": false,
            "standard_track": true,
            "deprecated": false
          }
        }
      },
      "localName": {
        "__compat": {
          "mdn_url": "https://developer.mozilla.org/docs/Web/API/Node/localName",
          "support": {
            "chrome": {
              "version_added": "1",
              "version_removed": "46",
              "notes": "This API was moved to the <code>Element</code> and <code>Attr</code> APIs according to the DOM4 standard."
            },
            "chrome_android": {
              "version_added": "18",
              "version_removed": "46",
              "notes": "This API was moved to the <code>Element</code> and <code>Attr</code> APIs according to the DOM4 standard."
            },
            "edge": {
              "version_added": "12",
              "version_removed": "79",
              "notes": "This API was moved to the <code>Element</code> and <code>Attr</code> APIs according to the DOM4 standard."
            },
            "firefox": {
              "version_added": "1",
              "version_removed": "48",
              "notes": "This API was moved to the <code>Element</code> and <code>Attr</code> APIs according to the DOM4 standard."
            },
            "firefox_android": {
              "version_added": "45"
            },
            "ie": {
              "version_added": "9"
            },
            "opera": {
              "version_added": "≤12.1",
              "version_removed": "33"
            },
            "opera_android": {
              "version_added": "≤12.1",
              "version_removed": "33"
            },
            "safari": {
              "version_added": "1",
              "version_removed": "10.1"
            },
            "safari_ios": {
              "version_added": "1",
              "version_removed": "10.3"
            },
            "samsunginternet_android": {
              "version_added": "1.0",
              "version_removed": "5.0",
              "notes": "This API was moved to the <code>Element</code> and <code>Attr</code> APIs according to the DOM4 standard."
            },
            "webview_android": {
              "version_added": "1",
              "version_removed": "46",
              "notes": "This API was moved to the <code>Element</code> and <code>Attr</code> APIs according to the DOM4 standard."
            }
          },
          "status": {
            "experimental": false,
            "standard_track": false,
            "deprecated": true
          }
        }
      },
      "lookupNamespaceURI": {
        "__compat": {
          "mdn_url": "https://developer.mozilla.org/docs/Web/API/Node/lookupNamespaceURI",
          "support": {
            "chrome": {
              "version_added": "1"
            },
            "chrome_android": {
              "version_added": "18"
            },
            "edge": {
              "version_added": "12"
            },
            "firefox": {
              "version_added": "1"
            },
            "firefox_android": {
              "version_added": "4"
            },
            "ie": {
              "version_added": "9"
            },
            "opera": {
              "version_added": "≤12.1"
            },
            "opera_android": {
              "version_added": "≤12.1"
            },
            "safari": {
              "version_added": "3"
            },
            "safari_ios": {
              "version_added": "1"
            },
            "samsunginternet_android": {
              "version_added": "1.0"
            },
            "webview_android": {
              "version_added": "1"
            }
          },
          "status": {
            "experimental": false,
            "standard_track": true,
            "deprecated": false
          }
        }
      },
      "lookupPrefix": {
        "__compat": {
          "mdn_url": "https://developer.mozilla.org/docs/Web/API/Node/lookupPrefix",
          "support": {
            "chrome": {
              "version_added": "1"
            },
            "chrome_android": {
              "version_added": "18"
            },
            "edge": {
              "version_added": "12"
            },
            "firefox": {
              "version_added": "1"
            },
            "firefox_android": {
              "version_added": "4"
            },
            "ie": {
              "version_added": "9"
            },
            "opera": {
              "version_added": "≤12.1"
            },
            "opera_android": {
              "version_added": "≤12.1"
            },
            "safari": {
              "version_added": "3"
            },
            "safari_ios": {
              "version_added": "1"
            },
            "samsunginternet_android": {
              "version_added": "1.0"
            },
            "webview_android": {
              "version_added": "1"
            }
          },
          "status": {
            "experimental": false,
            "standard_track": true,
            "deprecated": false
          }
        }
      },
      "namespaceURI": {
        "__compat": {
          "mdn_url": "https://developer.mozilla.org/docs/Web/API/Node/namespaceURI",
          "support": {
            "chrome": {
              "version_added": "1",
              "version_removed": "46",
              "notes": "This API was moved to the <code>Element</code> and <code>Attr</code> APIs according to the DOM4 standard."
            },
            "chrome_android": {
              "version_added": "18",
              "version_removed": "46",
              "notes": "This API was moved to the <code>Element</code> and <code>Attr</code> APIs according to the DOM4 standard."
            },
            "edge": {
              "version_added": "12",
              "version_removed": "79",
              "notes": "This API was moved to the <code>Element</code> and <code>Attr</code> APIs according to the DOM4 standard."
            },
            "firefox": {
              "version_added": "1",
              "version_removed": "48",
              "notes": "This API was moved to the <code>Element</code> and <code>Attr</code> APIs according to the DOM4 standard."
            },
            "firefox_android": {
              "version_added": "45"
            },
            "ie": {
              "version_added": "9"
            },
            "opera": {
              "version_added": "≤12.1",
              "version_removed": "33"
            },
            "opera_android": {
              "version_added": "≤12.1",
              "version_removed": "33"
            },
            "safari": {
              "version_added": "1",
              "version_removed": "10.1"
            },
            "safari_ios": {
              "version_added": "1",
              "version_removed": "10.3"
            },
            "samsunginternet_android": {
              "version_added": "1.0",
              "version_removed": "5.0",
              "notes": "This API was moved to the <code>Element</code> and <code>Attr</code> APIs according to the DOM4 standard."
            },
            "webview_android": {
              "version_added": "1",
              "version_removed": "46",
              "notes": "This API was moved to the <code>Element</code> and <code>Attr</code> APIs according to the DOM4 standard."
            }
          },
          "status": {
            "experimental": false,
            "standard_track": false,
            "deprecated": true
          }
        }
      },
      "nextSibling": {
        "__compat": {
          "mdn_url": "https://developer.mozilla.org/docs/Web/API/Node/nextSibling",
          "support": {
            "chrome": {
              "version_added": "1"
            },
            "chrome_android": {
              "version_added": "18"
            },
            "edge": {
              "version_added": "12"
            },
            "firefox": {
              "version_added": "1"
            },
            "firefox_android": {
              "version_added": "4"
            },
            "ie": {
              "version_added": "5.5"
            },
            "opera": {
              "version_added": "7"
            },
            "opera_android": {
              "version_added": "10.1"
            },
            "safari": {
              "version_added": "1.1"
            },
            "safari_ios": {
              "version_added": "1"
            },
            "samsunginternet_android": {
              "version_added": "1.0"
            },
            "webview_android": {
              "version_added": "1"
            }
          },
          "status": {
            "experimental": false,
            "standard_track": true,
            "deprecated": false
          }
        }
      },
      "nodeName": {
        "__compat": {
          "mdn_url": "https://developer.mozilla.org/docs/Web/API/Node/nodeName",
          "support": {
            "chrome": {
              "version_added": "1"
            },
            "chrome_android": {
              "version_added": "18"
            },
            "edge": {
              "version_added": "12"
            },
            "firefox": {
              "version_added": "1"
            },
            "firefox_android": {
              "version_added": "4"
            },
            "ie": {
              "version_added": "6"
            },
            "opera": {
              "version_added": "≤12.1"
            },
            "opera_android": {
              "version_added": "≤12.1"
            },
            "safari": {
              "version_added": "7"
            },
            "safari_ios": {
              "version_added": "7"
            },
            "samsunginternet_android": {
              "version_added": "1.0"
            },
            "webview_android": {
              "version_added": "1"
            }
          },
          "status": {
            "experimental": false,
            "standard_track": true,
            "deprecated": false
          }
        }
      },
      "nodeType": {
        "__compat": {
          "mdn_url": "https://developer.mozilla.org/docs/Web/API/Node/nodeType",
          "support": {
            "chrome": {
              "version_added": "1"
            },
            "chrome_android": {
              "version_added": "18"
            },
            "edge": {
              "version_added": "12"
            },
            "firefox": {
              "version_added": "1"
            },
            "firefox_android": {
              "version_added": "4"
            },
            "ie": {
              "version_added": "6"
            },
            "opera": {
              "version_added": "7"
            },
            "opera_android": {
              "version_added": "10.1"
            },
            "safari": {
              "version_added": "1.1"
            },
            "safari_ios": {
              "version_added": "1"
            },
            "samsunginternet_android": {
              "version_added": "1.0"
            },
            "webview_android": {
              "version_added": "1"
            }
          },
          "status": {
            "experimental": false,
            "standard_track": true,
            "deprecated": false
          }
        }
      },
      "nodeValue": {
        "__compat": {
          "mdn_url": "https://developer.mozilla.org/docs/Web/API/Node/nodeValue",
          "support": {
            "chrome": {
              "version_added": "1"
            },
            "chrome_android": {
              "version_added": "18"
            },
            "edge": {
              "version_added": "12"
            },
            "firefox": {
              "version_added": "1"
            },
            "firefox_android": {
              "version_added": "4"
            },
            "ie": {
              "version_added": "6"
            },
            "opera": {
              "version_added": "≤12.1"
            },
            "opera_android": {
              "version_added": "≤12.1"
            },
            "safari": {
              "version_added": "7"
            },
            "safari_ios": {
              "version_added": "7"
            },
            "samsunginternet_android": {
              "version_added": "1.0"
            },
            "webview_android": {
              "version_added": "1"
            }
          },
          "status": {
            "experimental": false,
            "standard_track": true,
            "deprecated": false
          }
        }
      },
      "normalize": {
        "__compat": {
          "mdn_url": "https://developer.mozilla.org/docs/Web/API/Node/normalize",
          "support": {
            "chrome": {
              "version_added": "1"
            },
            "chrome_android": {
              "version_added": "18"
            },
            "edge": {
              "version_added": "12"
            },
            "firefox": {
              "version_added": "1"
            },
            "firefox_android": {
              "version_added": "4"
            },
            "ie": {
              "version_added": "9"
            },
            "opera": {
              "version_added": "≤12.1"
            },
            "opera_android": {
              "version_added": "≤12.1"
            },
            "safari": {
              "version_added": "1"
            },
            "safari_ios": {
              "version_added": "1"
            },
            "samsunginternet_android": {
              "version_added": "1.0"
            },
            "webview_android": {
              "version_added": "1"
            }
          },
          "status": {
            "experimental": false,
            "standard_track": true,
            "deprecated": false
          }
        }
      },
      "ownerDocument": {
        "__compat": {
          "mdn_url": "https://developer.mozilla.org/docs/Web/API/Node/ownerDocument",
          "support": {
            "chrome": {
              "version_added": "1"
            },
            "chrome_android": {
              "version_added": "18"
            },
            "edge": {
              "version_added": "12"
            },
            "firefox": [
              {
                "version_added": "9"
              },
              {
                "version_added": "1",
                "version_removed": "9",
                "notes": "The <code>ownerDocument</code> of doctype nodes (that is, nodes for which <code>Node.nodeType</code> is <code>Node.DOCUMENT_TYPE_NODE</code> or 10) is <code>null</code>."
              }
            ],
            "firefox_android": [
              {
                "version_added": "9"
              },
              {
                "version_added": "4",
                "version_removed": "9",
                "notes": "The <code>ownerDocument</code> of doctype nodes (that is, nodes for which <code>Node.nodeType</code> is <code>Node.DOCUMENT_TYPE_NODE</code> or 10) is <code>null</code>."
              }
            ],
            "ie": {
              "version_added": "6"
            },
            "opera": {
              "version_added": "≤12.1"
            },
            "opera_android": {
              "version_added": "≤12.1"
            },
            "safari": {
              "version_added": "7"
            },
            "safari_ios": {
              "version_added": "7"
            },
            "samsunginternet_android": {
              "version_added": "1.0"
            },
            "webview_android": {
              "version_added": "1"
            }
          },
          "status": {
            "experimental": false,
            "standard_track": true,
            "deprecated": false
          }
        }
      },
      "parentElement": {
        "__compat": {
          "mdn_url": "https://developer.mozilla.org/docs/Web/API/Node/parentElement",
          "support": {
            "chrome": {
              "version_added": "1"
            },
            "chrome_android": {
              "version_added": "18"
            },
            "edge": {
              "version_added": "12"
            },
            "firefox": {
              "version_added": "9"
            },
            "firefox_android": {
              "version_added": "9"
            },
            "ie": {
              "version_added": "9",
              "notes": "Only supported on <code>Element</code>."
            },
            "opera": {
              "version_added": "7",
              "notes": "Before Opera 15, this feature was only supported on <code>Element</code>."
            },
            "opera_android": {
              "version_added": "10.1",
              "notes": "Before Opera Android 14, this feature was only supported on <code>Element</code>."
            },
            "safari": {
              "version_added": "1.1"
            },
            "safari_ios": {
              "version_added": "1"
            },
            "samsunginternet_android": {
              "version_added": "1.0"
            },
            "webview_android": {
              "version_added": "1"
            }
          },
          "status": {
            "experimental": false,
            "standard_track": true,
            "deprecated": false
          }
        }
      },
      "parentNode": {
        "__compat": {
          "mdn_url": "https://developer.mozilla.org/docs/Web/API/Node/parentNode",
          "support": {
            "chrome": {
              "version_added": "1"
            },
            "chrome_android": {
              "version_added": "18"
            },
            "edge": {
              "version_added": "12"
            },
            "firefox": {
              "version_added": "1"
            },
            "firefox_android": {
              "version_added": "4"
            },
            "ie": {
              "version_added": "5.5"
            },
            "opera": {
              "version_added": "7"
            },
            "opera_android": {
              "version_added": "10.1"
            },
            "safari": {
              "version_added": "1.1"
            },
            "safari_ios": {
              "version_added": "1"
            },
            "samsunginternet_android": {
              "version_added": "1.0"
            },
            "webview_android": {
              "version_added": "1"
            }
          },
          "status": {
            "experimental": false,
            "standard_track": true,
            "deprecated": false
          }
        }
      },
      "prefix": {
        "__compat": {
          "mdn_url": "https://developer.mozilla.org/docs/Web/API/Node/prefix",
          "support": {
            "chrome": {
              "version_added": "1",
              "version_removed": "34"
            },
            "chrome_android": {
              "version_added": "18",
              "version_removed": "34"
            },
            "edge": {
              "version_added": "12",
              "version_removed": "79"
            },
            "firefox": [
              {
                "version_added": "1",
                "version_removed": "48",
                "notes": "This API was moved to the <code>Element</code> and <code>Attr</code> APIs according to the DOM4 standard."
              },
              {
                "version_added": "5",
                "notes": "this property was read-write; starting with Firefox 5.0 it is read-only, following the specification."
              }
            ],
            "firefox_android": {
              "version_added": "9"
            },
            "ie": {
              "version_added": true,
              "notes": "Only supported on <code>Element</code>."
            },
            "opera": {
              "version_added": "≤12.1",
              "version_removed": "21"
            },
            "opera_android": {
              "version_added": "≤12.1",
              "version_removed": "21"
            },
            "safari": {
              "version_added": "1",
              "version_removed": "10.1"
            },
            "safari_ios": {
              "version_added": "1",
              "version_removed": "10.3"
            },
            "samsunginternet_android": {
              "version_added": "1.0",
              "version_removed": "2.0"
            },
            "webview_android": {
              "version_added": "1",
              "version_removed": "37"
            }
          },
          "status": {
            "experimental": false,
            "standard_track": false,
            "deprecated": true
          }
        }
      },
      "previousSibling": {
        "__compat": {
          "mdn_url": "https://developer.mozilla.org/docs/Web/API/Node/previousSibling",
          "support": {
            "chrome": {
              "version_added": "1"
            },
            "chrome_android": {
              "version_added": "18"
            },
            "edge": {
              "version_added": "12"
            },
            "firefox": {
              "version_added": "1"
            },
            "firefox_android": {
              "version_added": "4"
            },
            "ie": {
              "version_added": "5.5"
            },
            "opera": {
              "version_added": "≤12.1"
            },
            "opera_android": {
              "version_added": "≤12.1"
            },
            "safari": {
              "version_added": "7"
            },
            "safari_ios": {
              "version_added": "7"
            },
            "samsunginternet_android": {
              "version_added": "1.0"
            },
            "webview_android": {
              "version_added": "1"
            }
          },
          "status": {
            "experimental": false,
            "standard_track": true,
            "deprecated": false
          }
        }
      },
      "removeChild": {
        "__compat": {
          "mdn_url": "https://developer.mozilla.org/docs/Web/API/Node/removeChild",
          "support": {
            "chrome": {
              "version_added": "1"
            },
            "chrome_android": {
              "version_added": "18"
            },
            "edge": {
              "version_added": "12"
            },
            "firefox": {
              "version_added": "1"
            },
            "firefox_android": {
              "version_added": "4"
            },
            "ie": {
              "version_added": "5"
            },
            "opera": {
              "version_added": "7"
            },
            "opera_android": {
              "version_added": "10.1"
            },
            "safari": {
              "version_added": "1.1"
            },
            "safari_ios": {
              "version_added": "1"
            },
            "samsunginternet_android": {
              "version_added": "1.0"
            },
            "webview_android": {
              "version_added": "1"
            }
          },
          "status": {
            "experimental": false,
            "standard_track": true,
            "deprecated": false
          }
        }
      },
      "replaceChild": {
        "__compat": {
          "mdn_url": "https://developer.mozilla.org/docs/Web/API/Node/replaceChild",
          "support": {
            "chrome": {
              "version_added": "1"
            },
            "chrome_android": {
              "version_added": "18"
            },
            "edge": {
              "version_added": "12"
            },
            "firefox": {
              "version_added": "1"
            },
            "firefox_android": {
              "version_added": "4"
            },
            "ie": {
              "version_added": "6"
            },
            "opera": {
              "version_added": "7"
            },
            "opera_android": {
              "version_added": "10.1"
            },
            "safari": {
              "version_added": "1.1"
            },
            "safari_ios": {
              "version_added": "1"
            },
            "samsunginternet_android": {
              "version_added": "1.0"
            },
            "webview_android": {
              "version_added": "1"
            }
          },
          "status": {
            "experimental": false,
            "standard_track": true,
            "deprecated": false
          }
        }
      },
      "setUserData": {
        "__compat": {
          "mdn_url": "https://developer.mozilla.org/docs/Web/API/Node/setUserData",
          "support": {
            "chrome": {
              "version_added": false
            },
            "chrome_android": {
              "version_added": false
            },
            "edge": {
              "version_added": false
            },
            "firefox": {
              "version_added": "1",
              "version_removed": "22"
            },
            "firefox_android": {
              "version_added": "4",
              "version_removed": "22"
            },
            "ie": {
              "version_added": false
            },
            "opera": {
              "version_added": false
            },
            "opera_android": {
              "version_added": false
            },
            "safari": {
              "version_added": false
            },
            "safari_ios": {
              "version_added": false
            },
            "samsunginternet_android": {
              "version_added": false
            },
            "webview_android": {
              "version_added": false
            }
          },
          "status": {
            "experimental": false,
            "standard_track": false,
            "deprecated": true
          }
        }
      },
      "textContent": {
        "__compat": {
          "mdn_url": "https://developer.mozilla.org/docs/Web/API/Node/textContent",
          "support": {
            "chrome": {
              "version_added": "1"
            },
            "chrome_android": {
              "version_added": "18"
            },
            "edge": {
              "version_added": "12"
            },
            "firefox": {
              "version_added": "1"
            },
            "firefox_android": {
              "version_added": "4"
            },
            "ie": {
              "version_added": "9"
            },
            "opera": {
              "version_added": "9"
            },
            "opera_android": {
              "version_added": "10.1"
            },
            "safari": {
              "version_added": "3"
            },
            "safari_ios": {
              "version_added": "1"
            },
            "samsunginternet_android": {
              "version_added": "1.0"
            },
            "webview_android": {
              "version_added": "1"
            }
          },
          "status": {
            "experimental": false,
            "standard_track": true,
            "deprecated": false
          }
        }
      }
    }
  }
}
