{
  "api": {
    "Notation": {
      "__compat": {
        "mdn_url": "https://developer.mozilla.org/docs/Web/API/Notation",
        "support": {
          "chrome": {
            "version_added": null
          },
          "chrome_android": {
            "version_added": null
          },
          "edge": {
            "version_added": null
          },
          "firefox": {
            "version_added": false
          },
          "firefox_android": {
            "version_added": null
          },
          "ie": {
            "version_added": false
          },
          "opera": {
            "version_added": null
          },
          "opera_android": {
            "version_added": null
          },
          "safari": {
            "version_added": "3",
            "version_removed": "9"
          },
          "safari_ios": {
            "version_added": "1",
            "version_removed": "9"
          },
          "samsunginternet_android": {
            "version_added": null
          },
          "webview_android": {
            "version_added": null
          }
        },
        "status": {
          "experimental": false,
          "standard_track": true,
          "deprecated": true
        }
      },
      "publicId": {
        "__compat": {
          "mdn_url": "https://developer.mozilla.org/docs/Web/API/Notation/publicId",
          "support": {
            "chrome": {
              "version_added": null
            },
            "chrome_android": {
              "version_added": null
            },
            "edge": {
              "version_added": null
            },
            "firefox": {
              "version_added": false
            },
            "firefox_android": {
              "version_added": null
            },
            "ie": {
              "version_added": false
            },
            "opera": {
              "version_added": null
            },
            "opera_android": {
              "version_added": null
            },
            "safari": {
              "version_added": "7",
              "version_removed": "9"
            },
            "safari_ios": {
              "version_added": "7",
              "version_removed": "9"
            },
            "samsunginternet_android": {
              "version_added": null
            },
            "webview_android": {
              "version_added": null
            }
          },
          "status": {
            "experimental": false,
            "standard_track": true,
            "deprecated": true
          }
        }
      },
      "systemId": {
        "__compat": {
          "mdn_url": "https://developer.mozilla.org/docs/Web/API/Notation/systemId",
          "support": {
            "chrome": {
              "version_added": null
            },
            "chrome_android": {
              "version_added": null
            },
            "edge": {
              "version_added": null
            },
            "firefox": {
              "version_added": false
            },
            "firefox_android": {
              "version_added": null
            },
            "ie": {
              "version_added": false
            },
            "opera": {
              "version_added": null
            },
            "opera_android": {
              "version_added": null
            },
            "safari": {
              "version_added": "7",
              "version_removed": "9"
            },
            "safari_ios": {
              "version_added": "7",
              "version_removed": "9"
            },
            "samsunginternet_android": {
              "version_added": null
            },
            "webview_android": {
              "version_added": null
            }
          },
          "status": {
            "experimental": false,
            "standard_track": true,
            "deprecated": true
          }
        }
      }
    }
  }
}
