{
  "api": {
    "Notification": {
      "__compat": {
        "mdn_url": "https://developer.mozilla.org/docs/Web/API/Notification",
        "support": {
          "chrome": [
            {
              "version_added": "22",
              "notes": "Before Chrome 22, the support for notification followed an old prefixed version of the specification and used the <code>navigator.webkitNotifications</code> object to instantiate a new notification. Before Chrome 32, <code>Notification.permission</code> was not supported. Before Chrome 42, service worker additions were not supported. Starting in Chrome 49, notifications do not work in incognito mode."
            },
            {
              "prefix": "webkit",
              "version_added": "5"
            }
          ],
          "chrome_android": {
            "version_added": true
          },
          "edge": {
            "version_added": "14"
          },
          "firefox": [
            {
              "version_added": "22"
            },
            {
              "prefix": "moz",
              "version_added": "4"
            }
          ],
          "firefox_android": [
            {
              "version_added": "22"
            },
            {
              "prefix": "webkit",
              "version_added": "4"
            }
          ],
          "ie": {
            "version_added": false
          },
          "opera": {
            "version_added": "25"
          },
          "opera_android": {
            "version_added": true
          },
          "safari": {
            "version_added": "7"
          },
          "safari_ios": {
            "version_added": false
          },
          "samsunginternet_android": {
            "version_added": true
          },
          "webview_android": {
            "version_added": false,
            "notes": "See <a href='https://crbug.com/551446'>bug 551446</a>"
          }
        },
        "status": {
          "experimental": false,
          "standard_track": true,
          "deprecated": false
        }
      },
      "Notification": {
        "__compat": {
          "description": "<code>Notification()</code> constructor",
          "mdn_url": "https://developer.mozilla.org/docs/Web/API/Notification/Notification",
          "support": {
            "chrome": [
              {
                "version_added": "22"
              },
              {
                "version_added": "5",
                "prefix": "webkit"
              }
            ],
            "chrome_android": {
              "version_added": false
            },
            "edge": {
              "version_added": "≤18"
            },
            "firefox": [
              {
                "version_added": "22"
              },
              {
                "version_added": "4",
                "prefix": "moz"
              }
            ],
            "firefox_android": [
              {
                "version_added": "22"
              },
              {
                "version_added": "4",
                "prefix": "moz"
              }
            ],
            "ie": {
              "version_added": false
            },
            "opera": {
              "version_added": "25"
            },
            "opera_android": {
              "version_added": true
            },
            "safari": {
              "version_added": "7"
            },
            "safari_ios": {
              "version_added": false
            },
            "samsunginternet_android": {
              "version_added": true
            },
            "webview_android": {
              "version_added": false
            }
          },
          "status": {
            "experimental": false,
            "standard_track": true,
            "deprecated": false
          }
        }
      },
      "actions": {
        "__compat": {
          "mdn_url": "https://developer.mozilla.org/docs/Web/API/Notification/actions",
          "support": {
            "chrome": {
              "version_added": "53"
            },
            "chrome_android": {
              "version_added": false
            },
            "edge": {
              "version_added": "18"
            },
            "firefox": {
              "version_added": false
            },
            "firefox_android": {
              "version_added": false
            },
            "ie": {
              "version_added": false
            },
            "opera": {
              "version_added": "39"
            },
            "opera_android": {
              "version_added": "41"
            },
            "safari": {
              "version_added": false
            },
            "safari_ios": {
              "version_added": false
            },
            "samsunginternet_android": {
              "version_added": "6.0"
            },
            "webview_android": {
              "version_added": false
            }
          },
          "status": {
            "experimental": false,
            "standard_track": true,
            "deprecated": false
          }
        }
      },
      "badge": {
        "__compat": {
          "mdn_url": "https://developer.mozilla.org/docs/Web/API/Notification/badge",
          "support": {
            "chrome": {
              "version_added": "53"
            },
            "chrome_android": {
              "version_added": false
            },
            "edge": {
              "version_added": "18"
            },
            "firefox": {
              "version_added": false
            },
            "firefox_android": {
              "version_added": false
            },
            "ie": {
              "version_added": false
            },
            "opera": {
              "version_added": "39"
            },
            "opera_android": {
              "version_added": "41"
            },
            "safari": {
              "version_added": false
            },
            "safari_ios": {
              "version_added": false
            },
            "samsunginternet_android": {
              "version_added": "6.0"
            },
            "webview_android": {
              "version_added": false
            }
          },
          "status": {
            "experimental": false,
            "standard_track": true,
            "deprecated": false
          }
        }
      },
      "body": {
        "__compat": {
          "mdn_url": "https://developer.mozilla.org/docs/Web/API/Notification/body",
          "support": {
            "chrome": {
              "version_added": true
            },
            "chrome_android": {
              "version_added": false
            },
            "edge": {
              "version_added": "14"
            },
            "firefox": {
              "version_added": "26"
            },
            "firefox_android": {
              "version_added": "26"
            },
            "ie": {
              "version_added": false
            },
            "opera": {
              "version_added": true
            },
            "opera_android": {
              "version_added": true
            },
            "safari": {
              "version_added": "11"
            },
            "safari_ios": {
              "version_added": false
            },
            "samsunginternet_android": {
              "version_added": true
            },
            "webview_android": {
              "version_added": false
            }
          },
          "status": {
            "experimental": false,
            "standard_track": true,
            "deprecated": false
          }
        }
      },
      "close": {
        "__compat": {
          "mdn_url": "https://developer.mozilla.org/docs/Web/API/Notification/close",
          "support": {
            "chrome": {
              "version_added": true
            },
            "chrome_android": {
              "version_added": false
            },
            "edge": {
              "version_added": "14"
            },
            "firefox": {
              "version_added": true
            },
            "firefox_android": {
              "version_added": true
            },
            "ie": {
              "version_added": false
            },
            "opera": {
              "version_added": true
            },
            "opera_android": {
              "version_added": true
            },
            "safari": {
              "version_added": "7"
            },
            "safari_ios": {
              "version_added": false
            },
            "samsunginternet_android": {
              "version_added": true
            },
            "webview_android": {
              "version_added": false
            }
          },
          "status": {
            "experimental": false,
            "standard_track": true,
            "deprecated": false
          }
        }
      },
      "data": {
        "__compat": {
          "mdn_url": "https://developer.mozilla.org/docs/Web/API/Notification/data",
          "support": {
            "chrome": {
              "version_added": "44"
            },
            "chrome_android": {
              "version_added": "44"
            },
            "edge": {
              "version_added": "16"
            },
            "firefox": {
              "version_added": "34"
            },
            "firefox_android": {
              "version_added": "34"
            },
            "ie": {
              "version_added": false
            },
            "opera": {
              "version_added": "31"
            },
            "opera_android": {
              "version_added": "32"
            },
            "safari": {
              "version_added": false
            },
            "safari_ios": {
              "version_added": false
            },
            "samsunginternet_android": {
              "version_added": true
            },
            "webview_android": {
              "version_added": false
            }
          },
          "status": {
            "experimental": false,
            "standard_track": true,
            "deprecated": false
          }
        }
      },
      "dir": {
        "__compat": {
          "mdn_url": "https://developer.mozilla.org/docs/Web/API/Notification/dir",
          "support": {
            "chrome": {
              "version_added": true
            },
            "chrome_android": {
              "version_added": false
            },
            "edge": {
              "version_added": "14"
            },
            "firefox": {
              "version_added": "26"
            },
            "firefox_android": {
              "version_added": "26"
            },
            "ie": {
              "version_added": false
            },
            "opera": {
              "version_added": true
            },
            "opera_android": {
              "version_added": true
            },
            "safari": {
              "version_added": "7"
            },
            "safari_ios": {
              "version_added": false
            },
            "samsunginternet_android": {
              "version_added": true
            },
            "webview_android": {
              "version_added": false
            }
          },
          "status": {
            "experimental": false,
            "standard_track": true,
            "deprecated": false
          }
        }
      },
      "icon": {
        "__compat": {
          "mdn_url": "https://developer.mozilla.org/docs/Web/API/Notification/icon",
          "support": {
            "chrome": [
              {
                "version_added": "22"
              },
              {
                "prefix": "webkit",
                "version_added": "5"
              }
            ],
            "chrome_android": {
              "version_added": false
            },
            "edge": {
              "version_added": "14"
            },
            "firefox": [
              {
                "version_added": "22"
              },
              {
                "prefix": "moz",
                "version_added": "4"
              }
            ],
            "firefox_android": [
              {
                "version_added": "22"
              },
              {
                "prefix": "moz",
                "version_added": "4"
              }
            ],
            "ie": {
              "version_added": false
            },
            "opera": {
              "version_added": "25"
            },
            "opera_android": {
              "version_added": true
            },
            "safari": {
              "version_added": "11"
            },
            "safari_ios": {
              "version_added": false
            },
            "samsunginternet_android": {
              "version_added": true
            },
            "webview_android": {
              "version_added": false
            }
          },
          "status": {
            "experimental": false,
            "standard_track": true,
            "deprecated": false
          }
        }
      },
      "image": {
        "__compat": {
          "mdn_url": "https://developer.mozilla.org/docs/Web/API/Notification/image",
          "support": {
            "chrome": {
              "version_added": "53"
            },
            "chrome_android": {
              "version_added": false
            },
            "edge": {
              "version_added": "18"
            },
            "firefox": {
              "version_added": false
            },
            "firefox_android": {
              "version_added": false
            },
            "ie": {
              "version_added": false
            },
            "opera": {
              "version_added": "40"
            },
            "opera_android": {
              "version_added": "41"
            },
            "safari": {
              "version_added": false
            },
            "safari_ios": {
              "version_added": false
            },
            "samsunginternet_android": {
              "version_added": "6.0"
            },
            "webview_android": {
              "version_added": false
            }
          },
          "status": {
            "experimental": false,
            "standard_track": true,
            "deprecated": false
          }
        }
      },
      "lang": {
        "__compat": {
          "mdn_url": "https://developer.mozilla.org/docs/Web/API/Notification/lang",
          "support": {
            "chrome": {
              "version_added": true
            },
            "chrome_android": {
              "version_added": false
            },
            "edge": {
              "version_added": "14"
            },
            "firefox": {
              "version_added": "26"
            },
            "firefox_android": {
              "version_added": "26"
            },
            "ie": {
              "version_added": false
            },
            "opera": {
              "version_added": true
            },
            "opera_android": {
              "version_added": true
            },
            "safari": {
              "version_added": "11"
            },
            "safari_ios": {
              "version_added": false
            },
            "samsunginternet_android": {
              "version_added": true
            },
            "webview_android": {
              "version_added": false
            }
          },
          "status": {
            "experimental": false,
            "standard_track": true,
            "deprecated": false
          }
        }
      },
      "maxActions": {
        "__compat": {
          "mdn_url": "https://developer.mozilla.org/docs/Web/API/Notification/maxActions",
          "support": {
            "chrome": {
              "version_added": true
            },
            "chrome_android": {
              "version_added": false
            },
            "edge": {
              "version_added": "18"
            },
            "firefox": {
              "version_added": false
            },
            "firefox_android": {
              "version_added": false
            },
            "ie": {
              "version_added": false
            },
            "opera": {
              "version_added": true
            },
            "opera_android": {
              "version_added": true
            },
            "safari": {
              "version_added": false
            },
            "safari_ios": {
              "version_added": false
            },
            "samsunginternet_android": {
              "version_added": true
            },
            "webview_android": {
              "version_added": false
            }
          },
          "status": {
            "experimental": false,
            "standard_track": true,
            "deprecated": false
          }
        }
      },
      "onclick": {
        "__compat": {
          "mdn_url": "https://developer.mozilla.org/docs/Web/API/Notification/onclick",
          "support": {
            "chrome": {
              "version_added": true
            },
            "chrome_android": {
              "version_added": false
            },
            "edge": {
              "version_added": "14"
            },
            "firefox": {
              "version_added": "22"
            },
            "firefox_android": {
              "version_added": false
            },
            "ie": {
              "version_added": false
            },
            "opera": {
              "version_added": true
            },
            "opera_android": {
              "version_added": true
            },
            "safari": {
              "version_added": "7"
            },
            "safari_ios": {
              "version_added": false
            },
            "samsunginternet_android": {
              "version_added": true
            },
            "webview_android": {
              "version_added": false
            }
          },
          "status": {
            "experimental": false,
            "standard_track": true,
            "deprecated": false
          }
        }
      },
      "onclose": {
        "__compat": {
          "mdn_url": "https://developer.mozilla.org/docs/Web/API/Notification/onclose",
          "support": {
            "chrome": {
              "version_added": true
            },
            "chrome_android": {
              "version_added": false
            },
            "edge": {
              "version_added": "14"
            },
            "firefox": {
              "version_added": true
            },
            "firefox_android": {
              "version_added": true
            },
            "ie": {
              "version_added": false
            },
            "opera": {
              "version_added": true
            },
            "opera_android": {
              "version_added": true
            },
            "safari": {
              "version_added": "7"
            },
            "safari_ios": {
              "version_added": false
            },
            "samsunginternet_android": {
              "version_added": true
            },
            "webview_android": {
              "version_added": false
            }
          },
          "status": {
            "experimental": false,
            "standard_track": true,
            "deprecated": false
          }
        }
      },
      "onerror": {
        "__compat": {
          "mdn_url": "https://developer.mozilla.org/docs/Web/API/Notification/onerror",
          "support": {
            "chrome": {
              "version_added": true
            },
            "chrome_android": {
              "version_added": false
            },
            "edge": {
              "version_added": "14"
            },
            "firefox": {
              "version_added": false
            },
            "firefox_android": {
              "version_added": false
            },
            "ie": {
              "version_added": false
            },
            "opera": {
              "version_added": true
            },
            "opera_android": {
              "version_added": true
            },
            "safari": {
              "version_added": "7"
            },
            "safari_ios": {
              "version_added": false
            },
            "samsunginternet_android": {
              "version_added": true
            },
            "webview_android": {
              "version_added": false
            }
          },
          "status": {
            "experimental": false,
            "standard_track": true,
            "deprecated": false
          }
        }
      },
      "onshow": {
        "__compat": {
          "mdn_url": "https://developer.mozilla.org/docs/Web/API/Notification/onshow",
          "support": {
            "chrome": {
              "version_added": true
            },
            "chrome_android": {
              "version_added": false
            },
            "edge": {
              "version_added": "14"
            },
            "firefox": {
              "version_added": true
            },
            "firefox_android": {
              "version_added": true
            },
            "ie": {
              "version_added": false
            },
            "opera": {
              "version_added": true
            },
            "opera_android": {
              "version_added": true
            },
            "safari": {
              "version_added": "7"
            },
            "safari_ios": {
              "version_added": false
            },
            "samsunginternet_android": {
              "version_added": true
            },
            "webview_android": {
              "version_added": false
            }
          },
          "status": {
            "experimental": false,
            "standard_track": true,
            "deprecated": false
          }
        }
      },
      "permission": {
        "__compat": {
          "mdn_url": "https://developer.mozilla.org/docs/Web/API/Notification/permission",
          "support": {
            "chrome": {
              "version_added": true
            },
            "chrome_android": {
              "version_added": false
            },
            "edge": {
              "version_added": "14"
            },
            "firefox": {
              "version_added": true
            },
            "firefox_android": {
              "version_added": true
            },
            "ie": {
              "version_added": false
            },
            "opera": {
              "version_added": true
            },
            "opera_android": {
              "version_added": true
            },
            "safari": {
              "version_added": "7"
            },
            "safari_ios": {
              "version_added": false
            },
            "samsunginternet_android": {
              "version_added": true
            },
            "webview_android": {
              "version_added": false
            }
          },
          "status": {
            "experimental": false,
            "standard_track": true,
            "deprecated": false
          }
        }
      },
      "renotify": {
        "__compat": {
          "mdn_url": "https://developer.mozilla.org/docs/Web/API/Notification/renotify",
          "support": {
            "chrome": {
              "version_added": "50"
            },
            "chrome_android": {
              "version_added": false
            },
            "edge": {
              "version_added": "79"
            },
            "firefox": {
              "version_added": false
            },
            "firefox_android": {
              "version_added": false
            },
            "ie": {
              "version_added": false
            },
            "opera": {
              "version_added": "37"
            },
            "opera_android": {
              "version_added": "37"
            },
            "safari": {
              "version_added": false
            },
            "safari_ios": {
              "version_added": false
            },
            "samsunginternet_android": {
              "version_added": "5.0"
            },
            "webview_android": {
              "version_added": false
            }
          },
          "status": {
            "experimental": false,
            "standard_track": true,
            "deprecated": false
          }
        }
      },
      "requestPermission": {
        "__compat": {
          "mdn_url": "https://developer.mozilla.org/docs/Web/API/Notification/requestPermission",
          "support": {
            "chrome": {
              "version_added": "46"
            },
            "chrome_android": {
              "version_added": false
            },
            "edge": {
              "version_added": "14"
            },
            "firefox": {
              "version_added": "47",
              "notes": [
                "From Firefox 70 onwards, cannot be called from a cross-origin IFrame.",
                "From Firefox 72 onwards, can only be called in response to a user gesture such as a <code>click</code> event."
              ]
            },
            "firefox_android": {
              "version_added": true
            },
            "ie": {
              "version_added": false
            },
            "opera": {
              "version_added": "40"
            },
            "opera_android": {
              "version_added": "41"
            },
            "safari": {
              "version_added": "7"
            },
            "safari_ios": {
              "version_added": false
            },
            "samsunginternet_android": {
              "version_added": "5.0"
            },
            "webview_android": {
              "version_added": false
            }
          },
          "status": {
            "experimental": false,
            "standard_track": true,
            "deprecated": false
          }
        }
      },
      "requireInteraction": {
        "__compat": {
          "mdn_url": "https://developer.mozilla.org/docs/Web/API/Notification/requireInteraction",
          "support": {
            "chrome": {
              "version_added": true
            },
            "chrome_android": {
              "version_added": false
            },
            "edge": {
              "version_added": "17"
            },
            "firefox": {
              "version_added": false
            },
            "firefox_android": {
              "version_added": false
            },
            "ie": {
              "version_added": false
            },
            "opera": {
              "version_added": true
            },
            "opera_android": {
              "version_added": true
            },
            "safari": {
              "version_added": false
            },
            "safari_ios": {
              "version_added": false
            },
            "samsunginternet_android": {
              "version_added": true
            },
            "webview_android": {
              "version_added": false
            }
          },
          "status": {
            "experimental": false,
            "standard_track": true,
            "deprecated": false
          }
        }
      },
      "secure_context_required": {
        "__compat": {
          "description": "Secure context required",
          "support": {
            "chrome": {
              "version_added": "62"
            },
            "chrome_android": {
              "version_added": false
            },
            "edge": {
              "version_added": "≤79"
            },
            "firefox": {
              "version_added": "67"
            },
            "firefox_android": {
              "version_added": "67"
            },
            "ie": {
              "version_added": false
            },
            "opera": {
              "version_added": "49"
            },
            "opera_android": {
              "version_added": "46"
            },
            "safari": {
              "version_added": null
            },
            "safari_ios": {
              "version_added": false
            },
            "samsunginternet_android": {
              "version_added": "8.0"
            },
            "webview_android": {
              "version_added": false
            }
          },
          "status": {
            "experimental": false,
            "standard_track": true,
            "deprecated": false
          }
        }
      },
      "silent": {
        "__compat": {
          "mdn_url": "https://developer.mozilla.org/docs/Web/API/Notification/silent",
          "support": {
            "chrome": {
              "version_added": "43"
            },
            "chrome_android": {
              "version_added": false
            },
            "edge": {
              "version_added": "17"
            },
            "firefox": {
              "version_added": false
            },
            "firefox_android": {
              "version_added": false
            },
            "ie": {
              "version_added": false
            },
            "opera": {
              "version_added": "30"
            },
            "opera_android": {
              "version_added": "30"
            },
            "safari": {
              "version_added": false
            },
            "safari_ios": {
              "version_added": false
            },
            "samsunginternet_android": {
              "version_added": "4.0"
            },
            "webview_android": {
              "version_added": false
            }
          },
          "status": {
            "experimental": false,
            "standard_track": true,
            "deprecated": false
          }
        }
      },
      "tag": {
        "__compat": {
          "mdn_url": "https://developer.mozilla.org/docs/Web/API/Notification/tag",
          "support": {
            "chrome": {
              "version_added": true
            },
            "chrome_android": {
              "version_added": false
            },
            "edge": {
              "version_added": "14"
            },
            "firefox": {
              "version_added": "26"
            },
            "firefox_android": {
              "version_added": "26"
            },
            "ie": {
              "version_added": false
            },
            "opera": {
              "version_added": true
            },
            "opera_android": {
              "version_added": true
            },
            "safari": {
              "version_added": "7"
            },
            "safari_ios": {
              "version_added": false
            },
            "samsunginternet_android": {
              "version_added": true
            },
            "webview_android": {
              "version_added": false
            }
          },
          "status": {
            "experimental": false,
            "standard_track": true,
            "deprecated": false
          }
        }
      },
      "timestamp": {
        "__compat": {
          "mdn_url": "https://developer.mozilla.org/docs/Web/API/Notification/timestamp",
          "support": {
            "chrome": {
              "version_added": true
            },
            "chrome_android": {
              "version_added": false
            },
            "edge": {
              "version_added": "17"
            },
            "firefox": {
              "version_added": false
            },
            "firefox_android": {
              "version_added": false
            },
            "ie": {
              "version_added": false
            },
            "opera": {
              "version_added": true
            },
            "opera_android": {
              "version_added": true
            },
            "safari": {
              "version_added": false
            },
            "safari_ios": {
              "version_added": false
            },
            "samsunginternet_android": {
              "version_added": true
            },
            "webview_android": {
              "version_added": false
            }
          },
          "status": {
            "experimental": false,
            "standard_track": true,
            "deprecated": false
          }
        }
      },
      "title": {
        "__compat": {
          "mdn_url": "https://developer.mozilla.org/docs/Web/API/Notification/title",
          "support": {
            "chrome": {
              "version_added": true
            },
            "chrome_android": {
              "version_added": false
            },
            "edge": {
              "version_added": "14"
            },
            "firefox": {
              "version_added": "26"
            },
            "firefox_android": {
              "version_added": "26"
            },
            "ie": {
              "version_added": false
            },
            "opera": {
              "version_added": true
            },
            "opera_android": {
              "version_added": true
            },
            "safari": {
              "version_added": "11"
            },
            "safari_ios": {
              "version_added": false
            },
            "samsunginternet_android": {
              "version_added": true
            },
            "webview_android": {
              "version_added": false
            }
          },
          "status": {
            "experimental": false,
            "standard_track": true,
            "deprecated": false
          }
        }
      },
      "vibrate": {
        "__compat": {
          "mdn_url": "https://developer.mozilla.org/docs/Web/API/Notification/vibrate",
          "support": {
            "chrome": {
              "version_added": false
            },
            "chrome_android": {
              "version_added": false,
              "notes": "<a href='https://crbug.com/971422'>Does not work</a> on Android O or later regardless of Chrome version."
            },
            "edge": {
              "version_added": false
            },
            "firefox": {
              "version_added": false
            },
            "firefox_android": {
              "version_added": false
            },
            "ie": {
              "version_added": false
            },
            "opera": {
              "version_added": false
            },
            "opera_android": {
              "version_added": "41",
              "notes": "<a href='https://crbug.com/971422'>Does not work</a> on Android O or later regardless of Chrome version."
            },
            "safari": {
              "version_added": false
            },
            "safari_ios": {
              "version_added": false
            },
            "samsunginternet_android": {
              "version_added": "6.0",
              "notes": "<a href='https://crbug.com/971422'>Does not work</a> on Android O or later regardless of Chrome version."
            },
            "webview_android": {
              "version_added": false
            }
          },
          "status": {
            "experimental": false,
            "standard_track": true,
            "deprecated": false
          }
        }
      },
      "worker_support": {
        "__compat": {
          "description": "Available in workers",
          "support": {
            "chrome": {
              "version_added": "45"
            },
            "chrome_android": {
              "version_added": false
            },
            "edge": {
              "version_added": "≤18"
            },
            "firefox": {
              "version_added": "41"
            },
            "firefox_android": {
              "version_added": "41"
            },
            "ie": {
              "version_added": false
            },
            "opera": {
              "version_added": "32"
            },
            "opera_android": {
              "version_added": "32"
            },
            "safari": {
              "version_added": null
            },
            "safari_ios": {
              "version_added": false
            },
            "samsunginternet_android": {
              "version_added": "5.0"
            },
            "webview_android": {
              "version_added": false
            }
          },
          "status": {
            "experimental": false,
            "standard_track": true,
            "deprecated": false
          }
        }
      }
    }
  }
}
