{
  "api": {
    "OES_standard_derivatives": {
      "__compat": {
        "mdn_url": "https://developer.mozilla.org/docs/Web/API/OES_standard_derivatives",
        "support": {
          "chrome": {
            "version_added": "10"
          },
          "chrome_android": {
            "version_added": "18"
          },
          "edge": {
            "version_added": "≤18"
          },
          "firefox": {
            "version_added": "10"
          },
          "firefox_android": {
            "version_added": null
          },
          "ie": {
            "version_added": "11"
          },
          "opera": {
            "version_added": "15"
          },
          "opera_android": {
            "version_added": false
          },
          "safari": {
            "version_added": "8"
          },
          "safari_ios": {
            "version_added": "8"
          },
          "samsunginternet_android": {
            "version_added": "1.0"
          },
          "webview_android": {
            "version_added": "≤37"
          }
        },
        "status": {
          "experimental": false,
          "standard_track": true,
          "deprecated": false
        }
      }
    }
  }
}
